case,legacy_case,TimeStep,simtime,s1,s2,s3,p1,p2,p3,Px,Py,Pz,Px_mean,Py_mean,Pz_mean,Px_min,Px_max,Px_std,Px_var,Py_min,Py_max,Py_std,Py_var,Pz_min,Pz_max,Pz_std,Pz_var,absPx_mean,absPy_mean,absPz_mean,absP_mean,qdiff_absmax,Time_1,strain_y,stress_y,M2y,M2y_sqrt,m_y,progress_M2y,absPy_mean_norm,Py_mean_norm,stress_smooth,delta_sigma_serr,S_rms,H_M2_sections,is_loading,pred_M1_linear_sep,resid_pred_M1_linear_sep,pred_M1_quadratic_sep,resid_pred_M1_quadratic_sep,pred_M2_common,resid_pred_M2_common,pred_M3_structure,resid_pred_M3_structure,pred_M4_common_Ae,resid_pred_M4_common_Ae,pred_M5_common_AM,resid_pred_M5_common_AM,pred_M6_cross_from_Ref,resid_pred_M6_cross_from_Ref
90DW,twin,10000,0.3775,0.000418265,-0.00015098,-0.000383931,0.010068906,-0.057529074,0.003446993,-1.321435329,27.23995992,0.008280904,-0.147,0.14,0.000651,-0.18,-0.107,0.00956,9.14e-05,0.103,0.175,0.0108,0.000117,-0.184,0.184,0.157,0.0246,0.147,0.14,0.156,0.257,0.0,10000.0,0.00015098,0.057529074,0.019717000000000002,0.14041723540933285,1.0,0.0,1.0,1.0,0.049979446272727275,0.007549627727272724,0.01911001845609875,0.014130011875681869,True,0.00961535710413222,0.04791371689586778,0.0021366267888156027,0.055392447211184394,0.0343433855680544,0.0231856884319456,0.028844072439150936,0.028685001560849063,0.029710620719465154,0.027818453280534845,0.02912143228936191,0.02840764171063809,0.032076693989775806,0.025452380010224193
90DW,twin,20000,0.8775,0.000885437,-0.00035098,-0.000603081,0.011956999,-0.008299423,0.005222075,-1.649073677,26.92673545,-0.047996737,-0.15,0.136,-0.000431,-0.177,-0.117,0.0094,8.83e-05,0.0974,0.172,0.0114,0.000129,-0.188,0.199,0.16,0.0255,0.15,0.136,0.159,0.258,0.0,20000.0,0.00035098,0.008299423,0.018625000000000003,0.13647344063956182,0.9446163209413198,0.055383679058680246,0.9714285714285714,0.9714285714285714,0.048983057818181824,-0.040683634818181824,0.01949719618950071,0.016503683695301335,True,0.022352616481708346,-0.014053193481708345,0.005200540958627721,0.0030988820413722796,-0.06376883642670451,0.07206825942670451,-0.04873013377848838,0.05702955677848838,-0.051866487997859215,0.060165910997859215,-0.04975544933500128,0.05805487233500128,-0.04836404455128056,0.05666346755128056
90DW,twin,30000,1.3775,0.001020701,-0.00055098,-0.000632388,0.011223312,-0.025326232,0.003541137,-1.69330767,26.83702334,0.03365394,-0.147,0.139,-0.000794,-0.176,-0.116,0.00926,8.57e-05,0.0999,0.175,0.0108,0.000116,-0.188,0.186,0.158,0.025,0.147,0.139,0.158,0.257,0.0,30000.0,0.00055098,0.025326232,0.019437000000000006,0.13941664176130483,0.9857990566516207,0.014200943348379291,0.9928571428571429,0.9928571428571429,0.049953220090909085,-0.024626988090909085,0.019420511549773027,0.009239478248035444,True,0.035089875859284476,-0.009763643859284476,0.008530646971946136,0.016795585028053867,0.08850919645111528,-0.06318296445111528,0.07557429797845892,-0.05024806597845892,0.07741592436697035,-0.05208969236697035,0.07615825551588225,-0.050832023515882244,0.08553828530458187,-0.06021205330458186
90DW,twin,40000,1.8775,0.00061591,-0.00075098,3.9e-05,0.010282164,-0.042682716,0.005821716,-1.454636415,26.82233247,0.023743019,-0.148,0.136,0.00106,-0.182,-0.116,0.00922,8.51e-05,0.0914,0.167,0.0106,0.000112,-0.189,0.199,0.162,0.0264,0.148,0.136,0.162,0.259,0.0,40000.0,0.00075098,0.042682716,0.018608000000000003,0.13641114323983947,0.9437541208094539,0.05624587919054613,0.9714285714285714,0.9714285714285714,0.054799879818181824,-0.012117163818181821,0.021178598589711665,0.00837931121975932,True,0.04782713523686061,-0.005144419236860605,0.012126944828770851,0.03055577117122915,0.024983443485498625,0.017699272514501378,0.025885638918022966,0.016797077081977037,0.024964894454585773,0.01771782154541423,0.025569149229223282,0.01711356677077672,0.03470480883725896,0.007977907162741042
90DW,twin,50000,2.3775,0.000516498,-0.00095098,0.000222542,0.006818378,-0.088024792,0.006528419,-1.338085453,26.85224214,-0.061394853,-0.149,0.139,-0.00123,-0.183,-0.12,0.00937,8.77e-05,0.101,0.171,0.0105,0.00011,-0.187,0.185,0.16,0.0256,0.149,0.139,0.159,0.259,0.0,50000.0,0.00095098,0.088024792,0.019431000000000004,0.13939512186586733,0.9854947507227266,0.014505249277273369,0.9928571428571429,0.9928571428571429,0.05665755590909091,0.03136723609090909,0.021184248898493508,0.023698807051751453,True,0.06056439461443674,0.027460397385563266,0.01598943452910186,0.07203535747089815,0.17870805871814888,-0.09068326671814887,0.15135638633553722,-0.06333159433553721,0.15546550783407012,-0.06744071583407012,0.1526659929725578,-0.06464120097255781,0.16984546524373328,-0.08182067324373328
90DW,twin,60000,2.8775,0.001077937,-0.00115098,-0.000110939,0.008411106,-0.040266302,0.008385804,-1.722303481,26.52452039,0.038761471,-0.154,0.132,0.000428,-0.182,-0.117,0.00881,7.75e-05,0.0941,0.171,0.0106,0.000112,-0.189,0.188,0.159,0.0252,0.154,0.132,0.158,0.258,0.0,60000.0,0.00115098,0.040266302,0.017536000000000003,0.1324235628579748,0.8893847948470863,0.11061520515291368,0.9428571428571428,0.9428571428571428,0.05708188236363637,-0.016815580363636375,0.022688829630211856,0.017626560056894596,True,0.07330165399201287,-0.03303535199201287,0.020118116072939167,0.02014818592706083,-0.02500467517927858,0.06527097717927857,-0.011358863103527088,0.05162516510352708,-0.015040274953091294,0.05530657695309129,-0.012580027800767148,0.052846329800767144,-0.000993111492032045,0.04125941349203204
90DW,twin,70000,3.3775,0.001418448,-0.00135098,-0.000286643,0.009218954,-0.046568801,0.005956323,-1.907070697,26.40906023,0.015262304,-0.153,0.134,0.00112,-0.187,-0.122,0.00888,7.88e-05,0.0948,0.167,0.0108,0.000116,-0.182,0.193,0.155,0.0242,0.153,0.134,0.155,0.256,0.0,70000.0,0.00135098,0.046568801,0.018072000000000005,0.1344321390144485,0.9165694578282702,0.08343054217172985,0.9571428571428571,0.9571428571428571,0.06144909909090909,-0.014880298090909093,0.02259014643879757,0.02376701557326272,True,0.08603891336958899,-0.03947011236958899,0.024512989460282776,0.022055811539717224,0.09097729134096129,-0.04440849034096129,0.08368164844281817,-0.03711284744281817,0.08367636649856872,-0.037107565498568716,0.08364764665769597,-0.03707884565769597,0.10183847945755412,-0.055269678457554115
90DW,twin,80000,3.8775,0.001383943,-0.00155098,-1.48e-05,0.010737956,-0.068200859,0.00570927,-1.860215638,26.39729246,-0.058174351,-0.155,0.132,-0.00132,-0.183,-0.118,0.0092,8.46e-05,0.0965,0.162,0.0103,0.000107,-0.191,0.186,0.16,0.0256,0.155,0.132,0.159,0.259,0.0,80000.0,0.00155098,0.068200859,0.017531,0.13240468269664787,0.889131206573008,0.11086879342699196,0.9428571428571428,0.9428571428571428,0.07311701445454545,-0.004916155454545448,0.020317375908236242,0.007928942698003297,True,0.09877617274716512,-0.030575313747165114,0.029174054691132677,0.039026804308867326,0.06532569457455821,0.0028751644254417924,0.06452925394996674,0.0036716050500332637,0.06312005406079564,0.005080804939204361,0.06403526773704066,0.004165591262959345,0.08342664358808446,-0.015225784588084462
90DW,twin,90000,4.3775,0.001392436,-0.00175098,9.13e-05,0.010815179,-0.110842331,0.003819566,-1.799643866,26.40841095,0.027923702,-0.151,0.134,0.000966,-0.182,-0.119,0.00936,8.76e-05,0.0946,0.167,0.0104,0.000109,-0.189,0.191,0.159,0.0253,0.151,0.134,0.158,0.257,0.0,90000.0,0.00175098,0.110842331,0.018065000000000005,0.1344061010519984,0.9162144342445607,0.08378556575543927,0.9571428571428571,0.9571428571428571,0.08182265936363636,0.02901967163636364,0.018924258059417394,0.009826065355074257,True,0.11151343212474125,-0.0006711011247412524,0.034101311765488876,0.07674101923451113,0.1810446461211928,-0.07020231512119281,0.15935770810348185,-0.048515377103481847,0.16161520441888222,-0.05077287341888222,0.16004782603324016,-0.04920549503324016,0.1860330842557414,-0.07519075325574139
90DW,twin,100000,4.8775,0.001770363,-0.00195098,-7.82e-05,0.011769736,-0.077963511,0.004316205,-2.059638166,26.13841584,-0.002553357,-0.155,0.128,0.00025,-0.189,-0.123,0.00909,8.25e-05,0.0882,0.167,0.0111,0.000122,-0.188,0.188,0.16,0.0256,0.155,0.128,0.16,0.257,0.0,100000.0,0.00195098,0.077963511,0.016506,0.12847567863218315,0.8371456103869757,0.16285438961302434,0.9142857142857143,0.9142857142857143,0.08568554918181817,-0.007722038181818172,0.02192979322118436,0.00899656970528936,True,0.12425069150231738,-0.04628718050231738,0.039294760683351374,0.038668750316648626,0.021518427789513843,0.056445083210486156,0.03226810065993225,0.04569541034006775,0.028319925352100327,0.04964358564789967,0.030941320520252256,0.04702219047974775,0.05301975488413757,0.024943756115862428
90DW,twin,110000,5.3775,0.00208332,-0.00215098,-0.000210886,0.011073356,-0.062196665,0.004166955,-2.258144553,25.94567928,-0.043877178,-0.156,0.13,-0.00147,-0.186,-0.125,0.00917,8.41e-05,0.0838,0.162,0.0114,0.000129,-0.188,0.186,0.159,0.0252,0.156,0.13,0.158,0.258,0.0,110000.0,0.00215098,0.062196665,0.017029000000000002,0.13049521064008443,0.8636709438555562,0.1363290561444438,0.9285714285714285,0.9285714285714285,0.09018082754545455,-0.02798416254545455,0.019788257210636786,0.03134840892476675,True,0.1369879508798935,-0.07479128587989349,0.04475440144472016,0.017442263555279836,0.1357907969813171,-0.0735941319813171,0.12593023915287968,-0.06373357415287968,0.1255968746955314,-0.06340020969553141,0.125770739924,-0.06357407492400001,0.15438786900118184,-0.09219120400118185
90DW,twin,120000,5.8775,0.001886762,-0.00235098,0.000151013,0.010767271,-0.105568458,0.004194784,-2.08770754,25.98200723,0.023046466,-0.155,0.129,0.000997,-0.185,-0.121,0.00885,7.84e-05,0.0889,0.159,0.0107,0.000114,-0.186,0.192,0.161,0.0259,0.155,0.129,0.161,0.258,0.0,120000.0,0.00235098,0.105568458,0.016755,0.12944110629935143,0.8497743064360702,0.15022569356392979,0.9214285714285714,0.9214285714285714,0.10276741063636363,0.002801047363636372,0.02115079374454294,0.008844721885324789,True,0.14972521025746963,-0.04415675225746962,0.050480234049595264,0.05508822395040474,0.14525169919126796,-0.039683241191267954,0.13508750660289282,-0.02951904860289281,0.13460962324984588,-0.029041165249845874,0.13487636866557706,-0.029307910665577058,0.16603359576930504,-0.06046513776930504
90DW,twin,130000,6.3775,0.001835145,-0.00255098,0.000399544,0.012204018,-0.136646492,0.004699256,-2.022598477,25.96677657,-0.014502359,-0.153,0.127,-0.000738,-0.19,-0.124,0.00897,8.04e-05,0.0949,0.162,0.00994,9.89e-05,-0.193,0.192,0.162,0.0263,0.153,0.127,0.162,0.257,0.0,130000.0,0.00255098,0.136646492,0.0162279,0.1273887750156975,0.8230410305827458,0.1769589694172542,0.907142857142857,0.907142857142857,0.112512498,0.024133994000000006,0.02067179800478734,0.01587723089533201,True,0.16246246963504576,-0.025815977635045756,0.05647225849797666,0.08017423350202335,0.12142805649142493,0.015218435508575073,0.11740891099021362,0.019237581009786384,0.11559267391241064,0.021053818087589368,0.11675904707265662,0.019887444927343387,0.14918655435924638,-0.012540062359246373
90DW,twin,140000,6.8775,0.002265686,-0.00275098,0.000132849,0.012018585,-0.121088326,0.003073572,-2.291820669,25.75975481,-0.022171519,-0.156,0.127,-0.000769,-0.183,-0.123,0.00851,7.24e-05,0.0876,0.159,0.0107,0.000115,-0.192,0.189,0.16,0.0257,0.156,0.127,0.16,0.257,0.0,140000.0,0.00275098,0.121088326,0.016244,0.12745195173083856,0.8238575848252777,0.1761424151747223,0.907142857142857,0.907142857142857,0.118821585,0.0022667410000000027,0.021784286431428268,0.0010008617075293923,True,0.1751997290126219,-0.054111403012621906,0.06273047478986435,0.05835785121013565,0.1690392806228762,-0.04795095462287621,0.15732510327028396,-0.03623677727028396,0.15673270558958968,-0.035644379589589686,0.15706727515061522,-0.035978949150615225,0.19349032952124962,-0.07240200352124962
90DW,twin,150000,7.3775,0.002469788,-0.00295098,0.000169124,0.009908072,-0.085174504,0.005602725,-2.450098767,25.46202455,0.020662375,-0.159,0.123,0.000995,-0.193,-0.122,0.00915,8.37e-05,0.0841,0.154,0.0109,0.000119,-0.188,0.188,0.162,0.0263,0.159,0.123,0.162,0.258,0.0,150000.0,0.00295098,0.085174504,0.015248,0.12348279232346505,0.7733428006288988,0.22665719937110118,0.8785714285714284,0.8785714285714284,0.12387200809090909,-0.03869750409090909,0.02004514799102589,0.007628565642791305,True,0.18793698839019804,-0.10276248439019804,0.06925488292525833,0.015919621074741666,0.08355177736118792,0.0016227266388120776,0.08992965190850571,-0.004755147908505716,0.085787169363802,-0.0006126653638020008,0.08851596931491955,-0.0033414653149195506,0.12385680451281056,-0.03868230051281056
90DW,twin,160000,7.8775,0.002291763,-0.00315098,0.000466601,0.008528831,-0.137472854,0.006161044,-2.288379365,25.52229752,-0.014134335,-0.156,0.125,-0.000772,-0.183,-0.12,0.00891,7.93e-05,0.0875,0.164,0.0109,0.000119,-0.189,0.191,0.162,0.0261,0.156,0.125,0.161,0.257,0.0,160000.0,0.00315098,0.137472854,0.015744,0.125475097130865,0.798498757417457,0.20150124258254298,0.8928571428571428,0.8928571428571428,0.1363978099090909,0.0010750440909091108,0.021696167690756385,0.010078365310062898,True,0.20067424776777415,-0.06320139376777414,0.0760454829041586,0.0614273710958414,0.19427344440931482,-0.056800590409314816,0.180729015598242,-0.043256161598242,0.18007398894398818,-0.04260113494398818,0.18044132052810427,-0.042968466528104265,0.22218538982380598,-0.08471253582380597
90DW,twin,170000,8.3775,0.002336744,-0.00335098,0.000602599,0.009844271,-0.178718716,0.006112535,-2.278938376,25.55245967,-0.018270284,-0.157,0.123,-0.000531,-0.188,-0.131,0.00878,7.71e-05,0.0838,0.155,0.0106,0.000113,-0.194,0.19,0.162,0.0264,0.157,0.123,0.162,0.258,0.0,170000.0,0.00335098,0.178718716,0.015242,0.12345849504995596,0.773038494700005,0.22696150529999504,0.8785714285714284,0.8785714285714284,0.14877954063636364,0.029939175363636356,0.020026501716438206,0.016349835818023954,True,0.2134115071453503,-0.03469279114535029,0.08310227472656519,0.09561644127343481,0.173750639628222,0.004968076371778013,0.16571174026558444,0.01300697573441556,0.16383675283090218,0.014881963169097817,0.1650237067715955,0.013695009228404498,0.20816398445196238,-0.02944526845196238
90DW,twin,180000,8.8775,0.002508166,-0.00355098,0.000655225,0.00965763,-0.153764762,0.006296016,-2.405280778,25.31214404,0.014406209,-0.159,0.122,0.000402,-0.185,-0.13,0.00865,7.48e-05,0.0778,0.155,0.0111,0.000123,-0.194,0.19,0.161,0.026,0.159,0.122,0.161,0.258,0.0,180000.0,0.00355098,0.153764762,0.015007,0.12250306118624138,0.7611198458183293,0.23888015418167075,0.8714285714285713,0.8714285714285713,0.15479529354545454,-0.0010305315454545438,0.021705176954650518,0.008033195298575697,True,0.2261487665229264,-0.0723840045229264,0.09042525839247807,0.06333950360752193,0.18834033382348375,-0.03457557182348375,0.1790041268757919,-0.025239364875791898,0.17716857770990416,-0.023403815709904158,0.1783241006773194,-0.02455933867731941,0.2242001417177122,-0.07043537971771219
90DW,twin,190000,9.3775,0.002806263,-0.00375098,0.00052314,0.008899159,-0.137600816,0.005616997,-2.578062868,25.06253624,0.011048172,-0.161,0.12,-0.000789,-0.192,-0.127,0.00912,8.32e-05,0.0745,0.165,0.0109,0.000119,-0.197,0.194,0.161,0.0259,0.161,0.12,0.161,0.257,0.0,190000.0,0.00375098,0.137600816,0.014518999999999999,0.12049481316637659,0.7363696302682963,0.26363036973170373,0.857142857142857,0.857142857142857,0.1609186099090909,-0.023317793909090917,0.02059005684125594,0.018534717067910624,True,0.23888602590050254,-0.10128520990050255,0.09801443390189725,0.03958638209810274,0.16965863385763083,-0.032057817857630844,0.16547125329294765,-0.027870437292947664,0.16248177925183432,-0.024880963251834337,0.16441230005665824,-0.026811484056658258,0.21175478831937555,-0.07415397231937557
90DW,twin,200000,9.8775,0.002959022,-0.00395098,0.000539111,0.01018855,-0.166396985,0.005786456,-2.638420188,25.03190324,-0.018661052,-0.16,0.119,8.8e-05,-0.191,-0.129,0.00893,7.97e-05,0.0767,0.151,0.0104,0.000108,-0.19,0.196,0.162,0.0264,0.16,0.119,0.162,0.257,0.0,200000.0,0.00395098,0.166396985,0.014268999999999999,0.11945291959596466,0.7236902165643859,0.2763097834356141,0.8499999999999999,0.8499999999999999,0.17287173527272728,-0.0064747502727272865,0.022062306543326377,0.0001185409702450556,True,0.25162328527807865,-0.08522630027807865,0.1058698012548227,0.06052718374517729,0.18227571575085,-0.01587873075085,0.17717320945692666,-0.010776224456926664,0.17415242092903346,-0.007755435929033466,0.17609932274540263,-0.009702337745402634,0.22610231847065365,-0.059705333470653654
90DW,twin,210000,10.3775,0.002871647,-0.00415098,0.000801126,0.010634269,-0.215747331,0.004972975,-2.541044781,25.09898122,0.005685336,-0.16,0.121,0.000119,-0.187,-0.127,0.00874,7.64e-05,0.0806,0.154,0.0107,0.000115,-0.188,0.188,0.162,0.0261,0.16,0.121,0.161,0.258,0.0,210000.0,0.00415098,0.215747331,0.014756,0.12147427711248172,0.7483897144596033,0.25161028554039666,0.8642857142857142,0.8642857142857142,0.18715182518181817,0.02859550581818182,0.018854641660824296,0.037749888869136466,True,0.26436054465565484,-0.04861321365565485,0.11399136045125449,0.1017559705487455,0.2918138154177516,-0.0760664844177516,0.2670183148789261,-0.05127098387892609,0.2674425305881381,-0.05169519958813812,0.26705665122840005,-0.05130932022840007,0.3234177275129664,-0.1076703965129664
90DW,twin,220000,10.8775,0.00303823,-0.00435098,0.000857115,0.012050893,-0.198395703,0.003523096,-2.643662047,24.85937863,0.027086555,-0.162,0.117,-0.00042,-0.191,-0.13,0.00881,7.76e-05,0.0609,0.153,0.0117,0.000137,-0.193,0.19,0.163,0.0265,0.162,0.117,0.163,0.258,0.0,220000.0,0.00435098,0.198395703,0.013826000000000001,0.11758401251870937,0.701222295481057,0.29877770451894303,0.8357142857142856,0.8357142857142856,0.1942943352727273,0.004101367727272709,0.020190737823432135,0.008877386068478422,True,0.2770978040332309,-0.07870210103323091,0.12237911149119256,0.07601659150880745,0.21500580628505023,-0.01661010328505022,0.20662075748055284,-0.00822505448055283,0.20380620045028267,-0.005410497450282659,0.20560417874741374,-0.007208475747413734,0.26121416180820234,-0.06281845880820233
90DW,twin,230000,11.3775,0.003426709,-0.00455098,0.000652509,0.011553701,-0.17174174,0.004004249,-2.881641505,24.58087456,-0.023964957,-0.163,0.113,0.000383,-0.192,-0.125,0.009,8.11e-05,0.0714,0.145,0.0112,0.000125,-0.19,0.199,0.163,0.0266,0.163,0.113,0.162,0.257,0.0,230000.0,0.00455098,0.17174174,0.012894000000000001,0.11355175031676086,0.6539534411928792,0.34604655880712076,0.807142857142857,0.807142857142857,0.19964226254545456,-0.027900522545454554,0.01857732163112348,0.008375237382177868,True,0.289835063410807,-0.118093323410807,0.1310330543746369,0.04070868562536312,0.13793478217874292,0.03380695782125709,0.14601114268934914,0.02573059731065086,0.13994837921885322,0.03179336078114678,0.14393659010416346,0.027805149895836545,0.1987854458215086,-0.027043705821508585
90DW,twin,240000,11.8775,0.0034594,-0.00475098,0.000761616,0.010342922,-0.204002972,0.005912778,-2.88620913,24.56126642,-0.009939363,-0.162,0.116,-0.000552,-0.188,-0.131,0.00853,7.28e-05,0.0655,0.156,0.011,0.00012,-0.188,0.192,0.163,0.0264,0.162,0.116,0.162,0.257,0.0,240000.0,0.00475098,0.204002972,0.013576000000000001,0.11651609330903608,0.6885428817771466,0.3114571182228534,0.8285714285714285,0.8285714285714285,0.2119806120909091,-0.007977640090909094,0.01973017225554389,0.01606377738470311,True,0.3025723227883832,-0.09856935078838319,0.13995318910158758,0.06404978289841243,0.2731168417721951,-0.06911386977219508,0.256531843912317,-0.05252887191231698,0.25483387050139256,-0.05083089850139255,0.25586774440789223,-0.05186477240789222,0.31805300735195075,-0.11405003535195074
90DW,twin,250000,12.3775,0.003329061,-0.00495098,0.001083643,0.011037508,-0.252572705,0.005263809,-2.761258238,24.61103567,0.018025836,-0.162,0.115,4.37e-05,-0.188,-0.128,0.00866,7.5e-05,0.0814,0.144,0.00996,9.93e-05,-0.19,0.196,0.164,0.0269,0.162,0.115,0.164,0.258,0.0,250000.0,0.00495098,0.252572705,0.0133243,0.11543093172975778,0.6757772480600497,0.3242227519399503,0.8214285714285714,0.8214285714285714,0.22619312318181822,0.026379581818181785,0.01917231744364586,0.0011876785474488887,True,0.3153095821659593,-0.06273687716595927,0.14913951567204453,0.10343318932795548,0.28551036093784954,-0.03293765593784953,0.2680535512923901,-0.015480846292390105,0.2663162447490542,-0.013743539749054179,0.26737191835871243,-0.014799213358712426,0.3322091597635888,-0.07963645476358877
90DW,twin,260000,12.8775,0.003479605,-0.00515098,0.001153579,0.012274669,-0.242255493,0.003669154,-2.839965386,24.40554144,-0.032387993,-0.163,0.112,0.000688,-0.192,-0.135,0.00838,7.02e-05,0.0582,0.146,0.0109,0.000118,-0.191,0.195,0.165,0.0273,0.163,0.112,0.165,0.258,0.0,260000.0,0.00515098,0.242255493,0.012662000000000001,0.11252555265360842,0.6421869452756505,0.35781305472434954,0.7999999999999999,0.7999999999999999,0.23492266363636363,0.007332829363636356,0.019928839168720857,0.02866902300553616,True,0.3280468415435355,-0.08579134854353548,0.15859203408600783,0.08366345891399216,0.24390690602226445,-0.0016514130222644585,0.23603987592437242,0.006215617075627566,0.23232649748603737,0.009928995513962618,0.2347127441967512,0.007542748803248789,0.30014195929509335,-0.057886466295093364
90DW,twin,270000,13.3775,0.003804056,-0.00535098,0.001023035,0.010225984,-0.216040465,0.005234913,-3.056070948,24.11709306,-0.004102561,-0.164,0.11,-0.000814,-0.189,-0.135,0.00854,7.29e-05,0.0646,0.144,0.0111,0.000123,-0.193,0.194,0.164,0.027,0.164,0.11,0.164,0.257,0.0,270000.0,0.00535098,0.216040465,0.012223,0.11055767725490619,0.6199218948115838,0.3800781051884162,0.7857142857142857,0.7857142857142857,0.24001978772727273,-0.02397932272727274,0.01910278872184918,0.028442944112657395,True,0.34078410092111155,-0.12474363592111157,0.16831074434347734,0.047729720656522645,0.2316690729097494,-0.015628607909749404,0.22770240846587383,-0.011661943465873847,0.22306623082052235,-0.007025765820522362,0.22607128955155542,-0.010030824551555434,0.29321278780403004,-0.07717232280403005
90DW,twin,280000,13.8775,0.003897914,-0.00555098,0.001077984,0.008644732,-0.237545916,0.006254326,-3.106870848,24.02836607,0.02131726,-0.165,0.11,0.000586,-0.192,-0.133,0.00858,7.36e-05,0.0727,0.144,0.0112,0.000126,-0.192,0.191,0.163,0.0267,0.165,0.11,0.163,0.257,0.0,280000.0,0.00555098,0.237545916,0.012225999999999999,0.11057124400132251,0.6200740477760307,0.3799259522239693,0.7857142857142857,0.7857142857142857,0.25197903963636364,-0.014433123636363648,0.020118459474907667,0.02078144802244642,True,0.3535213602986877,-0.1159754442986877,0.1782956464444532,0.0592502695555468,0.27755754896408336,-0.04001163296408336,0.2662296248229045,-0.028683708822904525,0.2627554958347935,-0.025209579834793522,0.26497050676668527,-0.02742459076668527,0.33604182861939447,-0.09849591261939447
90DW,twin,290000,14.3775,0.003824387,-0.00575098,0.001330043,0.010436519,-0.289486607,0.005689034,-3.000138739,24.09648916,-0.048386824,-0.166,0.109,0.000268,-0.195,-0.133,0.00858,7.36e-05,0.0654,0.145,0.0111,0.000124,-0.196,0.194,0.164,0.0269,0.166,0.109,0.164,0.258,0.0,290000.0,0.00575098,0.289486607,0.012005,0.1095673308974897,0.6088654460617741,0.39113455393822594,0.7785714285714285,0.7785714285714285,0.26742186145454544,0.022064745545454567,0.01955153363413125,0.031036339820551134,True,0.36625861967626383,-0.07677201267626382,0.18854674038893535,0.10093986661106466,0.293988347974585,-0.004501740974585,0.2810064131829253,0.00848019381707471,0.27763775836881177,0.011848848631188236,0.2797767138082569,0.00970989319174309,0.35365403785865135,-0.06416743085865134
90DW,twin,300000,14.8775,0.003873482,-0.00595098,0.001506043,0.010991362,-0.293938438,0.004808426,-3.0142242,23.97316492,0.013641276,-0.165,0.108,-0.000584,-0.188,-0.138,0.00804,6.46e-05,0.0689,0.145,0.011,0.00012,-0.193,0.191,0.166,0.0276,0.165,0.108,0.166,0.258,0.0,300000.0,0.00595098,0.293938438,0.011784,0.10855413396089529,0.5976568443475173,0.4023431556524827,0.7714285714285714,0.7714285714285714,0.27647424145454547,0.017464196545454558,0.020374725537376112,0.02106293076806576,True,0.37899587905383997,-0.08505744105383994,0.19906402617692381,0.09487441182307621,0.31041914698508616,-0.016480708985086134,0.29578320154294585,-0.0018447635429458265,0.2925200209028293,0.001418417097170721,0.29458292084982807,-0.000644482849828043,0.3712662470979078,-0.07732780909790776
90DW,twin,310000,15.3775,0.004203987,-0.00615098,0.001372668,0.009110562,-0.26242193,0.005815609,-3.244666275,23.63407313,0.019335852,-0.166,0.106,0.000753,-0.195,-0.138,0.00803,6.45e-05,0.0638,0.139,0.0109,0.00012,-0.191,0.197,0.165,0.0272,0.166,0.106,0.164,0.257,0.0,310000.0,0.00615098,0.26242193,0.011356,0.10656453443805777,0.5759496880864228,0.4240503119135772,0.757142857142857,0.757142857142857,0.28158731572727275,-0.01916538572727272,0.020320875764117993,0.010606545264630427,True,0.3917331384314161,-0.12931120843141608,0.20984750380841857,0.05257442619158145,0.2996278962274027,-0.03720596622740269,0.28861204974501503,-0.026190119745015006,0.2844779552519702,-0.0220560252519702,0.28712460509708426,-0.024702675097084237,0.3655754021574573,-0.1031534721574573
90DW,twin,320000,15.8775,0.004444375,-0.00635098,0.001273521,0.009584099,-0.271815696,0.005793618,-3.371978451,23.47014019,-0.054627268,-0.169,0.105,7e-05,-0.199,-0.14,0.00847,7.18e-05,0.0645,0.14,0.011,0.000121,-0.192,0.194,0.163,0.0266,0.169,0.105,0.163,0.257,0.0,320000.0,0.00635098,0.271815696,0.011145999999999998,0.10557461816175324,0.565298980575138,0.43470101942486195,0.7499999999999999,0.7499999999999999,0.29333405845454547,-0.02151836245454547,0.02118091728996001,0.011837726293748671,True,0.4044703978089922,-0.1326547018089922,0.22089717328341957,0.05091852271658043,0.31750527759273495,-0.04568958159273495,0.30455515376560294,-0.03273945776560294,0.30057841880064323,-0.028762722800643237,0.3031139510311071,-0.031298255031107114,0.38442593794732605,-0.11261024194732605
90DW,twin,330000,16.3775,0.004436462,-0.00655098,0.001467681,0.011770536,-0.329947474,0.003555805,-3.287155047,23.59113906,0.009539613,-0.168,0.105,-0.000938,-0.195,-0.141,0.00826,6.82e-05,0.0658,0.135,0.011,0.000121,-0.188,0.202,0.165,0.0272,0.168,0.105,0.165,0.258,0.0,330000.0,0.00655098,0.329947474,0.011145999999999998,0.10557461816175324,0.565298980575138,0.43470101942486195,0.7499999999999999,0.7499999999999999,0.3086163737272727,0.021331100272727332,0.021050687173748413,0.022956800782544994,True,0.4172076571865683,-0.08726018318656831,0.2322130346019269,0.09773443939807311,0.36299923118666044,-0.033051757186660424,0.34276428403338793,-0.012816810033387915,0.33993544717455365,-0.009987973174553633,0.34169049400284085,-0.011743020002840832,0.426917253339796,-0.096969779339796
90DW,twin,340000,16.8775,0.004366744,-0.00675098,0.001766556,0.011000557,-0.34161278,0.004466533,-3.246966475,23.48615375,0.013442817,-0.166,0.103,0.00124,-0.195,-0.135,0.00846,7.16e-05,0.0527,0.138,0.0117,0.000137,-0.198,0.199,0.168,0.0283,0.166,0.103,0.168,0.258,0.0,340000.0,0.00675098,0.34161278,0.010745999999999999,0.10366291525902596,0.5450119186488815,0.45498808135111846,0.7357142857142857,0.7357142857142857,0.3185682628181818,0.023044517181818214,0.02144629538629855,0.010184865523755027,True,0.42994491656414446,-0.08833213656414446,0.24379508776394057,0.09781769223605943,0.35589019005945616,-0.014277410059456153,0.3385619357350836,0.003050844264916419,0.3349942568337264,0.006618523166273593,0.337243804521792,0.004368975478208026,0.42437851234635926,-0.08276573234635926
90DW,twin,350000,17.3775,0.004709848,-0.00695098,0.001620993,0.010434955,-0.303579152,0.006227636,-3.483083279,23.10139836,-0.045474176,-0.17,0.0996,-0.000762,-0.198,-0.138,0.00808,6.54e-05,0.0508,0.135,0.0119,0.000141,-0.192,0.193,0.166,0.0276,0.17,0.0996,0.166,0.258,0.0,350000.0,0.00695098,0.303579152,0.01006116,0.10030533385618134,0.5102784399249378,0.4897215600750622,0.7114285714285713,0.7114285714285713,0.3241990319090909,-0.020619879909090866,0.021715803616384352,0.03184923629292686,True,0.4426821759417206,-0.13910302394172058,0.2556433327694605,0.04793581923053952,0.3113225563913354,-0.007743404391335362,0.3041583735498667,-0.0005792215498666708,0.298508304946134,0.005070847053866012,0.30216027121111655,0.0014188807888834698,0.38977386820051785,-0.08619471620051783
90DW,twin,360000,17.8775,0.004945834,-0.00715098,0.001534532,0.010079577,-0.308816522,0.005373645,-3.599530169,22.92137413,0.033138414,-0.17,0.0991,0.000262,-0.198,-0.139,0.00846,7.16e-05,0.0535,0.139,0.0115,0.000133,-0.192,0.196,0.165,0.0272,0.17,0.0991,0.165,0.257,0.0,360000.0,0.00715098,0.308816522,0.009953809999999999,0.09976878269278422,0.5048338996804786,0.49516610031952135,0.7078571428571427,0.7078571428571427,0.3347351716363637,-0.0259186496363637,0.021771201866455408,0.02112152660776238,True,0.45541943531929674,-0.14660291331929676,0.2677577696184868,0.041058752381513186,0.3426991812769776,-0.033882659276977645,0.3309853232574775,-0.0221688012574775,0.3259767988724766,-0.01716027687247662,0.32919045417333476,-0.020373932173334774,0.42018024221042016,-0.11136372021042018
90DW,twin,370000,18.3775,0.00482591,-0.00735098,0.001822895,0.010640575,-0.371469663,0.004736631,-3.468098642,23.05242781,-0.013555353,-0.168,0.1,0.000333,-0.2,-0.136,0.00832,6.93e-05,0.0615,0.134,0.011,0.000121,-0.192,0.194,0.167,0.0278,0.168,0.1,0.166,0.258,0.0,370000.0,0.00735098,0.371469663,0.010121000000000002,0.10060318086422516,0.5133133843891059,0.4866866156108941,0.7142857142857143,0.7142857142857143,0.3503415701818182,0.021128092818181787,0.02287811720161463,0.017156982699711262,True,0.4681566946968729,-0.09668703169687287,0.2801383983110193,0.09133126468898073,0.4101798715894678,-0.038710208589467776,0.386921391278924,-0.015451728278923993,0.38384937521368034,-0.012379712213680338,0.3857496327295208,-0.01427996972952078,0.4814929954207905,-0.11002333242079049
90DW,twin,380000,18.8775,0.004839769,-0.00755098,0.002044406,0.010646048,-0.384145933,0.004149953,-3.473660246,22.94372367,-0.026741344,-0.169,0.0984,-0.000221,-0.201,-0.132,0.00861,7.41e-05,0.0598,0.141,0.0114,0.000131,-0.197,0.197,0.169,0.0285,0.169,0.0984,0.168,0.258,0.0,380000.0,0.00755098,0.384145933,0.009813559999999999,0.09906341403363807,0.49772074859258497,0.502279251407415,0.7028571428571428,0.7028571428571428,0.3614631240000001,0.022682808999999915,0.022400950978416153,0.0033627807572060445,True,0.48089395407444896,-0.09674802107444896,0.29278521884705805,0.09136071415294195,0.41524316344073237,-0.03109723044073237,0.3925330591208123,-0.008387126120812327,0.3891587926834429,-0.005012859683442894,0.3912585192380453,-0.007112586238045282,0.48937420947505195,-0.10522827647505195
90DW,twin,390000,19.3775,0.005115332,-0.00775098,0.001991469,0.010587155,-0.347016696,0.006340527,-3.651703605,22.55988017,0.034812302,-0.172,0.0937,-0.000109,-0.197,-0.143,0.00824,6.8e-05,0.0545,0.129,0.012,0.000145,-0.194,0.2,0.167,0.0279,0.172,0.0937,0.166,0.258,0.0,390000.0,0.00775098,0.347016696,0.00892469,0.09447057743022427,0.45263934675660594,0.5473606532433941,0.6692857142857143,0.6692857142857143,0.366847196909091,-0.019830500909090998,0.02312806772089135,0.0163434481025103,True,0.49363121345202515,-0.14661451745202514,0.3056982312266032,0.04131846477339679,0.3438440572402312,0.003172638759768809,0.3364964620059974,0.010520233994002592,0.3300774268849303,0.01693926911506971,0.33422991063401675,0.012786785365983266,0.43180085931816903,-0.08478416331816901
90DW,twin,400000,19.8775,0.00532768,-0.00795098,0.001921679,0.009802647,-0.351425067,0.005593188,-3.76119415,22.36549746,-0.024258931,-0.173,0.0926,2.44e-05,-0.198,-0.138,0.00813,6.6e-05,0.0469,0.141,0.012,0.000143,-0.192,0.195,0.166,0.0276,0.173,0.0926,0.166,0.257,0.0,400000.0,0.00795098,0.351425067,0.008717760000000001,0.09336894558684918,0.44214434244560535,0.5578556575543947,0.6614285714285714,0.6614285714285714,0.3762204485454546,-0.02479538154545463,0.02232069438306132,0.035044998645205896,True,0.5063684728296012,-0.1549434058296012,0.31887743544965463,0.032547631550345346,0.36212516659004823,-0.010700099590048251,0.35276507412458014,-0.001340007124580156,0.34651787926223915,0.004907187737760832,0.3505494598771147,0.000875607122885258,0.45099700079079974,-0.09957193379079976
90DW,twin,410000,20.3775,0.005379285,-0.00815098,0.002029796,0.010861581,-0.409835975,0.004085095,-3.740137402,22.46785417,-0.021123339,-0.171,0.0948,-0.000713,-0.201,-0.14,0.00795,6.31e-05,0.0567,0.131,0.0109,0.00012,-0.193,0.194,0.167,0.028,0.171,0.0948,0.167,0.258,0.0,410000.0,0.00815098,0.409835975,0.00910704,0.09543081263407538,0.46188771111223814,0.5381122888877619,0.677142857142857,0.677142857142857,0.3916288800909091,0.018207094909090893,0.02283423507821279,0.027549666828096137,True,0.5191057322071774,-0.10926975720717735,0.3323228315162124,0.07751314348378763,0.45881235464657777,-0.04897637964657775,0.43224905533288377,-0.02241308033288375,0.42898593408933317,-0.019149959089333146,0.43099621267189697,-0.021160237671896953,0.5373115670580351,-0.12747559205803505
90DW,twin,420000,20.8775,0.005306266,-0.00835098,0.002333282,0.010834,-0.434092314,0.005639532,-3.680175388,22.41676776,0.039767515,-0.172,0.0925,0.00058,-0.2,-0.148,0.00813,6.61e-05,0.056,0.126,0.0113,0.000127,-0.205,0.195,0.169,0.0284,0.172,0.0925,0.168,0.259,0.0,420000.0,0.00835098,0.434092314,0.00868325,0.09318395784683113,0.4403940761779175,0.5596059238220825,0.6607142857142857,0.6607142857142857,0.4039101141818182,0.030182199818181765,0.021617632687885704,0.01816995104892437,True,0.5318429915847535,-0.09775067758475348,0.34603441942627633,0.08805789457372365,0.4485747504083337,-0.014482436408333743,0.4255242843468607,0.008568029653139297,0.4214101071904463,0.012682206809553676,0.4239907164407185,0.010101597559281472,0.532094663461046,-0.09800234946104597
90DW,twin,430000,21.3775,0.005585269,-0.00855098,0.002289186,0.009706212,-0.394152788,0.004626254,-3.855143199,22.00396583,-0.041331599,-0.174,0.0876,-0.000758,-0.201,-0.14,0.00812,6.6e-05,0.0372,0.126,0.0124,0.000154,-0.196,0.193,0.169,0.0284,0.174,0.0876,0.168,0.258,0.0,430000.0,0.00855098,0.394152788,0.00782776,0.08847462913174602,0.3970056296596845,0.6029943703403156,0.6257142857142857,0.6257142857142857,0.40916537809090914,-0.015012590090909161,0.02255182339456427,0.021774019429259713,True,0.5445802509623296,-0.15042746296232967,0.36001219917984667,0.034140588820153306,0.38156536411731073,0.012587423882689242,0.3730269251183859,0.021125862881614055,0.36602542774367847,0.02812736025632151,0.3705523965848743,0.023600391415125654,0.47827907150956683,-0.08412628350956686
90DW,twin,440000,21.8775,0.005878155,-0.00875098,0.002139249,0.011034578,-0.389172276,0.004679534,-4.024905155,21.73202636,0.000560113,-0.174,0.0858,-0.000584,-0.202,-0.146,0.00835,6.98e-05,0.0391,0.118,0.0122,0.000148,-0.199,0.198,0.168,0.0282,0.174,0.0858,0.167,0.257,0.0,440000.0,0.00875098,0.389172276,0.00750964,0.08665817907156831,0.38087132930973266,0.6191286706902673,0.6128571428571428,0.6128571428571428,0.4177934197272728,-0.028621143727272813,0.021535847843969277,0.03268590306912913,True,0.5573175103399057,-0.16814523433990575,0.3742561707769233,0.014916105223076681,0.38522415600952187,0.003948119990478116,0.37750620648256,0.011666069517439981,0.37015208277375816,0.01902019322624182,0.37491256278691015,0.01425971321308983,0.48495798305832527,-0.09578570705832529
90DW,twin,450000,22.3775,0.005983891,-0.00895098,0.002190997,0.012731713,-0.444718548,0.004308554,-4.031335399,21.82738159,0.025306286,-0.175,0.0883,0.000956,-0.203,-0.147,0.00813,6.61e-05,0.0469,0.127,0.0116,0.000135,-0.196,0.198,0.168,0.0284,0.175,0.0883,0.168,0.258,0.0,450000.0,0.00895098,0.444718548,0.00793189,0.08906115876183063,0.40228685905563727,0.5977131409443628,0.6307142857142857,0.6307142857142857,0.43343074636363643,0.01128780163636356,0.02248666139027885,0.04913061586375157,True,0.5700547697174819,-0.12533622171748193,0.3887663342175062,0.055952213782493765,0.48624714590594026,-0.04152859790594027,0.4604859538116736,-0.01576740581167363,0.4562714182784143,-0.011552870278414284,0.4589055055166131,-0.014186957516613086,0.5749841517231689,-0.13026560372316887
90DW,twin,460000,22.8775,0.005813641,-0.00915098,0.002597068,0.010462028,-0.473071899,0.004169939,-3.905085334,21.80252029,-0.044981561,-0.173,0.0872,-0.00114,-0.203,-0.136,0.00836,6.99e-05,0.0471,0.125,0.0112,0.000125,-0.197,0.2,0.171,0.0291,0.173,0.0872,0.17,0.259,0.0,460000.0,0.00915098,0.473071899,0.00772884,0.08791382143895236,0.39198863924532124,0.6080113607546788,0.6228571428571428,0.6228571428571428,0.4469901567272727,0.026081742272727304,0.021269465920852288,0.026398099728350992,True,0.582792029095058,-0.10972013009505799,0.4035426895015954,0.06952920949840463,0.5050385043045521,-0.03196660530455209,0.47716595727234706,-0.004094058272347045,0.4731415633772557,-6.966437725569596e-05,0.4756423801145029,-0.002570481114502865,0.5946170847427426,-0.12154518574274253
90DW,twin,470000,23.3775,0.00595198,-0.00935098,0.002714827,0.010076145,-0.443910097,0.006061046,-4.007527855,21.43285582,0.024160994,-0.175,0.0823,0.000526,-0.198,-0.148,0.00789,6.23e-05,0.0421,0.118,0.0125,0.000155,-0.2,0.197,0.17,0.0288,0.175,0.0823,0.169,0.258,0.0,470000.0,0.00935098,0.443910097,0.006928289999999999,0.08323635023233539,0.3513866206826596,0.6486133793173404,0.5878571428571427,0.5878571428571427,0.4526790002727273,-0.00876890327272728,0.022106214411021965,0.01446670964771844,True,0.5955292884726342,-0.1516191914726342,0.41858523662919095,0.025324860370809055,0.4452541393384763,-0.0013440423384762923,0.4304938146249247,0.013416282375075306,0.4238412442709575,0.02006885272904252,0.4281133012360485,0.015796795763951488,0.546986371035868,-0.103076274035868
90DW,twin,480000,23.8775,0.00637653,-0.00955098,0.00240843,0.010480147,-0.429277566,0.004435431,-4.26104274,21.0648556,0.007571638,-0.178,0.0795,0.000383,-0.213,-0.149,0.00836,6.99e-05,0.0368,0.114,0.0122,0.000149,-0.194,0.195,0.169,0.0286,0.178,0.0795,0.169,0.258,0.0,480000.0,0.00955098,0.429277566,0.00646925,0.08043164800002546,0.3281051884160876,0.6718948115839124,0.5678571428571428,0.5678571428571428,0.4592823315454545,-0.030004765545454504,0.020257022087376862,0.012597240608871688,True,0.6082665478502103,-0.17898898185021028,0.43389397560029275,-0.004616409600292748,0.4303808961904334,-0.0011033301904334047,0.42003153209026545,0.009246033909734552,0.41236163684783467,0.016915929152165332,0.4173163826449689,0.011961183355031102,0.5378011937198712,-0.10852362771987123
90DW,twin,490000,24.3775,0.006474717,-0.00975098,0.002467757,0.01083784,-0.479054391,0.005058479,-4.259097873,21.12833371,-0.03389224,-0.177,0.0806,-0.00114,-0.206,-0.146,0.00802,6.44e-05,0.0321,0.115,0.0119,0.000142,-0.198,0.198,0.169,0.0286,0.177,0.0806,0.169,0.258,0.0,490000.0,0.00975098,0.479054391,0.00663836,0.08147613147419311,0.33668205102196075,0.6633179489780392,0.5757142857142857,0.5757142857142857,0.4743855723636364,0.0046688186363636475,0.0217332771970487,0.012191996218626119,True,0.6210038072277864,-0.14194941622778634,0.4494689064149007,0.029585484585099298,0.49811408087758446,-0.01905968987758444,0.476171175208829,0.002883215791171012,0.4704468446388687,0.008607546361131313,0.4740820727169279,0.004972318283072097,0.5993300912008934,-0.1202757002008934
90DW,twin,500000,24.8775,0.006204404,-0.00995098,0.003001873,0.009998064,-0.519027289,0.006270826,-4.074522523,21.197347,0.040902658,-0.175,0.081,0.000348,-0.205,-0.148,0.00778,6.05e-05,0.0394,0.118,0.0114,0.000131,-0.196,0.2,0.172,0.0294,0.175,0.081,0.171,0.259,0.0,500000.0,0.00995098,0.519027289,0.006692,0.08180464534487024,0.33940254602627173,0.6605974539737283,0.5785714285714285,0.5785714285714285,0.48980952136363637,0.02921776763636358,0.020997434716062097,0.02077962527446208,True,0.6337410666053626,-0.11471377760536261,0.4653100290730152,0.05371725992698473,0.5506620960636137,-0.03163480706361377,0.5200676847523268,-0.0010403957523268392,0.5157442641424258,0.003283024857574146,0.5184280311605799,0.0005992578394200532,0.6478599371547138,-0.12883264815471385
90DW,twin,510000,25.3775,0.006421341,-0.01015098,0.003013589,0.009860369,-0.500578581,0.00450877,-4.210721865,20.8468697,0.000396367,-0.178,0.0768,7.5e-05,-0.206,-0.151,0.0081,6.56e-05,0.0309,0.112,0.013,0.000169,-0.194,0.199,0.171,0.0293,0.178,0.0768,0.171,0.259,0.0,510000.0,0.01015098,0.500578581,0.006067239999999999,0.07789249001026992,0.3077161840036516,0.6922838159963485,0.5485714285714285,0.5485714285714285,0.49519772727272726,0.005380853727272705,0.023278983497011112,0.038303369319145124,True,0.6464783259829386,-0.14589974498293867,0.4814173435746359,0.019161237425364075,0.5139954322026061,-0.013416851202606161,0.4920343266477364,0.00854425435226358,0.48591190470578666,0.01466667629421331,0.4898065873643122,0.01077199363568776,0.6200188074780353,-0.11944022647803532
90DW,twin,520000,25.8775,0.006899743,-0.01035098,0.002664631,0.010878736,-0.472413254,0.005142062,-4.491788571,20.37385345,-0.035015168,-0.18,0.0729,-0.00116,-0.207,-0.152,0.00819,6.71e-05,0.0275,0.114,0.0127,0.000162,-0.198,0.196,0.169,0.0287,0.18,0.0729,0.169,0.258,0.0,520000.0,0.01035098,0.472413254,0.005476410000000001,0.07400277021841818,0.27775067200892634,0.7222493279910737,0.5207142857142857,0.5207142857142857,0.4994454235454546,-0.02703216954545462,0.02377992743084506,0.024343858931877262,True,0.6592155853605147,-0.18680233136051472,0.4977908499197629,-0.025377595919762908,0.48179081736881896,-0.009377563368818953,0.46759852221251474,0.00481473178748526,0.45983714167162554,0.012576112328374467,0.46483458926085186,0.007578664739148144,0.5959973523342916,-0.12358409833429163
90DW,twin,530000,26.3775,0.006942763,-0.01055098,0.002793703,0.00942635,-0.506728958,0.005567273,-4.481856882,20.33929203,0.037222437,-0.179,0.0742,0.000654,-0.211,-0.145,0.00805,6.48e-05,0.0255,0.11,0.0121,0.000147,-0.201,0.197,0.17,0.0289,0.179,0.0742,0.17,0.258,0.0,530000.0,0.01055098,0.506728958,0.0056526400000000004,0.0751840408597463,0.2866886443170868,0.7133113556829132,0.5299999999999999,0.5299999999999999,0.5137467708181819,-0.007017812818181923,0.025628042817076518,0.03682871310279103,True,0.6719528447380909,-0.16522388673809096,0.5144305481083962,-0.007701590108396217,0.5504603353620063,-0.043731377362006385,0.524493089649555,-0.017764131649555037,0.5187108577557825,-0.011981899755782566,0.522366092870471,-0.015637134870471026,0.6583277848189832,-0.1515988268189833
90DW,twin,540000,26.8775,0.006737322,-0.01075098,0.003269502,0.010574513,-0.560288437,0.005843014,-4.323338401,20.50565654,-0.024108719,-0.178,0.0739,-2.46e-05,-0.21,-0.142,0.0082,6.72e-05,0.0231,0.113,0.0128,0.000164,-0.201,0.2,0.173,0.0298,0.178,0.0739,0.172,0.259,0.0,540000.0,0.01075098,0.560288437,0.005625209999999999,0.07500139998693357,0.2852974590454937,0.7147025409545062,0.5278571428571428,0.5278571428571428,0.5301678428181819,0.030120594181818117,0.02572421331938016,0.019553284526452584,True,0.6846901041156671,-0.12440166711566714,0.5313364381405358,0.0289519988594642,0.5923470385929305,-0.0320586015929305,0.5597938527746704,0.0004945842253295529,0.5550301357813299,0.005258301218670103,0.557992317676755,0.002296119323245027,0.6977311640947901,-0.1374427270947901
90DW,twin,550000,27.3775,0.006956816,-0.01095098,0.003232638,0.010954798,-0.558835715,0.003888416,-4.436465048,20.23290315,-0.017263007,-0.18,0.0691,-0.000236,-0.207,-0.154,0.0079,6.24e-05,0.0216,0.11,0.0132,0.000173,-0.2,0.199,0.173,0.0301,0.18,0.0691,0.173,0.26,0.0,550000.0,0.01095098,0.558835715,0.0049478099999999995,0.0703406710232423,0.25094131967337824,0.7490586803266217,0.4935714285714285,0.4935714285714285,0.5370803463636364,0.021755368636363515,0.0266930017167478,0.022291683396200603,True,0.6974273634932432,-0.13859164849324324,0.5485085200161818,0.010327194983818178,0.5487578206266225,0.010077894373377472,0.5261791440907828,0.03265657090921714,0.5193681307618313,0.03946758423816865,0.5237090164897014,0.03512669851029859,0.6639640789977264,-0.1051283639977264
90DW,twin,560000,27.8775,0.007347797,-0.01115098,0.003022739,0.009565784,-0.503988813,0.004873524,-4.692648741,19.5188466,0.038632806,-0.18,0.0648,0.00117,-0.202,-0.152,0.00774,5.99e-05,0.00361,0.107,0.0134,0.000179,-0.197,0.202,0.171,0.0292,0.18,0.0648,0.17,0.257,0.0,560000.0,0.01115098,0.503988813,0.00437804,0.06616675902596408,0.22204392148907032,0.7779560785109296,0.4628571428571428,0.4628571428571428,0.5391828658181819,-0.03519405281818189,0.027977418102319747,0.07150121696281045,True,0.7101646228708193,-0.2061758098708193,0.5659467937353339,-0.06195798073533387,0.5193227534649023,-0.01533394046490233,0.5039763040020656,1.2508997934368438e-05,0.4956256689430012,0.008363144056998784,0.5010021915748799,0.002986621425120073,0.6423134563227006,-0.13832464332270067
90DW,twin,570000,28.3775,0.007424029,-0.01135098,0.003156283,0.010344609,-0.519796558,0.006490107,-4.726547711,19.31684287,-0.019277772,-0.182,0.064,-0.000621,-0.209,-0.159,0.00779,6.08e-05,0.0106,0.101,0.0143,0.000206,-0.198,0.198,0.171,0.0292,0.182,0.064,0.17,0.258,0.0,570000.0,0.01135098,0.519796558,0.004301999999999999,0.06558963332722634,0.21818735101688894,0.7818126489831111,0.45714285714285713,0.45714285714285713,0.5504489627272727,-0.03065240472727271,0.02908568890429906,0.045095688151893375,True,0.7229018822483955,-0.20310532424839545,0.5836512592979923,-0.06385470129799231,0.5548168777623409,-0.03502031976234088,0.5341230121944367,-0.014326454194436677,0.5265616059392398,-0.006765047939239821,0.5314000180573394,-0.011603460057339365,0.6762445579962097,-0.15644799999620973
90DW,twin,580000,28.8775,0.007310961,-0.01155098,0.003461752,0.01148932,-0.601224917,0.003954222,-4.580760026,19.72931021,0.013976154,-0.181,0.0662,-0.000179,-0.206,-0.156,0.00799,6.38e-05,0.0207,0.104,0.0131,0.00017,-0.202,0.203,0.175,0.0305,0.181,0.0662,0.174,0.26,0.0,580000.0,0.01155098,0.601224917,0.00455244,0.0674717718753554,0.23088908048891815,0.7691109195110819,0.47285714285714275,0.47285714285714275,0.5683414622727273,0.03288345472727272,0.032473284319649014,0.021711679649515373,True,0.7356391416259715,-0.13441422462597152,0.6016219167041572,-0.000396999704157186,0.6332455663511662,-0.03202064935116622,0.5988859691924506,0.0023389478075493964,0.593653749050448,0.007571167949552038,0.5969134068677608,0.0043115101322391824,0.7469291916918968,-0.14570427469189673
90DW,twin,590000,29.3775,0.007341862,-0.01175098,0.003651901,0.009891235,-0.609909358,0.005449008,-4.591194533,19.52052514,0.023182687,-0.18,0.0647,0.000263,-0.205,-0.154,0.00759,5.76e-05,0.00883,0.1,0.0126,0.000159,-0.206,0.202,0.173,0.0301,0.18,0.0647,0.173,0.259,0.0,590000.0,0.01175098,0.609909358,0.004345089999999999,0.0659172966678701,0.2203727747628949,0.779627225237105,0.4621428571428571,0.4621428571428571,0.5790125903636364,0.03089676763636362,0.03241472052719625,0.07101315203126582,True,0.7483764010035476,-0.13846704300354762,0.6198587659538282,-0.009949407953828149,0.6514714425565259,-0.04156208455652588,0.615110049258539,-0.0052006912585389475,0.6100476882981065,-0.00013833029810650377,0.6131877817167831,-0.0032784237167831076,0.7660780516053223,-0.15616869360532226
90DW,twin,600000,29.8775,0.007728155,-0.01195098,0.003457121,0.009534465,-0.55509193,0.006282215,-4.852689592,18.69975727,-0.040577619,-0.184,0.0549,-0.00118,-0.212,-0.157,0.00807,6.51e-05,-0.00449,0.0981,0.0149,0.000221,-0.198,0.2,0.172,0.0294,0.184,0.0549,0.171,0.258,0.0,600000.0,0.01195098,0.55509193,0.0032350099999999995,0.05687714831107481,0.1640721205051478,0.8359278794948521,0.39214285714285707,0.39214285714285707,0.5791832345454545,-0.024091304545454495,0.03618942258105094,0.11581941957081157,True,0.7611136603811238,-0.2060217303811238,0.6383618070470055,-0.0832698770470055,0.5509815652003719,0.004110364799628119,0.5356188442097122,0.019473085790287836,0.5264683000948758,0.028623629905124237,0.5323662499855543,0.022725680014445748,0.6836019545156229,-0.12851002451562288
90DW,twin,610000,30.3775,0.008045291,-0.01215098,0.003344053,0.011697406,-0.542155003,0.004402534,-5.016120211,18.19165878,0.013261071,-0.186,0.0497,0.000912,-0.212,-0.159,0.0079,6.24e-05,-0.0164,0.093,0.0168,0.000284,-0.198,0.197,0.173,0.0299,0.186,0.0498,0.172,0.259,0.0,610000.0,0.01215098,0.542155003,0.0027540900000000003,0.05247942453952787,0.13968098595120962,0.8603190140487904,0.35571428571428565,0.355,0.5824798509090909,-0.040324847909090966,0.03778878336489542,0.11006270060300385,True,0.7738509197587,-0.23169591675870005,0.6571310399836893,-0.1149760369836893,0.5332309382410831,0.008924064758916828,0.5228366537974879,0.019318349202512075,0.5125655801080566,0.02958942289194333,0.5192159605793075,0.022939042420692446,0.6719536331153169,-0.1297986301153169
90DW,twin,620000,30.8775,0.007838789,-0.01235098,0.003727224,0.010307257,-0.624505647,0.004577496,-4.834156099,18.67990937,0.007955029,-0.182,0.0584,9.47e-06,-0.209,-0.152,0.00788,6.21e-05,-0.0012,0.0968,0.0137,0.000186,-0.199,0.201,0.175,0.0306,0.182,0.0584,0.174,0.26,0.0,620000.0,0.01235098,0.624505647,0.00359656,0.059971326481911336,0.18240908860374294,0.8175909113962571,0.4171428571428571,0.4171428571428571,0.5975870899090909,0.026918557090909068,0.036547371625917605,0.050283599424687485,True,0.786588179136276,-0.162082532136276,0.6761664647638791,-0.0516608177638791,0.6895160042417842,-0.06501035724178417,0.6503717799342064,-0.025866132934206365,0.645222409283481,-0.02071676228348096,0.6484069601622808,-0.023901313162280835,0.8092861275163752,-0.1847804805163752
90DW,twin,630000,31.3775,0.00781403,-0.01255098,0.003993426,0.010483969,-0.669230749,0.006974201,-4.787965404,18.78080822,-0.015183125,-0.183,0.0554,-0.00067,-0.21,-0.15,0.00825,6.8e-05,-0.00699,0.103,0.015,0.000225,-0.205,0.203,0.174,0.0303,0.183,0.0554,0.174,0.259,0.0,630000.0,0.01255098,0.669230749,0.0032941599999999995,0.05739477328119695,0.16707206978749298,0.832927930212507,0.3957142857142857,0.3957142857142857,0.6142339850909092,0.05499676390909081,0.036858856438445026,0.12434306483430783,True,0.7993254385138522,-0.13009468951385217,0.6954680813875754,-0.02623733238757542,0.6952420938265356,-0.026011344826535554,0.6565178324060279,0.012712916593972112,0.6510899843090495,0.018140764690950495,0.6544579393997111,0.014772809600288928,0.8177347202810996,-0.1485039712810996
90DW,twin,640000,31.8775,0.008255251,-0.01275098,0.003705177,0.010560999,-0.624111367,0.004187201,-5.05951744,17.90699839,0.025939588,-0.187,0.0458,0.000832,-0.214,-0.159,0.00831,6.91e-05,-0.0175,0.0868,0.0169,0.000284,-0.203,0.204,0.174,0.0303,0.187,0.0459,0.174,0.26,0.0,640000.0,0.01275098,0.624111367,0.00238164,0.0488020491373057,0.120791195415124,0.879208804584876,0.32785714285714285,0.3271428571428571,0.6213821303636364,0.0027292366363635967,0.03550057017613939,0.08721703077190965,True,0.8120626978914284,-0.18795133089142835,0.715035889854778,-0.09092452285477792,0.6207328355631476,0.0033785314368524055,0.5979736566209928,0.02613771037900725,0.589389486329028,0.03472188067097204,0.5948855821769117,0.029225784823088352,0.7574989680403994,-0.13338760104039937
90DW,twin,650000,32.3775,0.008534247,-0.01295098,0.003680115,0.011365788,-0.562165523,0.005125792,-5.241955257,16.71115393,-0.009879258,-0.186,0.033,-0.000999,-0.217,-0.159,0.00781,6.1e-05,-0.0443,0.0853,0.0185,0.000344,-0.199,0.2,0.175,0.0306,0.186,0.0338,0.174,0.258,0.0,650000.0,0.01295098,0.562165523,0.0014330000000000002,0.037854986461495405,0.07267839935081402,0.927321600649186,0.24142857142857138,0.2357142857142857,0.6234502061818182,-0.061284683181818234,0.03953151108566617,0.1771734456902386,True,0.8247999572690046,-0.26263443426900457,0.734869890165487,-0.17270436716548698,0.5414735268764413,0.020691996123558654,0.5355997243214401,0.026565798678559904,0.5236888591990656,0.038476663800934396,0.5314282270636256,0.03073729593637442,0.693197001708052,-0.13103147870805198
90DW,twin,660000,32.8775,0.008402538,-0.01315098,0.004038944,0.00911762,-0.595098495,0.005885985,-5.157615289,16.51100625,-0.006032402,-0.186,0.0372,-1.26e-05,-0.213,-0.161,0.00806,6.49e-05,-0.0605,0.0858,0.0224,0.000501,-0.205,0.202,0.176,0.0308,0.186,0.0398,0.175,0.26,0.0,660000.0,0.01315098,0.595098495,0.0018848399999999996,0.04341474403932378,0.09559466450271337,0.9044053354972866,0.28428571428571425,0.2657142857142857,0.6372267790909092,-0.042128284090909185,0.03925594287187143,0.19302706157086355,True,0.8375372166465805,-0.24243872164658054,0.754970082319702,-0.15987158731970197,0.646387823307355,-0.051289328307355,0.6217168607774796,-0.026618365777479558,0.6130851554331445,-0.017986660433144452,0.6186038134140228,-0.023505318414022813,0.7865542687940428,-0.19145577379404277
90DW,twin,670000,33.3775,0.008471043,-0.01335098,0.004164227,0.011246135,-0.670168442,0.004907413,-5.123058576,17.25378146,0.01823125,-0.186,0.0448,0.000658,-0.212,-0.159,0.00773,5.98e-05,-0.0314,0.0859,0.015,0.000225,-0.202,0.205,0.176,0.0309,0.186,0.0449,0.175,0.26,0.0,670000.0,0.01335098,0.670168442,0.00223204,0.04724447057593089,0.11320383425470404,0.886796165745296,0.3207142857142857,0.31999999999999995,0.6552177957272728,0.014950646272727242,0.03748960629940781,0.09435904527931793,True,0.8502744760241567,-0.1801060340241567,0.7753364663174235,-0.10516802431742345,0.7375411763192217,-0.06737273431922164,0.6967391544406306,-0.026570712440630584,0.6908930376514478,-0.020724595651447797,0.6945245221547721,-0.024356080154772086,0.8681316731294808,-0.19796323112948078
90DW,twin,680000,33.8775,0.00867144,-0.01355098,0.004077655,0.010586391,-0.702912405,0.004680551,-5.192193977,17.13325224,-0.019157234,-0.187,0.0405,-0.00106,-0.217,-0.157,0.00767,5.88e-05,-0.0203,0.0902,0.0152,0.000231,-0.201,0.203,0.175,0.0307,0.187,0.0406,0.175,0.26,0.0,680000.0,0.01355098,0.702912405,0.00187125,0.04325794724671988,0.09490541157376882,0.9050945884262311,0.29,0.28928571428571426,0.668400318818182,0.034512086181818,0.036640480063604486,0.1364553656395415,True,0.8630117354017329,-0.16009933040173296,0.7959690421586513,-0.09305663715865131,0.7355885437495561,-0.032676138749556105,0.6966941913287671,0.006218213671232875,0.6902941802001327,0.012618224799867295,0.6942951850349076,0.008617219965092349,0.8700070034132725,-0.16709459841327257
90DW,twin,690000,34.3775,0.00882973,-0.01375098,0.004155363,0.009680803,-0.679854515,0.006266402,-5.300450582,16.19201239,0.008375126,-0.188,0.0267,0.00039,-0.213,-0.162,0.00781,6.11e-05,-0.044,0.0754,0.02,0.000401,-0.202,0.203,0.174,0.0304,0.188,0.0289,0.174,0.259,0.0,690000.0,0.01375098,0.679854515,0.0011138900000000002,0.03337499063670281,0.05649388852259472,0.9435061114774053,0.2064285714285714,0.1907142857142857,0.6794202011818182,0.0004343138181818196,0.03277072904497278,0.13022309397219886,True,0.8757489947793089,-0.19589447977930885,0.8168678098433853,-0.1370132948433852,0.6814839871384939,-0.0016294721384938482,0.654601428079518,0.025253086920482004,0.6457769612595581,0.03407755374044197,0.6514115396805422,0.02844297531945783,0.8272384100446657,-0.14738389504466565
90DW,twin,700000,34.8775,0.008947421,-0.01395098,0.004338068,0.010945227,-0.632658192,0.004796789,-5.396849649,13.42163293,0.013514745,-0.189,-0.00179,0.000336,-0.226,-0.162,0.00802,6.43e-05,-0.0757,0.0696,0.0257,0.00066,-0.209,0.21,0.178,0.0315,0.189,0.0212,0.177,0.261,0.0,700000.0,0.01395098,0.632658192,0.0006632041,0.025752749367785956,0.03363615661611807,0.9663638433838819,0.1514285714285714,-0.012785714285714284,0.6980918148181818,-0.06543362281818188,0.032766649564857864,0.07433491286475197,True,0.8884862541568851,-0.25582806215688514,0.8380327693716257,-0.2053745773716258,0.6677093706859506,-0.035051178685950646,0.6450249198775809,-0.012366727877580974,0.6352225332088471,-0.0025643412088471873,0.6415131720550468,-0.008854980055046813,0.818993696713803,-0.186335504713803
90DW,twin,710000,35.3775,0.009029669,-0.01415098,0.004401897,0.010760551,-0.706634232,0.004261829,-5.370269585,11.57377768,-0.022344497,-0.188,-0.0178,-0.00081,-0.217,-0.162,0.00787,6.2e-05,-0.076,0.0709,0.0246,0.000607,-0.204,0.201,0.176,0.0311,0.188,0.0258,0.176,0.26,0.0,710000.0,0.01415098,0.706634232,0.00092384,0.030394736386420592,0.04685499822488207,0.953145001775118,0.18428571428571427,-0.12714285714285714,0.7251157486363636,-0.01848151663636366,0.027090807210313993,0.09045587364893728,True,0.9012235135344613,-0.1945892815344613,0.8594639207433723,-0.15282968874337233,0.7474788964594684,-0.04084466445946844,0.7108689348613747,-0.004234702861374728,0.7034438268405396,0.003190405159460341,0.7081232123048816,-0.0014889803048816486,0.8908261352892524,-0.1841919032892524
90DW,twin,720000,35.8775,0.009200999,-0.01435098,0.004374059,0.010418794,-0.740056186,0.004982438,-5.433507472,10.97384823,0.00365882,-0.19,-0.0241,0.000788,-0.217,-0.162,0.00784,6.15e-05,-0.0755,0.0362,0.0199,0.000396,-0.2,0.202,0.175,0.0307,0.19,0.0266,0.175,0.26,0.0,720000.0,0.01435098,0.740056186,0.0009768099999999998,0.03125395974912619,0.049541512400466586,0.9504584875995334,0.18999999999999997,-0.17214285714285713,0.7516729921818183,-0.011616806181818262,0.024080452525145367,0.15803372998519796,True,0.9139607729120374,-0.17390458691203736,0.8811612639586252,-0.14110507795862515,0.7999388016293394,-0.059882615629339386,0.754694405178274,-0.014638219178274015,0.7486670468277491,-0.00861086082774909,0.752397106834175,-0.01234092083417504,0.9392805558986259,-0.1992243698986259
90DW,twin,730000,36.3775,0.009353895,-0.01455098,0.004422578,0.010744482,-0.769513401,0.005206806,-5.491757587,11.85795799,0.002923998,-0.19,-0.00651,-0.000312,-0.216,-0.163,0.00785,6.16e-05,-0.0721,0.071,0.0265,0.000702,-0.206,0.201,0.176,0.031,0.19,0.023,0.176,0.261,0.0,730000.0,0.01455098,0.769513401,0.0007443801,0.027283330075340877,0.03775321296343257,0.9622467870365674,0.16428571428571426,-0.0465,0.7751883373636366,-0.005674936363636585,0.023655736332530753,0.19879921359792754,True,0.9266980322896134,-0.15718463128961346,0.9031247990173844,-0.13361139801738442,0.8148664832164331,-0.04535308221643308,0.7682592961411383,0.001254104858861682,0.762283498836548,0.0072299021634519844,0.7659739357642162,0.0035394652357837453,0.9556060425341699,-0.18609264153416993
90DW,twin,740000,36.8775,0.009352877,-0.01475098,0.004656536,0.010058055,-0.790449455,0.004707669,-5.467022065,12.9830156,-0.014343133,-0.189,0.00621,-0.000913,-0.222,-0.159,0.00781,6.11e-05,-0.0543,0.0742,0.0228,0.000518,-0.213,0.208,0.179,0.032,0.189,0.0191,0.178,0.261,0.0,740000.0,0.01475098,0.790449455,0.0005565641,0.023591610797060892,0.028227625906578076,0.9717723740934219,0.1364285714285714,0.04435714285714285,0.798815993818182,-0.008366538818182057,0.02124488855785499,0.2789183920293535,True,0.9394352916671896,-0.14898583666718967,0.9253545259196501,-0.1349050709196501,0.8356612266689998,-0.04521177166899981,0.7865545407630021,0.0038949142369978373,0.780840741595141,0.009608713404858915,0.7843493501700708,0.006100104829929176,0.9769539452512013,-0.1865044902512013
90DW,twin,750000,37.3775,0.009373653,-0.01495098,0.004813237,0.010214112,-0.829499117,0.005195887,-5.440522826,14.60618753,0.009484857,-0.19,0.0133,0.000458,-0.221,-0.166,0.00752,5.66e-05,-0.0497,0.0694,0.0196,0.000383,-0.2,0.207,0.177,0.0312,0.19,0.0192,0.176,0.261,0.0,750000.0,0.01495098,0.829499117,0.00055989,0.023661994844053194,0.028396307754729417,0.9716036922452705,0.13714285714285712,0.09499999999999999,0.8273759613636366,0.0021231556363634496,0.021289326112978176,0.4531987360293894,True,0.9521725510447658,-0.12267343404476583,0.947850444665422,-0.118351327665422,0.8815925610132826,-0.05209344401328264,0.8251163118721943,0.004382805127805756,0.82056609858311,0.008933018416889982,0.8232836205638413,0.006215496436158707,1.0198196743050065,-0.19032055730500652
90DW,twin,760000,37.8775,0.00966434,-0.01515098,0.004693143,0.011870544,-0.859428795,0.004576869,-5.564050817,14.299227,0.007073667,-0.191,0.0103,-0.00025,-0.214,-0.165,0.00748,5.6e-05,-0.0495,0.0604,0.0187,0.00035,-0.207,0.204,0.177,0.0313,0.191,0.0175,0.176,0.261,0.0,760000.0,0.01515098,0.859428795,0.00045609000000000003,0.02135626371816943,0.023131815184865852,0.9768681848151342,0.125,0.07357142857142857,0.8637480565454547,-0.0043192615454547,0.008003487359239631,0.054265095584442834,True,0.9649098104223418,-0.10548101542234178,0.9706125552546999,-0.11118376025469989,0.9134360374770746,-0.05400724247707456,0.8523196634520788,0.007109131547921255,0.8484277392005456,0.011001055799454429,0.8506956347140778,0.008733160285922192,1.0506256900653335,-0.19119689506533344
90DW,twin,770000,38.3775,0.009658287,-0.01535098,0.004884983,0.008952927,-0.887228174,0.005813456,-5.546776635,12.6168851,-0.007192871,-0.19,-0.00753,0.000108,-0.215,-0.166,0.0077,5.92e-05,-0.0703,0.0554,0.0216,0.000466,-0.205,0.207,0.178,0.0316,0.19,0.0187,0.177,0.261,0.0,770000.0,0.01535098,0.887228174,0.0005227009,0.022862652951921393,0.02651016381802505,0.9734898361819749,0.13357142857142856,-0.053785714285714284,0.8961898850000001,-0.008961711000000094,0.005961950791839018,0.28676343305774127,True,0.977647069799918,-0.09041889579991802,0.9936408576874843,-0.10641268368748436,0.967689823123675,-0.08046164912367504,0.8975914606139092,-0.010363286613909173,0.8951616281169206,-0.00793345411692059,0.8964367182722848,-0.009208544272284791,1.1006157369150937,-0.21338756291509375
90DW,twin,780000,38.8775,0.009685411,-0.01555098,0.005082611,0.010399924,-0.928837239,0.00587565,-5.51776354,11.81607928,0.008747916,-0.191,-0.0142,0.000279,-0.218,-0.168,0.00782,6.11e-05,-0.0646,0.0405,0.0173,0.000298,-0.206,0.204,0.178,0.0316,0.191,0.0186,0.177,0.262,0.0,780000.0,0.01555098,0.928837239,0.00049964,0.022352628480784984,0.02534056905208703,0.974659430947913,0.13285714285714284,-0.10142857142857142,0.9295472867272729,-0.0007100477272729,0.0048381390184156926,0.11541418519391262,True,0.9903843291774942,-0.06154709017749416,1.0169353519637752,-0.08809811296377512,1.0101510957151891,-0.08131385671518909,0.9333554737165325,-0.004518234716532454,0.9319647645109345,-0.0031275255109344258,0.9325328750908425,-0.003695636090842447,1.14051096823929,-0.21167372923928995
90DW,twin,790000,39.3775,0.009891325,-0.01575098,0.005052395,0.011265065,-0.962816626,0.002937924,-5.589552902,12.36587702,-0.007348637,-0.191,-0.00267,-0.000549,-0.217,-0.167,0.00766,5.87e-05,-0.0605,0.0541,0.0184,0.000339,-0.204,0.207,0.179,0.0319,0.191,0.0149,0.178,0.262,0.0,790000.0,0.01575098,0.962816626,0.0003461289,0.018604539768561867,0.017554846071917634,0.9824451539280824,0.10642857142857141,-0.01907142857142857,0.9634080691818184,-0.000591443181818474,0.0045260078747015675,0.22029333941608678,True,1.0031215885550704,-0.040304962555070434,1.0404960380835724,-0.07767941208357243,1.0354571903517777,-0.07264056435177779,0.9552880221660504,0.007528603833949599,0.9543211221774949,0.00849550382250508,0.9545980587141206,0.00821856728587933,1.1657207499096036,-0.20290412390960366
90DW,twin,800000,39.8775,0.009966691,-0.01595098,0.005142918,0.009587366,-0.994014158,0.006464494,-5.612587589,13.39184243,-0.013004058,-0.192,0.00772,0.000511,-0.221,-0.165,0.00723,5.22e-05,-0.0499,0.0678,0.019,0.000363,-0.202,0.204,0.177,0.0313,0.192,0.0166,0.176,0.262,0.0,800000.0,0.01595098,0.994014158,0.00042259839999999997,0.02055719825268025,0.021433199776842316,0.9785668002231577,0.11857142857142856,0.05514285714285714,0.9985945411818183,-0.004580383181818304,0.0037688595256408775,0.44524726484647986,True,1.0158588479326465,-0.021844689932646433,1.0643229160468755,-0.07030875804687542,1.0910074557077716,-0.09699329770777154,1.0016051138343591,-0.007590955834359092,1.0021468071414223,-0.00813264914142231,1.0013995143709746,-0.007385356370974594,1.216820630044079,-0.22280647204407888
90DW,twin,810000,40.3775,0.010090331,-0.01615098,0.005206419,0.009844531,-1.032751239,0.005083917,-5.641766637,13.95839359,0.006453045,-0.192,0.00877,-0.000133,-0.214,-0.165,0.00726,5.26e-05,-0.0376,0.0571,0.0158,0.000249,-0.208,0.205,0.178,0.0317,0.192,0.0145,0.178,0.262,0.0,810000.0,0.01615098,1.032751239,0.0003259129,0.018053057912719387,0.01652953796216463,0.9834704620378354,0.10357142857142856,0.06264285714285714,1.0335150677272729,-0.000763828727272875,0.0037497163025781584,0.17651914950079564,True,1.0285961073102226,0.004155131689777436,1.0884159858536848,-0.05566474685368483,1.1237865421864224,-0.09103530318642239,1.0295628065748896,0.0031884324251103546,1.030796346951473,0.001954892048527057,1.029576750489424,0.0031744885105760012,1.2484275616448,-0.21567632264479997
90DW,twin,820000,40.8775,0.010205999,-0.01635098,0.005326005,0.01190117,-1.063494345,0.004107228,-5.660392841,13.33563893,-0.017523425,-0.191,-0.000446,-0.000533,-0.219,-0.162,0.00771,5.95e-05,-0.0491,0.0557,0.0158,0.00025,-0.206,0.204,0.18,0.0322,0.191,0.0127,0.179,0.263,0.0,820000.0,0.01635098,1.063494345,0.000250198916,0.015817677326333345,0.012689502256935638,0.9873104977430643,0.0907142857142857,-0.003185714285714285,1.0687807405454546,-0.005286395545454514,0.003885729529599983,0.10539868070099105,True,1.0413333666877986,0.02216097831220143,1.1127752475040011,-0.04928090250400108,1.1593235400286792,-0.09582919502867915,1.0597440818187522,0.003750263181247826,1.0617683887678935,0.0017259562321065847,1.0600096426272632,0.003484702372736903,1.2823953646154664,-0.21890101961546637
90DW,twin,830000,41.3775,0.010190391,-0.01655098,0.005512973,0.009472299,-1.106987605,0.005069943,-5.624723249,12.31438121,-0.001327982,-0.192,-0.00811,0.000822,-0.217,-0.163,0.0079,6.24e-05,-0.053,0.0493,0.017,0.000288,-0.211,0.206,0.179,0.0319,0.192,0.0155,0.178,0.263,0.0,830000.0,0.01655098,1.106987605,0.0003537721,0.01880883037299236,0.017942491251204545,0.9820575087487955,0.11071428571428571,-0.05792857142857142,1.1057875062727271,0.0012000987272728914,0.0029833519238934418,0.2213224416823925,True,1.0540706260653747,0.052916978934625325,1.137400700997823,-0.030413095997823048,1.2184381427506108,-0.11145053775061076,1.108934941769631,-0.0019473367696309918,1.1125956860363386,-0.005608081036338586,1.1097263185267638,-0.002738713526763803,1.3365464457969063,-0.22955884079690625
90DW,twin,840000,41.8775,0.010389995,-0.01675098,0.005486273,0.011047265,-1.141982008,0.005294252,-5.698021109,12.42009622,0.003092017,-0.193,-0.00406,-0.000342,-0.216,-0.16,0.00745,5.55e-05,-0.0573,0.0474,0.0166,0.000276,-0.204,0.202,0.178,0.0316,0.193,0.0138,0.177,0.263,0.0,840000.0,0.01675098,1.141982008,0.0002924836,0.01710215191138238,0.014834082264036109,0.9851659177359638,0.09857142857142856,-0.028999999999999998,1.1422136155454545,-0.00023160754545448192,0.0030275161123143896,0.2934120427365757,True,1.0668078854429508,0.07517412255704925,1.1622923463351515,-0.0203103383351515,1.2558721997396216,-0.11389019173962156,1.1406457322771715,0.0013362757228285727,1.1451652859660035,-0.003183277966003484,1.1417107880430413,0.0002712199569587792,1.3721381996623574,-0.23015619166235735
90DW,twin,850000,42.3775,0.010507985,-0.01695098,0.005541788,0.010370495,-1.177500647,0.004155668,-5.727142087,13.49458818,-0.013329799,-0.191,0.00729,-0.000312,-0.217,-0.165,0.00735,5.4e-05,-0.0474,0.0574,0.0162,0.000263,-0.202,0.21,0.18,0.0325,0.191,0.0145,0.18,0.263,0.0,850000.0,0.01695098,1.177500647,0.0003161441,0.017780441501830037,0.01603408733580159,0.9839659126641984,0.10357142857142856,0.05207142857142857,1.1784567197272726,-0.0009560727272726055,0.003220586447014397,0.2732602792730802,True,1.079545144820527,0.09795550217947291,1.1874501835159867,-0.009949536515986734,1.3044776862250458,-0.12697703922504577,1.1813635545164896,-0.0038629075164895443,1.1871426093496646,-0.009641962349664635,1.1828322089933985,-0.005331561993398459,1.4172930991776247,-0.23979245217762468
90DW,twin,860000,42.8775,0.010444405,-0.01715098,0.005847993,0.009572428,-1.213624909,0.006204767,-5.662157477,13.75819207,0.011752377,-0.192,0.00764,0.000951,-0.217,-0.163,0.0076,5.77e-05,-0.0454,0.0563,0.015,0.000226,-0.205,0.215,0.179,0.0321,0.192,0.0135,0.179,0.263,0.0,860000.0,0.01715098,1.213624909,0.0002843696,0.016863261843427565,0.014422559212861997,0.985577440787138,0.09642857142857142,0.05457142857142857,1.2153350441818183,-0.0017101351818182842,0.0031170365311160866,0.20306987277334257,True,1.0922824041981032,0.12134250480189679,1.2128742125403276,0.0007506964596724064,1.3457930551795545,-0.13216814617955452,1.2162036759700285,-0.0025787669700285676,1.2229807533471966,-0.009355844347196607,1.2179911477162044,-0.004366238716204451,1.4562073957535095,-0.24258248675350957
90DW,twin,870000,43.3775,0.010627107,-0.01735098,0.005851819,0.010833006,-1.247351196,0.00412389,-5.724387817,12.90197609,-0.003780412,-0.193,-0.00424,-0.000548,-0.22,-0.166,0.00759,5.77e-05,-0.0483,0.0449,0.0148,0.00022,-0.207,0.207,0.179,0.0322,0.193,0.0126,0.179,0.264,0.0,870000.0,0.01735098,1.247351196,0.00023797760000000002,0.015426522615288256,0.012069665770654764,0.9879303342293453,0.09,-0.03028571428571428,1.252835697636364,-0.0054845016363638255,0.003292238468241768,0.06375547253672674,True,1.1050196635756793,0.14233153242432084,1.238564433408175,0.008786762591825203,1.385186113445723,-0.13783491744572296,1.2494939229537185,-0.0021427269537184213,1.2572000743145713,-0.009848878314571152,1.2515778561880644,-0.00422666018806428,1.493476125206342,-0.24612492920634188
90DW,twin,880000,43.8775,0.010774618,-0.01755098,0.005852179,0.010264302,-1.294302597,0.005123754,-5.764593003,12.35877606,-0.008223602,-0.193,-0.00815,-0.000132,-0.223,-0.164,0.00816,6.66e-05,-0.0582,0.0422,0.0152,0.00023,-0.204,0.203,0.179,0.0322,0.193,0.0139,0.179,0.264,0.0,880000.0,0.01755098,1.294302597,0.0002964225,0.017216924812520965,0.01503385403458944,0.9849661459654105,0.09928571428571427,-0.058214285714285705,1.290819967818182,0.0034826291818179644,0.0029137966022136706,0.2054326316003246,True,1.1177569229532556,0.17654567404674437,1.2645208461195288,0.02978175088047119,1.4383660089550916,-0.14406341195509165,1.2938998897806222,0.00040270721937774034,1.303029615095885,-0.008727018095885164,1.2964406204557481,-0.002138023455748206,1.5425468834549845,-0.24824428645498453
90DW,twin,890000,44.3775,0.010875338,-0.01775098,0.005929628,0.009820416,-1.329524441,0.005723175,-5.785348154,12.93993684,0.013425672,-0.193,0.00137,0.000494,-0.218,-0.163,0.00732,5.36e-05,-0.0486,0.0537,0.0151,0.000227,-0.202,0.212,0.179,0.0321,0.193,0.012,0.179,0.264,0.0,890000.0,0.01775098,1.329524441,0.0002288769,0.015128678065184677,0.011608099609474056,0.9883919003905259,0.0857142857142857,0.009785714285714285,1.327673958909091,0.0018504820909091002,0.0032767601072954677,0.21813820030256384,True,1.1304941823308314,0.19903025866916857,1.290743450674389,0.03878099032561111,1.4749772104484282,-0.14545276944842822,1.324947248131823,0.004577192868177038,1.3349062690647502,-0.005381828064750183,1.3277520883025749,0.0017723526974251502,1.577434243405905,-0.247909802405905
90DW,twin,900000,44.8775,0.010944544,-0.01795098,0.006114967,0.011420492,-1.361490772,0.004125484,-5.785336481,13.48465443,-0.01479496,-0.193,0.00624,-0.000688,-0.218,-0.16,0.00748,5.6e-05,-0.037,0.0499,0.0143,0.000206,-0.209,0.207,0.18,0.0324,0.193,0.0127,0.18,0.265,0.0,900000.0,0.01795098,1.361490772,0.00024493759999999996,0.01565048242067956,0.012422660648171626,0.9875773393518283,0.0907142857142857,0.04457142857142857,1.3651812138181818,-0.003690441818181789,0.003304386087667254,0.35928644002718857,True,1.1432314417084075,0.2182593302915925,1.3172322470727547,0.04425852492724536,1.5225832663356476,-0.16109249433564754,1.3648592734841234,-0.0033685014841233762,1.37604194844194,-0.014551176441939928,1.3680560893479445,-0.0065653173479445215,1.6217335943648679,-0.26024282236486784
90DW,twin,910000,45.3775,0.011009415,-0.01815098,0.006231043,0.01073895,-1.399675727,0.005014694,-5.790573158,13.20841285,0.004101843,-0.193,0.00138,0.000717,-0.216,-0.164,0.00772,5.97e-05,-0.043,0.0476,0.0139,0.000194,-0.206,0.21,0.181,0.0328,0.193,0.0112,0.181,0.265,0.0,910000.0,0.01815098,1.399675727,0.0001959044,0.01399658529785033,0.009935811736065324,0.9900641882639347,0.07999999999999999,0.009857142857142856,1.4033853154545455,-0.0037095884545454982,0.003779314021642875,0.0645255296662006,True,1.1559687010859838,0.24370702591401616,1.3439872353146276,0.05568849168537238,1.561628987027673,-0.16195326002767296,1.397869477474842,0.0018062495251580657,1.4099687682711421,-0.010293041271142167,1.401358715415919,-0.0016829884159190733,1.6587049903553845,-0.25902926335538456
90DW,twin,920000,45.8775,0.011147666,-0.01835098,0.006222669,0.008738532,-1.445258427,0.005438317,-5.829147381,12.68506029,0.015059426,-0.194,-0.00478,2.27e-05,-0.217,-0.165,0.00752,5.65e-05,-0.0498,0.048,0.0143,0.000204,-0.206,0.207,0.179,0.032,0.194,0.012,0.178,0.264,0.0,920000.0,0.01835098,1.445258427,0.0002268484,0.015061487310355509,0.011505218846680529,0.9884947811533195,0.0857142857142857,-0.03414285714285714,1.441661827818182,0.003596599181817872,0.004993183154549628,0.27067126922369567,True,1.16870596046356,0.27655246653644006,1.3710084154000064,0.07425001159999356,1.6111923082932251,-0.16593388129322517,1.4393595597244997,0.005898867275500264,1.452752706844825,-0.00749427984482498,1.4432635356502002,0.001994891349799799,1.7046798309098685,-0.25942140390986856
90DW,twin,930000,46.3775,0.011397991,-0.01855098,0.006187513,0.012122025,-1.481321317,0.003850951,-5.916503728,12.65433965,-0.015514361,-0.194,-0.00232,-0.000955,-0.216,-0.171,0.00722,5.21e-05,-0.0524,0.0439,0.0145,0.00021,-0.209,0.211,0.181,0.0327,0.194,0.0117,0.18,0.265,0.0,930000.0,0.01855098,1.481321317,0.00021538240000000002,0.01467591223740453,0.010923690216564386,0.9890763097834356,0.08357142857142856,-0.01657142857142857,1.479868347818182,0.0014529691818179202,0.00672932731951282,0.10173618479430567,True,1.1814432198411362,0.2998780971588637,1.398295787328892,0.08302552967110799,1.65517839704347,-0.17385708004347,1.476352964959188,0.004968352040811919,1.490839926779278,-0.009518609779278098,1.4806068176636757,0.0007144993363241703,1.745880359736037,-0.26455904273603714
90DW,twin,940000,46.8775,0.011235992,-0.01875098,0.006600072,0.01045923,-1.512381507,0.005706793,-5.807830275,13.1091146,0.009080621,-0.194,0.00409,0.000866,-0.221,-0.167,0.00759,5.77e-05,-0.0437,0.0468,0.0135,0.000181,-0.204,0.21,0.182,0.0331,0.194,0.0114,0.181,0.266,0.0,940000.0,0.01875098,1.512381507,0.00019772810000000002,0.014061582414507978,0.01002830552315261,0.9899716944768474,0.08142857142857142,0.02921428571428571,1.517495863727273,-0.005114356727273117,0.0116714076646564,0.17364992186124753,True,1.1941804792187123,0.31820102778128767,1.4258493511012833,0.08653215589871666,1.6983506780131323,-0.18596917101313237,1.5126902328118494,-0.0003087258118494862,1.5282418200465493,-0.015860313046549335,1.5172844980036813,-0.004902991003681301,1.786384239817373,-0.2740027328173731
90DW,twin,950000,47.3775,0.011339092,-0.01895098,0.006666078,0.009324712,-1.554561812,0.005629303,-5.829446036,13.41459214,0.005888936,-0.195,0.00247,-5e-05,-0.221,-0.168,0.00718,5.16e-05,-0.0361,0.0486,0.0133,0.000176,-0.211,0.205,0.18,0.0324,0.195,0.0109,0.179,0.265,0.0,950000.0,0.01895098,1.554561812,0.0001821009,0.01349447664787338,0.009235730587817619,0.9907642694121824,0.07785714285714285,0.01764285714285714,1.5559948363636367,-0.0014330243636366813,0.02020960805363537,0.07945370655663718,True,1.2069177385962884,0.3476440734037116,1.4536691067171807,0.10089270528281924,1.7417895378092922,-0.18722772580929226,1.5492424314350146,0.0053193805649853765,1.5658682056117124,-0.011306393611712373,1.5541802093299495,0.000381602670050496,1.8271163209669585,-0.27255450896695854
90DW,twin,960000,47.8775,0.011681206,-0.01915098,0.006465319,0.010844691,-1.597745765,0.004749796,-5.969519355,13.03358652,-0.014773744,-0.194,-0.00231,-0.000119,-0.218,-0.171,0.00746,5.57e-05,-0.0432,0.0429,0.0132,0.000174,-0.214,0.208,0.181,0.0328,0.194,0.0108,0.181,0.266,0.0,960000.0,0.01915098,1.597745765,0.0001793361,0.013391642916386323,0.009095506415783333,0.9909044935842166,0.07714285714285714,-0.016499999999999997,1.591587778909091,0.006157986090908896,0.026071208896421266,0.10739442051475964,True,1.2196549979738645,0.37809076702613553,1.4817550541765854,0.11599071082341461,1.786919899503706,-0.18917413450370613,1.587158413562951,0.01058735143704892,1.6049190446978674,-0.007173279697867407,1.5924593757189707,0.005286389281029313,1.86929638860969,-0.27155062360969007
90DW,twin,970000,48.3775,0.011613662,-0.01935098,0.006750741,0.010237253,-1.634666545,0.005682084,-5.900359295,12.58884205,0.013311316,-0.195,-0.0027,0.000429,-0.218,-0.171,0.00722,5.21e-05,-0.0446,0.0366,0.0129,0.000166,-0.206,0.217,0.181,0.0327,0.195,0.0104,0.18,0.266,0.0,970000.0,0.01935098,1.634666545,0.00017329,0.013163965967746953,0.008788862403002484,0.9912111375969975,0.07428571428571427,-0.019285714285714285,1.623709361909091,0.010957183090908984,0.030837878144304148,0.17570670340324704,True,1.2323922573514405,0.40227428764855944,1.5101071934794954,0.12455935152050457,1.831618745681673,-0.19695220068167307,1.6247264837293398,0.009940061270660161,1.6436064944213495,-0.008939949421349569,1.630385611776372,0.004280933223627992,1.911107063442373,-0.27644051844237305
90DW,twin,980000,48.8775,0.011666263,-0.01955098,0.006936139,0.010656339,-1.667622916,0.004193114,-5.890177066,12.85799999,-0.007822391,-0.195,0.000355,-0.000697,-0.222,-0.17,0.00746,5.56e-05,-0.0376,0.0424,0.0124,0.000153,-0.208,0.213,0.181,0.0328,0.195,0.00987,0.181,0.266,0.0,980000.0,0.01955098,1.667622916,0.000153126025,0.0123744100869496,0.007766192879241263,0.9922338071207587,0.0705,0.0025357142857142857,1.6516870630909093,0.01593585290909072,0.034961644282170384,0.09735025739393101,True,1.2451295167290166,0.4224933992709834,1.538725524625912,0.12889739137408807,1.8744609855993932,-0.20683806959939322,1.6607976540133256,0.006825261986674436,1.680730452358489,-0.013107536358488936,1.666793356289113,0.0008295597108869401,1.9513284165068074,-0.28370550050680743
90DW,twin,990000,49.3775,0.011841233,-0.01975098,0.006939688,0.010271165,-1.708205272,0.005638708,-5.959633085,13.36582933,-0.010989594,-0.194,0.00286,0.000482,-0.217,-0.17,0.00723,5.23e-05,-0.034,0.0406,0.0122,0.00015,-0.207,0.21,0.182,0.0332,0.194,0.01,0.182,0.266,0.0,990000.0,0.01975098,1.708205272,0.00015817959999999998,0.012576947165349784,0.008022498351676217,0.9919775016483238,0.07142857142857142,0.020428571428571428,1.6763863197272728,0.03181895227272724,0.038660605922737484,0.25497879374749866,True,1.257866776106593,0.45033849589340713,1.5676100476158352,0.14059522438416483,1.9206195221409388,-0.21241425014093873,1.6995426082505978,0.008662663749402277,1.7206471416590035,-0.012441869659003402,1.7059134520907036,0.0022918199092964997,1.994388638817279,-0.28618336681727885
90DW,twin,1000000,49.8775,0.012017701,-0.01995098,0.00689014,0.01034778,-1.75301314,0.005164024,-6.007148192,13.18628357,0.010141836,-0.196,0.000994,6.33e-05,-0.223,-0.166,0.00753,5.67e-05,-0.0398,0.0373,0.0125,0.000157,-0.205,0.208,0.181,0.0327,0.196,0.0102,0.181,0.267,0.0,1000000.0,0.01995098,1.75301314,0.00015798803599999998,0.012569329178599787,0.008012782674849114,0.9919872173251509,0.07285714285714286,0.0071,1.6982619227272728,0.05475121727272714,0.04200931293021586,0.02647131449319649,True,1.270604035484169,0.48240910451583097,1.5967607624492646,0.1562523775507354,1.9660882836346618,-0.21307514363466185,1.737731427237182,0.015281712762817978,1.7599829551729889,-0.006969815172988891,1.7444693908061832,0.00854374919381673,2.0368583888654457,-0.2838452488654457
