TimeStep,N_all,Px_mean_all,Py_mean_all,Pz_mean_all,Px_min_all,Px_max_all,Px_std_all,Px_var_all,Py_min_all,Py_max_all,Py_std_all,Py_var_all,Pz_min_all,Pz_max_all,Pz_std_all,Pz_var_all,absPx_mean_all,absPy_mean_all,absPz_mean_all,Pmag_mean_all,N_xy,Px_mean_xy,Py_mean_xy,Pz_mean_xy,Px_min_xy,Px_max_xy,Px_std_xy,Px_var_xy,Py_min_xy,Py_max_xy,Py_std_xy,Py_var_xy,Pz_min_xy,Pz_max_xy,Pz_std_xy,Pz_var_xy,absPx_mean_xy,absPy_mean_xy,absPz_mean_xy,Pmag_mean_xy,N_xz,Px_mean_xz,Py_mean_xz,Pz_mean_xz,Px_min_xz,Px_max_xz,Px_std_xz,Px_var_xz,Py_min_xz,Py_max_xz,Py_std_xz,Py_var_xz,Pz_min_xz,Pz_max_xz,Pz_std_xz,Pz_var_xz,absPx_mean_xz,absPy_mean_xz,absPz_mean_xz,Pmag_mean_xz,N_yz,Px_mean_yz,Py_mean_yz,Pz_mean_yz,Px_min_yz,Px_max_yz,Px_std_yz,Px_var_yz,Py_min_yz,Py_max_yz,Py_std_yz,Py_var_yz,Pz_min_yz,Pz_max_yz,Pz_std_yz,Pz_var_yz,absPx_mean_yz,absPy_mean_yz,absPz_mean_yz,Pmag_mean_yz,M2y_xy,M2y_xz,M2y_yz,H_M2_sections
0.0,2400.0,-0.0438,0.0255,-0.00337,-0.186,0.172,0.128,0.0165,-0.168,0.175,0.129,0.0166,-0.189,0.192,0.148,0.0218,0.134,0.13,0.147,0.239,240.0,-0.0227,-0.0269,-0.00333,-0.173,0.152,0.132,0.0174,-0.159,0.153,0.123,0.0152,-0.186,0.18,0.148,0.0218,0.132,0.125,0.146,0.235,100.0,-0.0969,0.0251,0.021,-0.173,0.146,0.112,0.0125,-0.152,0.16,0.128,0.0163,-0.159,0.157,0.135,0.0182,0.147,0.128,0.135,0.238,240.0,-0.0436,0.032,0.00483,-0.172,0.171,0.128,0.0163,-0.158,0.175,0.133,0.0177,-0.183,0.184,0.146,0.0212,0.133,0.136,0.144,0.24,0.01592361,0.01693001,0.018724,0.08250866872734469
10000.0,2400.0,-0.0433,0.0221,-0.00422,-0.194,0.174,0.128,0.0164,-0.178,0.172,0.129,0.0167,-0.191,0.19,0.146,0.0214,0.134,0.13,0.145,0.238,240.0,-0.0236,-0.026,-0.00402,-0.167,0.156,0.131,0.0172,-0.165,0.16,0.124,0.0155,-0.18,0.176,0.147,0.0217,0.131,0.126,0.146,0.235,100.0,-0.0999,0.0219,0.0216,-0.194,0.13,0.107,0.0115,-0.159,0.164,0.13,0.017,-0.162,0.158,0.135,0.0181,0.145,0.13,0.135,0.238,240.0,-0.0433,0.03,0.00365,-0.174,0.168,0.129,0.0166,-0.165,0.166,0.134,0.0179,-0.171,0.177,0.143,0.0204,0.134,0.136,0.142,0.239,0.016176,0.01747961,0.0188,0.07503538374953996
20000.0,2400.0,-0.0436,0.0223,-0.00349,-0.18,0.175,0.13,0.017,-0.168,0.171,0.128,0.0164,-0.189,0.188,0.146,0.0214,0.136,0.129,0.145,0.239,240.0,-0.0207,-0.0282,-0.00356,-0.167,0.164,0.135,0.0184,-0.168,0.149,0.121,0.0147,-0.18,0.187,0.147,0.0215,0.136,0.123,0.145,0.235,100.0,-0.0998,0.0223,0.0204,-0.179,0.14,0.108,0.0116,-0.155,0.163,0.128,0.0164,-0.164,0.158,0.134,0.0181,0.145,0.128,0.134,0.237,240.0,-0.0435,0.033,0.00368,-0.173,0.174,0.129,0.0166,-0.168,0.169,0.132,0.0174,-0.172,0.182,0.145,0.0209,0.134,0.135,0.143,0.24,0.01549524,0.016897290000000002,0.018489,0.08831579593390992
30000.0,2400.0,-0.0441,0.0224,-0.00406,-0.189,0.176,0.129,0.0167,-0.174,0.17,0.128,0.0163,-0.187,0.19,0.148,0.0218,0.135,0.128,0.146,0.239,240.0,-0.0211,-0.0252,-0.00398,-0.178,0.169,0.134,0.0181,-0.163,0.167,0.123,0.0152,-0.18,0.184,0.147,0.0217,0.134,0.124,0.146,0.236,100.0,-0.0987,0.0221,0.0181,-0.178,0.136,0.107,0.0114,-0.156,0.157,0.13,0.0168,-0.164,0.154,0.134,0.018,0.144,0.129,0.134,0.237,240.0,-0.044,0.0289,0.00383,-0.179,0.173,0.129,0.0165,-0.161,0.17,0.132,0.0173,-0.181,0.185,0.145,0.0211,0.134,0.134,0.144,0.239,0.01583504,0.01728841,0.01813521,0.0680863493927723
40000.0,2400.0,-0.042,0.0221,-0.00392,-0.178,0.187,0.129,0.0167,-0.168,0.172,0.126,0.0159,-0.191,0.192,0.149,0.0223,0.135,0.127,0.148,0.239,240.0,-0.0197,-0.029,-0.00393,-0.164,0.159,0.132,0.0173,-0.163,0.153,0.122,0.0148,-0.185,0.184,0.15,0.0224,0.132,0.124,0.148,0.235,100.0,-0.0979,0.0222,0.0194,-0.172,0.135,0.106,0.0112,-0.149,0.159,0.128,0.0163,-0.171,0.159,0.137,0.0188,0.142,0.128,0.137,0.237,240.0,-0.042,0.0311,0.00276,-0.173,0.175,0.129,0.0166,-0.159,0.172,0.128,0.0165,-0.18,0.185,0.148,0.0219,0.134,0.131,0.147,0.239,0.015641000000000002,0.01679284,0.01746721,0.055516834416632355
50000.0,2400.0,-0.0432,0.0213,-0.00379,-0.183,0.174,0.13,0.0169,-0.168,0.173,0.125,0.0157,-0.185,0.193,0.148,0.022,0.136,0.126,0.147,0.238,240.0,-0.0189,-0.0281,-0.00384,-0.164,0.157,0.134,0.018,-0.168,0.148,0.119,0.0142,-0.178,0.185,0.148,0.022,0.134,0.121,0.147,0.235,100.0,-0.0959,0.0213,0.0186,-0.179,0.135,0.11,0.0122,-0.153,0.152,0.125,0.0155,-0.159,0.156,0.135,0.0182,0.145,0.124,0.135,0.235,240.0,-0.0431,0.0301,0.00344,-0.179,0.16,0.13,0.0168,-0.155,0.165,0.129,0.0167,-0.175,0.184,0.145,0.0209,0.135,0.132,0.143,0.238,0.01498961,0.01595369,0.01760601,0.08176433622657343
60000.0,2400.0,-0.0437,0.0214,-0.00353,-0.186,0.175,0.13,0.0168,-0.168,0.169,0.125,0.0156,-0.19,0.185,0.149,0.0222,0.135,0.125,0.148,0.238,240.0,-0.0204,-0.0258,-0.00347,-0.17,0.162,0.133,0.0178,-0.158,0.145,0.121,0.0145,-0.181,0.181,0.15,0.0225,0.133,0.122,0.149,0.235,100.0,-0.1,0.0213,0.0197,-0.173,0.144,0.107,0.0114,-0.147,0.164,0.127,0.0161,-0.168,0.165,0.138,0.019,0.144,0.127,0.137,0.238,240.0,-0.0437,0.0314,0.00547,-0.175,0.161,0.13,0.0168,-0.153,0.169,0.129,0.0166,-0.17,0.182,0.147,0.0215,0.136,0.131,0.145,0.24,0.015165640000000001,0.01655369,0.01758596,0.07389736876991197
70000.0,2400.0,-0.0439,0.0209,-0.00456,-0.182,0.18,0.131,0.017,-0.162,0.171,0.124,0.0153,-0.189,0.19,0.15,0.0224,0.136,0.124,0.149,0.239,240.0,-0.021,-0.03,-0.00459,-0.174,0.168,0.135,0.0182,-0.162,0.146,0.117,0.0137,-0.184,0.177,0.15,0.0226,0.135,0.119,0.149,0.235,100.0,-0.102,0.021,0.017,-0.182,0.132,0.112,0.0126,-0.148,0.153,0.123,0.0151,-0.168,0.165,0.137,0.0187,0.15,0.122,0.136,0.238,240.0,-0.0437,0.0301,0.00176,-0.174,0.171,0.129,0.0167,-0.154,0.17,0.129,0.0167,-0.182,0.18,0.148,0.022,0.135,0.131,0.147,0.241,0.0146,0.015541000000000001,0.01760601,0.09661110067306854
80000.0,2400.0,-0.0437,0.0229,-0.0042,-0.186,0.174,0.131,0.0171,-0.165,0.17,0.121,0.0148,-0.189,0.196,0.151,0.0227,0.137,0.122,0.15,0.238,240.0,-0.0214,-0.0246,-0.0043,-0.173,0.162,0.135,0.0183,-0.165,0.147,0.118,0.014,-0.184,0.181,0.151,0.0228,0.135,0.119,0.15,0.236,100.0,-0.102,0.0228,0.0221,-0.177,0.135,0.11,0.0122,-0.144,0.155,0.122,0.0148,-0.162,0.177,0.138,0.0189,0.148,0.122,0.138,0.238,240.0,-0.0436,0.031,0.00365,-0.174,0.167,0.131,0.0171,-0.157,0.157,0.126,0.0158,-0.178,0.189,0.148,0.022,0.136,0.128,0.147,0.239,0.01460516,0.015319840000000001,0.016761,0.07056492896524796
90000.0,2400.0,-0.0436,0.0219,-0.00383,-0.187,0.179,0.131,0.0171,-0.163,0.166,0.122,0.0149,-0.194,0.197,0.149,0.0222,0.137,0.122,0.148,0.238,240.0,-0.0209,-0.0262,-0.00392,-0.17,0.163,0.135,0.0183,-0.156,0.144,0.116,0.0133,-0.179,0.182,0.15,0.0226,0.135,0.117,0.149,0.234,100.0,-0.101,0.0217,0.0216,-0.187,0.149,0.111,0.0122,-0.144,0.15,0.12,0.0144,-0.164,0.161,0.137,0.0188,0.148,0.12,0.137,0.236,240.0,-0.0434,0.0316,0.00434,-0.172,0.162,0.13,0.0169,-0.144,0.165,0.123,0.0151,-0.172,0.175,0.147,0.0216,0.136,0.126,0.146,0.237,0.01398644,0.01487089,0.01609856,0.07078255562122403
100000.0,2400.0,-0.0448,0.0206,-0.00395,-0.188,0.182,0.132,0.0174,-0.16,0.168,0.121,0.0146,-0.187,0.187,0.15,0.0226,0.138,0.121,0.149,0.238,240.0,-0.0202,-0.0257,-0.00407,-0.171,0.165,0.136,0.0184,-0.16,0.141,0.117,0.0136,-0.187,0.18,0.15,0.0226,0.136,0.118,0.149,0.235,100.0,-0.104,0.0205,0.0203,-0.188,0.133,0.112,0.0126,-0.152,0.154,0.122,0.0148,-0.171,0.168,0.136,0.0185,0.151,0.121,0.136,0.239,240.0,-0.0446,0.0292,0.00337,-0.171,0.17,0.131,0.0172,-0.157,0.161,0.127,0.0161,-0.175,0.184,0.148,0.022,0.137,0.129,0.147,0.24,0.014260489999999999,0.015220250000000001,0.016952639999999998,0.08815392334078893
110000.0,2400.0,-0.0441,0.0211,-0.00417,-0.188,0.189,0.133,0.0176,-0.165,0.162,0.12,0.0143,-0.189,0.191,0.151,0.0227,0.139,0.12,0.15,0.238,240.0,-0.0205,-0.0242,-0.00421,-0.172,0.163,0.137,0.0188,-0.144,0.143,0.115,0.0132,-0.18,0.188,0.151,0.0228,0.137,0.116,0.15,0.235,100.0,-0.101,0.021,0.0203,-0.188,0.146,0.111,0.0122,-0.144,0.154,0.119,0.0142,-0.174,0.169,0.139,0.0194,0.148,0.119,0.139,0.237,240.0,-0.0441,0.0303,0.00309,-0.173,0.168,0.133,0.0176,-0.144,0.162,0.121,0.0146,-0.172,0.183,0.15,0.0224,0.139,0.124,0.148,0.239,0.01378564,0.014641000000000001,0.01551809,0.059136627727074446
120000.0,2400.0,-0.0448,0.0185,-0.00383,-0.185,0.176,0.132,0.0175,-0.163,0.164,0.119,0.0141,-0.19,0.187,0.151,0.0227,0.139,0.119,0.15,0.238,240.0,-0.021,-0.0287,-0.00379,-0.174,0.169,0.134,0.0181,-0.157,0.144,0.114,0.0131,-0.183,0.177,0.151,0.0227,0.134,0.117,0.149,0.234,100.0,-0.102,0.0185,0.017,-0.179,0.142,0.112,0.0126,-0.14,0.143,0.117,0.0138,-0.17,0.16,0.137,0.0188,0.15,0.117,0.136,0.236,240.0,-0.0447,0.0279,0.0049,-0.173,0.174,0.131,0.0173,-0.151,0.15,0.121,0.0147,-0.178,0.185,0.149,0.0223,0.137,0.123,0.148,0.238,0.01392369,0.01414225,0.01547841,0.057985694925280204
130000.0,2400.0,-0.0449,0.0206,-0.00396,-0.183,0.173,0.132,0.0175,-0.157,0.16,0.118,0.0139,-0.188,0.187,0.151,0.0228,0.138,0.118,0.15,0.237,240.0,-0.0196,-0.0225,-0.00398,-0.165,0.171,0.136,0.0185,-0.147,0.14,0.111,0.0124,-0.188,0.178,0.152,0.0231,0.136,0.112,0.151,0.234,100.0,-0.102,0.0204,0.0217,-0.183,0.134,0.111,0.0124,-0.139,0.147,0.116,0.0135,-0.167,0.158,0.139,0.0193,0.15,0.116,0.139,0.236,240.0,-0.0449,0.028,0.00407,-0.176,0.173,0.132,0.0174,-0.143,0.152,0.121,0.0147,-0.182,0.183,0.148,0.0219,0.138,0.123,0.147,0.238,0.01290625,0.01391616,0.015484,0.09210655651266769
140000.0,2400.0,-0.0451,0.0186,-0.00432,-0.19,0.182,0.134,0.0179,-0.16,0.16,0.117,0.0136,-0.192,0.188,0.152,0.023,0.14,0.117,0.151,0.238,240.0,-0.0202,-0.0256,-0.0041,-0.178,0.171,0.138,0.019,-0.148,0.149,0.111,0.0123,-0.182,0.186,0.152,0.023,0.138,0.113,0.15,0.234,100.0,-0.103,0.0187,0.0206,-0.188,0.149,0.112,0.0125,-0.134,0.149,0.116,0.0135,-0.17,0.168,0.139,0.0195,0.15,0.116,0.139,0.237,240.0,-0.0451,0.0285,0.00205,-0.178,0.172,0.133,0.0178,-0.144,0.154,0.119,0.0142,-0.182,0.187,0.151,0.0228,0.139,0.121,0.15,0.239,0.01295536,0.01384969,0.015012250000000001,0.07399012650178811
150000.0,2400.0,-0.0451,0.0199,-0.00373,-0.185,0.175,0.133,0.0178,-0.155,0.161,0.117,0.0136,-0.187,0.191,0.152,0.0232,0.14,0.117,0.151,0.239,240.0,-0.0215,-0.0252,-0.00383,-0.174,0.17,0.137,0.0189,-0.15,0.135,0.112,0.0126,-0.184,0.182,0.153,0.0235,0.138,0.114,0.152,0.236,100.0,-0.102,0.0198,0.0191,-0.182,0.137,0.112,0.0126,-0.15,0.152,0.115,0.0133,-0.172,0.162,0.14,0.0196,0.15,0.115,0.14,0.237,240.0,-0.045,0.0267,0.00379,-0.176,0.165,0.134,0.0179,-0.15,0.154,0.121,0.0146,-0.185,0.182,0.15,0.0224,0.14,0.123,0.149,0.239,0.01323504,0.013692039999999999,0.015312890000000001,0.07754972049575452
160000.0,2400.0,-0.0448,0.019,-0.0039,-0.185,0.183,0.134,0.0179,-0.155,0.169,0.116,0.0134,-0.188,0.194,0.152,0.023,0.14,0.116,0.151,0.238,240.0,-0.0213,-0.0252,-0.00404,-0.173,0.176,0.139,0.0194,-0.146,0.132,0.11,0.0121,-0.183,0.185,0.152,0.0231,0.139,0.112,0.151,0.235,100.0,-0.103,0.0188,0.019,-0.18,0.14,0.112,0.0125,-0.139,0.145,0.114,0.0129,-0.175,0.173,0.138,0.0192,0.15,0.113,0.138,0.235,240.0,-0.0447,0.0276,0.000697,-0.178,0.169,0.134,0.0178,-0.145,0.153,0.119,0.0143,-0.179,0.181,0.149,0.0223,0.139,0.122,0.148,0.238,0.01273504,0.01325344,0.01506176,0.08926872303985403
170000.0,2400.0,-0.0446,0.0202,-0.00407,-0.182,0.174,0.133,0.0178,-0.156,0.157,0.114,0.013,-0.192,0.195,0.154,0.0236,0.139,0.115,0.153,0.238,240.0,-0.0226,-0.0241,-0.00401,-0.177,0.174,0.137,0.0188,-0.152,0.135,0.11,0.012,-0.185,0.184,0.154,0.0237,0.137,0.111,0.153,0.235,100.0,-0.103,0.0201,0.0206,-0.182,0.15,0.112,0.0126,-0.136,0.15,0.115,0.0133,-0.171,0.167,0.141,0.0198,0.15,0.115,0.141,0.238,240.0,-0.0445,0.028,0.00239,-0.175,0.173,0.133,0.0178,-0.143,0.157,0.118,0.0138,-0.18,0.184,0.152,0.0233,0.139,0.12,0.151,0.239,0.01258081,0.013704009999999999,0.014584,0.07370308385745687
180000.0,2400.0,-0.0452,0.0207,-0.00428,-0.194,0.18,0.135,0.0183,-0.15,0.155,0.112,0.0126,-0.199,0.192,0.152,0.0231,0.142,0.113,0.151,0.237,240.0,-0.023,-0.0228,-0.00439,-0.179,0.163,0.137,0.0189,-0.14,0.137,0.109,0.0118,-0.199,0.179,0.153,0.0234,0.138,0.11,0.152,0.234,100.0,-0.107,0.0208,0.0208,-0.194,0.138,0.114,0.013,-0.134,0.15,0.112,0.0125,-0.174,0.165,0.14,0.0195,0.155,0.112,0.139,0.238,240.0,-0.045,0.0276,0.00192,-0.189,0.172,0.134,0.0181,-0.137,0.155,0.116,0.0134,-0.175,0.185,0.149,0.0223,0.14,0.118,0.148,0.237,0.01231984,0.01293264,0.01416176,0.07139460372255677
190000.0,2400.0,-0.0453,0.0197,-0.00385,-0.187,0.176,0.134,0.0181,-0.15,0.156,0.112,0.0125,-0.192,0.195,0.154,0.0237,0.141,0.112,0.153,0.238,240.0,-0.0215,-0.0246,-0.00386,-0.187,0.167,0.139,0.0192,-0.147,0.134,0.108,0.0117,-0.186,0.182,0.154,0.0236,0.139,0.109,0.153,0.235,100.0,-0.105,0.0195,0.0201,-0.184,0.141,0.113,0.0127,-0.133,0.143,0.11,0.0121,-0.17,0.161,0.142,0.02,0.152,0.11,0.141,0.237,240.0,-0.045,0.0291,0.00259,-0.183,0.174,0.134,0.0179,-0.137,0.147,0.115,0.0132,-0.178,0.185,0.153,0.0234,0.14,0.117,0.152,0.239,0.01230516,0.01248025,0.01404681,0.07408813192264653
200000.0,2400.0,-0.0448,0.0199,-0.00411,-0.186,0.18,0.134,0.018,-0.149,0.159,0.112,0.0126,-0.194,0.191,0.153,0.0235,0.14,0.113,0.152,0.237,240.0,-0.0209,-0.023,-0.00399,-0.186,0.17,0.139,0.0194,-0.148,0.136,0.107,0.0114,-0.183,0.182,0.153,0.0235,0.14,0.108,0.152,0.234,100.0,-0.105,0.0198,0.0203,-0.186,0.144,0.113,0.0127,-0.147,0.144,0.114,0.0129,-0.168,0.161,0.14,0.0195,0.152,0.113,0.14,0.237,240.0,-0.0447,0.0261,0.00385,-0.173,0.167,0.135,0.0181,-0.148,0.151,0.116,0.0134,-0.179,0.186,0.15,0.0225,0.14,0.117,0.149,0.237,0.011929,0.01329204,0.01408121,0.08310835853319236
210000.0,2400.0,-0.0463,0.0196,-0.0045,-0.186,0.179,0.135,0.0183,-0.155,0.154,0.11,0.0122,-0.198,0.195,0.154,0.0236,0.142,0.111,0.153,0.237,240.0,-0.0217,-0.0239,-0.00459,-0.172,0.161,0.139,0.0193,-0.14,0.134,0.106,0.0112,-0.19,0.183,0.155,0.0239,0.139,0.107,0.153,0.234,100.0,-0.105,0.0192,0.0222,-0.185,0.147,0.114,0.013,-0.131,0.136,0.108,0.0116,-0.167,0.168,0.139,0.0194,0.153,0.108,0.14,0.235,240.0,-0.0464,0.0267,0.00202,-0.185,0.164,0.136,0.0184,-0.138,0.149,0.113,0.0127,-0.173,0.182,0.151,0.0229,0.142,0.115,0.15,0.238,0.01177121,0.01196864,0.01341289,0.07237291125164645
220000.0,2400.0,-0.0446,0.019,-0.00378,-0.188,0.183,0.135,0.0183,-0.147,0.15,0.109,0.0118,-0.196,0.201,0.155,0.0242,0.141,0.109,0.155,0.238,240.0,-0.0201,-0.0235,-0.00378,-0.175,0.172,0.139,0.0192,-0.147,0.135,0.102,0.0105,-0.192,0.197,0.156,0.0244,0.139,0.103,0.155,0.234,100.0,-0.105,0.0189,0.0204,-0.188,0.149,0.114,0.0131,-0.14,0.144,0.111,0.0123,-0.167,0.176,0.143,0.0203,0.153,0.111,0.142,0.239,240.0,-0.0444,0.0257,0.00456,-0.176,0.169,0.135,0.0181,-0.14,0.142,0.112,0.0127,-0.177,0.191,0.153,0.0235,0.14,0.114,0.152,0.238,0.011052250000000001,0.01265721,0.01336049,0.0957466856409648
230000.0,2400.0,-0.0457,0.0195,-0.00389,-0.185,0.18,0.136,0.0185,-0.142,0.15,0.108,0.0117,-0.195,0.195,0.155,0.024,0.142,0.109,0.154,0.238,240.0,-0.023,-0.0227,-0.00377,-0.181,0.165,0.139,0.0193,-0.14,0.135,0.105,0.011,-0.195,0.188,0.155,0.024,0.139,0.106,0.154,0.234,100.0,-0.104,0.0192,0.0191,-0.185,0.142,0.115,0.0132,-0.136,0.134,0.107,0.0114,-0.169,0.162,0.143,0.0205,0.153,0.107,0.143,0.237,240.0,-0.0456,0.0256,0.00221,-0.176,0.164,0.136,0.0184,-0.139,0.148,0.11,0.0121,-0.183,0.189,0.155,0.024,0.142,0.112,0.153,0.238,0.01151529,0.01176864,0.01275536,0.0545389287732513
240000.0,2400.0,-0.0462,0.0185,-0.00415,-0.188,0.178,0.137,0.0187,-0.147,0.152,0.107,0.0114,-0.194,0.197,0.155,0.0242,0.143,0.107,0.154,0.238,240.0,-0.0214,-0.0234,-0.00415,-0.174,0.169,0.141,0.0198,-0.137,0.121,0.101,0.0103,-0.193,0.184,0.157,0.0245,0.141,0.103,0.155,0.235,100.0,-0.105,0.0182,0.021,-0.186,0.15,0.115,0.0133,-0.135,0.143,0.109,0.0119,-0.167,0.17,0.143,0.0205,0.154,0.109,0.143,0.238,240.0,-0.0461,0.0266,0.00286,-0.184,0.174,0.136,0.0185,-0.135,0.152,0.111,0.0124,-0.176,0.194,0.153,0.0233,0.142,0.113,0.151,0.238,0.010847560000000001,0.01223124,0.013107559999999999,0.09446532953046526
250000.0,2400.0,-0.0454,0.0182,-0.00362,-0.185,0.184,0.137,0.0187,-0.144,0.146,0.106,0.0113,-0.19,0.194,0.156,0.0242,0.143,0.106,0.155,0.238,240.0,-0.021,-0.0221,-0.00358,-0.171,0.181,0.14,0.0196,-0.139,0.136,0.102,0.0105,-0.185,0.19,0.156,0.0244,0.14,0.103,0.155,0.235,100.0,-0.104,0.0181,0.0213,-0.177,0.149,0.114,0.013,-0.132,0.139,0.106,0.0113,-0.172,0.173,0.142,0.0201,0.152,0.106,0.142,0.235,240.0,-0.0453,0.0254,0.00523,-0.175,0.176,0.137,0.0189,-0.134,0.138,0.109,0.0119,-0.175,0.185,0.152,0.023,0.143,0.111,0.15,0.237,0.01098841,0.01162761,0.012545160000000001,0.06676494959187759
260000.0,2400.0,-0.0464,0.0189,-0.00446,-0.186,0.184,0.137,0.0188,-0.166,0.148,0.105,0.0111,-0.195,0.201,0.155,0.0241,0.143,0.106,0.154,0.237,240.0,-0.0221,-0.0221,-0.00449,-0.182,0.163,0.142,0.0201,-0.145,0.125,0.0999,0.00999,-0.188,0.19,0.155,0.0242,0.142,0.101,0.154,0.234,100.0,-0.106,0.0189,0.0208,-0.186,0.15,0.115,0.0131,-0.128,0.145,0.105,0.0109,-0.175,0.168,0.144,0.0207,0.154,0.104,0.144,0.237,240.0,-0.0464,0.0269,0.00249,-0.183,0.17,0.136,0.0186,-0.124,0.148,0.107,0.0115,-0.176,0.187,0.155,0.024,0.142,0.109,0.154,0.238,0.01047841,0.01125721,0.01222361,0.07723486848352806
270000.0,2400.0,-0.046,0.0181,-0.00416,-0.187,0.181,0.137,0.0189,-0.148,0.152,0.104,0.0109,-0.198,0.198,0.156,0.0245,0.144,0.104,0.156,0.238,240.0,-0.0222,-0.0193,-0.00407,-0.178,0.163,0.143,0.0204,-0.146,0.132,0.101,0.0102,-0.191,0.189,0.157,0.0246,0.143,0.101,0.156,0.236,100.0,-0.104,0.0178,0.022,-0.183,0.148,0.116,0.0135,-0.139,0.135,0.103,0.0105,-0.169,0.166,0.143,0.0206,0.154,0.102,0.144,0.236,240.0,-0.0458,0.0259,0.00234,-0.182,0.179,0.137,0.0188,-0.146,0.152,0.108,0.0117,-0.193,0.183,0.155,0.0239,0.143,0.11,0.154,0.239,0.01057249,0.010816840000000001,0.01237081,0.08667658736100436
280000.0,2400.0,-0.0453,0.0159,-0.00426,-0.19,0.186,0.139,0.0192,-0.143,0.14,0.103,0.0107,-0.205,0.193,0.157,0.0245,0.145,0.103,0.156,0.238,240.0,-0.0204,-0.0234,-0.00426,-0.169,0.169,0.142,0.0201,-0.143,0.126,0.0998,0.00995,-0.205,0.189,0.158,0.0249,0.142,0.101,0.157,0.236,100.0,-0.105,0.0157,0.0211,-0.183,0.14,0.115,0.0133,-0.128,0.137,0.103,0.0106,-0.175,0.165,0.146,0.0213,0.154,0.102,0.146,0.237,240.0,-0.045,0.0258,0.00391,-0.183,0.183,0.138,0.0191,-0.143,0.137,0.107,0.0114,-0.182,0.185,0.154,0.0237,0.144,0.109,0.152,0.237,0.010497560000000001,0.01084649,0.01206564,0.07392780310574944
290000.0,2400.0,-0.047,0.0151,-0.00425,-0.187,0.183,0.138,0.0192,-0.142,0.139,0.103,0.0105,-0.191,0.199,0.156,0.0244,0.145,0.102,0.155,0.237,240.0,-0.0215,-0.0224,-0.00411,-0.181,0.166,0.144,0.0206,-0.138,0.128,0.0943,0.00889,-0.19,0.188,0.156,0.0244,0.144,0.0948,0.155,0.234,100.0,-0.105,0.0153,0.0208,-0.187,0.151,0.117,0.0138,-0.126,0.13,0.102,0.0103,-0.168,0.163,0.143,0.0205,0.156,0.101,0.143,0.236,240.0,-0.047,0.0256,0.00303,-0.185,0.172,0.138,0.0191,-0.124,0.134,0.106,0.0112,-0.178,0.199,0.155,0.024,0.145,0.108,0.154,0.238,0.00939176,0.01053409,0.01185536,0.11637844608091907
300000.0,2400.0,-0.046,0.0155,-0.00458,-0.19,0.185,0.138,0.0191,-0.139,0.141,0.102,0.0103,-0.196,0.2,0.158,0.0249,0.144,0.101,0.157,0.238,240.0,-0.0215,-0.0228,-0.0045,-0.176,0.173,0.142,0.0203,-0.134,0.123,0.0931,0.00866,-0.196,0.189,0.159,0.0252,0.143,0.0933,0.158,0.234,100.0,-0.107,0.0152,0.0224,-0.19,0.147,0.117,0.0136,-0.134,0.128,0.0991,0.00982,-0.172,0.175,0.145,0.021,0.156,0.0983,0.145,0.237,240.0,-0.0461,0.0232,0.00224,-0.189,0.174,0.139,0.0193,-0.134,0.137,0.106,0.0113,-0.181,0.19,0.156,0.0242,0.145,0.108,0.155,0.239,0.00917984,0.01005104,0.01183824,0.1308611410120492
310000.0,2400.0,-0.0459,0.0163,-0.00327,-0.187,0.189,0.139,0.0193,-0.146,0.144,0.0997,0.00994,-0.202,0.203,0.158,0.025,0.145,0.0996,0.157,0.237,240.0,-0.0204,-0.0225,-0.00318,-0.178,0.177,0.144,0.0208,-0.13,0.119,0.0921,0.00848,-0.187,0.192,0.159,0.0251,0.144,0.093,0.157,0.234,100.0,-0.107,0.0161,0.0188,-0.184,0.138,0.113,0.0128,-0.122,0.134,0.1,0.0101,-0.177,0.167,0.146,0.0213,0.154,0.0998,0.146,0.236,240.0,-0.0459,0.0266,0.00326,-0.184,0.176,0.138,0.0191,-0.128,0.136,0.103,0.0106,-0.184,0.191,0.158,0.0249,0.144,0.105,0.157,0.239,0.00898625,0.010359209999999999,0.01130756,0.1142245818131826
320000.0,2400.0,-0.047,0.0196,-0.0044,-0.193,0.188,0.139,0.0192,-0.14,0.144,0.101,0.0101,-0.201,0.195,0.157,0.0246,0.145,0.101,0.156,0.238,240.0,-0.0225,-0.0202,-0.00452,-0.177,0.178,0.144,0.0207,-0.135,0.119,0.0953,0.00908,-0.196,0.191,0.157,0.0246,0.144,0.0959,0.156,0.234,100.0,-0.107,0.0195,0.0207,-0.186,0.144,0.116,0.0135,-0.127,0.129,0.1,0.01,-0.168,0.166,0.143,0.0204,0.157,0.1,0.143,0.236,240.0,-0.0468,0.0245,0.00298,-0.181,0.175,0.138,0.0191,-0.13,0.14,0.102,0.0103,-0.18,0.195,0.157,0.0246,0.145,0.103,0.155,0.238,0.00948804,0.01038025,0.01090025,0.06963931615029072
330000.0,2400.0,-0.0468,0.0182,-0.00495,-0.189,0.188,0.138,0.0191,-0.14,0.139,0.0991,0.00982,-0.193,0.197,0.158,0.0251,0.145,0.0994,0.158,0.237,240.0,-0.0232,-0.0221,-0.00479,-0.177,0.176,0.142,0.02,-0.136,0.125,0.0935,0.00873,-0.187,0.197,0.159,0.0253,0.142,0.0941,0.158,0.234,100.0,-0.11,0.0182,0.0198,-0.187,0.139,0.114,0.013,-0.117,0.127,0.0971,0.00943,-0.184,0.164,0.145,0.0211,0.156,0.097,0.145,0.236,240.0,-0.0468,0.0253,0.00165,-0.18,0.176,0.139,0.0193,-0.133,0.134,0.103,0.0106,-0.186,0.193,0.156,0.0244,0.145,0.104,0.155,0.238,0.00921841,0.00976124,0.01124009,0.10387227328404756
340000.0,2400.0,-0.0463,0.0185,-0.00445,-0.188,0.186,0.139,0.0194,-0.135,0.145,0.0978,0.00957,-0.196,0.203,0.159,0.0252,0.146,0.0982,0.158,0.238,240.0,-0.02,-0.0218,-0.00428,-0.184,0.186,0.145,0.021,-0.131,0.114,0.0923,0.00852,-0.192,0.184,0.159,0.0252,0.145,0.0934,0.158,0.235,100.0,-0.105,0.0185,0.0213,-0.188,0.148,0.118,0.014,-0.123,0.118,0.0974,0.00949,-0.182,0.172,0.144,0.0208,0.157,0.0973,0.144,0.236,240.0,-0.0463,0.0226,0.00133,-0.186,0.175,0.14,0.0196,-0.131,0.135,0.0995,0.0099,-0.185,0.187,0.158,0.0249,0.146,0.101,0.157,0.238,0.00899524,0.00983225,0.010410760000000002,0.07302246532661671
350000.0,2400.0,-0.0474,0.019,-0.00434,-0.196,0.183,0.14,0.0196,-0.133,0.136,0.0963,0.00927,-0.195,0.201,0.159,0.0253,0.147,0.0968,0.158,0.238,240.0,-0.022,-0.0177,-0.00446,-0.175,0.172,0.145,0.0209,-0.133,0.124,0.0906,0.00822,-0.195,0.189,0.159,0.0253,0.145,0.0907,0.158,0.234,100.0,-0.108,0.019,0.02,-0.192,0.152,0.117,0.0136,-0.116,0.13,0.0975,0.0095,-0.177,0.168,0.145,0.0209,0.157,0.0978,0.144,0.236,240.0,-0.0472,0.0246,0.00246,-0.191,0.177,0.139,0.0193,-0.125,0.13,0.0998,0.00996,-0.189,0.194,0.158,0.0251,0.145,0.102,0.157,0.238,0.00853329,0.009861,0.01056516,0.10688306682142912
360000.0,2400.0,-0.0469,0.0183,-0.00401,-0.188,0.182,0.141,0.0199,-0.142,0.14,0.0952,0.00905,-0.198,0.196,0.158,0.0251,0.147,0.0954,0.158,0.237,240.0,-0.0208,-0.0192,-0.00406,-0.177,0.173,0.146,0.0212,-0.135,0.116,0.0898,0.00806,-0.186,0.187,0.158,0.0251,0.146,0.0902,0.157,0.234,100.0,-0.108,0.0182,0.022,-0.186,0.151,0.117,0.0136,-0.116,0.12,0.0932,0.00868,-0.173,0.164,0.146,0.0214,0.157,0.0932,0.147,0.236,240.0,-0.0469,0.0251,0.00215,-0.18,0.177,0.142,0.0201,-0.135,0.127,0.0973,0.00947,-0.175,0.193,0.157,0.0246,0.148,0.0992,0.156,0.238,0.00842864,0.00901124,0.01010001,0.0924146592964139
370000.0,2400.0,-0.0465,0.0178,-0.00394,-0.187,0.187,0.14,0.0197,-0.134,0.137,0.0938,0.00879,-0.198,0.203,0.16,0.0256,0.147,0.0938,0.159,0.237,240.0,-0.0221,-0.0237,-0.00396,-0.179,0.174,0.145,0.021,-0.128,0.116,0.0858,0.00735,-0.198,0.19,0.161,0.0258,0.145,0.0866,0.16,0.234,100.0,-0.106,0.0176,0.0209,-0.184,0.145,0.117,0.0138,-0.121,0.13,0.0925,0.00855,-0.183,0.173,0.148,0.022,0.156,0.0919,0.148,0.236,240.0,-0.0463,0.0256,0.00215,-0.184,0.187,0.14,0.0195,-0.124,0.136,0.0982,0.00964,-0.183,0.19,0.158,0.025,0.146,0.1,0.157,0.238,0.007911689999999999,0.00885976,0.01029536,0.13301705016697446
380000.0,2400.0,-0.0473,0.0182,-0.00416,-0.193,0.183,0.141,0.02,-0.139,0.147,0.0926,0.00857,-0.202,0.2,0.16,0.0257,0.148,0.0928,0.16,0.238,240.0,-0.0206,-0.0202,-0.00423,-0.175,0.175,0.145,0.0209,-0.126,0.113,0.0869,0.00755,-0.186,0.193,0.161,0.0261,0.145,0.0873,0.16,0.234,100.0,-0.108,0.0182,0.0227,-0.189,0.147,0.119,0.0141,-0.114,0.127,0.0917,0.00841,-0.177,0.172,0.147,0.0217,0.159,0.0914,0.147,0.237,240.0,-0.0473,0.0245,0.00394,-0.187,0.18,0.142,0.02,-0.126,0.137,0.0948,0.00898,-0.187,0.189,0.158,0.025,0.148,0.0967,0.157,0.238,0.00795804,0.00874124,0.00958025,0.09261181497774836
390000.0,2400.0,-0.0472,0.0192,-0.00434,-0.195,0.193,0.142,0.0202,-0.134,0.136,0.091,0.00829,-0.209,0.205,0.16,0.0255,0.149,0.0912,0.159,0.238,240.0,-0.0208,-0.0158,-0.00429,-0.183,0.177,0.146,0.0213,-0.119,0.119,0.0867,0.00751,-0.189,0.195,0.16,0.0257,0.146,0.0859,0.159,0.234,100.0,-0.107,0.0192,0.0218,-0.19,0.15,0.119,0.0142,-0.119,0.119,0.0911,0.0083,-0.173,0.166,0.146,0.0213,0.159,0.0909,0.146,0.236,240.0,-0.0469,0.0248,0.00304,-0.189,0.18,0.141,0.02,-0.115,0.126,0.094,0.00883,-0.191,0.191,0.159,0.0253,0.148,0.0958,0.158,0.238,0.00775964,0.00866864,0.00944504,0.09781144263816918
400000.0,2400.0,-0.047,0.0183,-0.00409,-0.196,0.186,0.141,0.02,-0.137,0.134,0.09,0.0081,-0.199,0.201,0.161,0.0258,0.148,0.0903,0.16,0.237,240.0,-0.0215,-0.0214,-0.00398,-0.188,0.171,0.147,0.0216,-0.129,0.107,0.0831,0.0069,-0.197,0.197,0.162,0.0261,0.147,0.0836,0.16,0.235,100.0,-0.107,0.0181,0.0217,-0.186,0.148,0.118,0.0138,-0.129,0.119,0.0882,0.00779,-0.17,0.167,0.146,0.0214,0.158,0.0881,0.146,0.234,240.0,-0.047,0.023,0.00363,-0.192,0.176,0.142,0.0203,-0.129,0.134,0.0935,0.00874,-0.183,0.2,0.16,0.0254,0.149,0.0949,0.158,0.238,0.00735796,0.00811761,0.009269,0.11665450951147724
410000.0,2400.0,-0.0476,0.0174,-0.0045,-0.194,0.188,0.141,0.02,-0.128,0.133,0.089,0.00793,-0.197,0.202,0.162,0.0261,0.148,0.0891,0.161,0.238,240.0,-0.0226,-0.0181,-0.00462,-0.18,0.171,0.145,0.0211,-0.122,0.113,0.0822,0.00676,-0.193,0.192,0.161,0.026,0.146,0.0817,0.16,0.233,100.0,-0.109,0.0172,0.0211,-0.186,0.153,0.12,0.0144,-0.116,0.117,0.089,0.00792,-0.18,0.178,0.149,0.0222,0.16,0.0888,0.149,0.238,240.0,-0.0475,0.0239,0.00275,-0.182,0.177,0.141,0.0198,-0.116,0.126,0.0894,0.00799,-0.186,0.197,0.16,0.0256,0.147,0.0911,0.159,0.236,0.00708761,0.00821584,0.008561210000000001,0.09688125324031288
420000.0,2400.0,-0.0474,0.0185,-0.00381,-0.19,0.186,0.143,0.0204,-0.131,0.134,0.0877,0.0077,-0.203,0.202,0.162,0.0261,0.149,0.0879,0.161,0.238,240.0,-0.0216,-0.0195,-0.0039,-0.186,0.17,0.147,0.0217,-0.131,0.108,0.0815,0.00665,-0.194,0.197,0.162,0.0262,0.147,0.0815,0.161,0.234,100.0,-0.109,0.0183,0.0211,-0.188,0.153,0.122,0.0148,-0.114,0.118,0.0875,0.00765,-0.176,0.174,0.148,0.022,0.162,0.0874,0.148,0.238,240.0,-0.0474,0.0232,0.00325,-0.183,0.182,0.142,0.0202,-0.131,0.129,0.092,0.00846,-0.188,0.193,0.16,0.0256,0.149,0.0933,0.159,0.238,0.00703025,0.00798489,0.008998240000000001,0.12294907395749334
430000.0,2400.0,-0.0473,0.0197,-0.00448,-0.194,0.187,0.142,0.0203,-0.126,0.13,0.0861,0.00742,-0.208,0.201,0.162,0.0263,0.149,0.0865,0.161,0.238,240.0,-0.0211,-0.0155,-0.00478,-0.181,0.178,0.147,0.0216,-0.126,0.109,0.0796,0.00633,-0.203,0.194,0.164,0.0268,0.147,0.0785,0.162,0.235,100.0,-0.108,0.0196,0.0208,-0.186,0.142,0.119,0.0141,-0.105,0.121,0.0836,0.00698,-0.189,0.181,0.15,0.0226,0.159,0.0838,0.15,0.236,240.0,-0.0474,0.0221,0.00343,-0.19,0.182,0.143,0.0204,-0.118,0.129,0.0879,0.00773,-0.194,0.196,0.161,0.0259,0.149,0.0892,0.16,0.238,0.00657025,0.00736416,0.00821841,0.11162426309931099
440000.0,2400.0,-0.048,0.025,-0.00404,-0.197,0.184,0.142,0.0202,-0.125,0.136,0.0848,0.00719,-0.197,0.198,0.162,0.0261,0.149,0.0864,0.161,0.237,240.0,-0.0216,-0.0181,-0.00422,-0.183,0.184,0.146,0.0214,-0.125,0.103,0.0797,0.00635,-0.188,0.191,0.162,0.0261,0.147,0.0795,0.161,0.233,100.0,-0.108,0.0249,0.0186,-0.186,0.151,0.122,0.0148,-0.107,0.11,0.0812,0.00659,-0.182,0.166,0.149,0.0222,0.161,0.0828,0.148,0.236,240.0,-0.0479,0.0244,0.00353,-0.185,0.182,0.142,0.0202,-0.113,0.124,0.0891,0.00794,-0.188,0.197,0.16,0.0256,0.149,0.091,0.159,0.237,0.00667761,0.00721001,0.008535359999999999,0.12799335162702716
450000.0,2400.0,-0.048,0.0289,-0.00472,-0.191,0.187,0.142,0.0202,-0.124,0.125,0.0835,0.00697,-0.205,0.206,0.164,0.0268,0.149,0.0866,0.163,0.239,240.0,-0.0216,-0.0157,-0.00469,-0.191,0.184,0.146,0.0214,-0.124,0.116,0.0788,0.0062,-0.193,0.192,0.164,0.027,0.146,0.0779,0.163,0.234,100.0,-0.11,0.0289,0.021,-0.188,0.144,0.119,0.0143,-0.124,0.117,0.0848,0.00718,-0.177,0.176,0.152,0.023,0.161,0.0876,0.151,0.239,240.0,-0.0479,0.0255,0.00248,-0.185,0.174,0.143,0.0205,-0.124,0.123,0.087,0.00757,-0.192,0.195,0.161,0.026,0.15,0.0888,0.16,0.238,0.00644649,0.00801521,0.00822025,0.12833843282401652
460000.0,2400.0,-0.0479,0.0291,-0.00456,-0.193,0.184,0.143,0.0205,-0.116,0.13,0.0819,0.00671,-0.198,0.201,0.163,0.0264,0.15,0.085,0.162,0.238,240.0,-0.0221,-0.013,-0.00464,-0.189,0.175,0.147,0.0216,-0.113,0.117,0.0792,0.00628,-0.196,0.193,0.164,0.0269,0.147,0.078,0.163,0.235,100.0,-0.109,0.0291,0.0211,-0.189,0.147,0.121,0.0146,-0.107,0.119,0.0813,0.00661,-0.176,0.173,0.15,0.0225,0.161,0.0839,0.15,0.237,240.0,-0.0477,0.0251,0.00205,-0.19,0.173,0.143,0.0205,-0.113,0.13,0.0864,0.00746,-0.186,0.188,0.161,0.026,0.149,0.0883,0.16,0.238,0.006449,0.00745681,0.00809001,0.11287608110815005
470000.0,2400.0,-0.0483,0.031,-0.00394,-0.192,0.191,0.143,0.0204,-0.131,0.131,0.0796,0.00633,-0.198,0.204,0.164,0.0268,0.15,0.0833,0.163,0.238,240.0,-0.0227,-0.00773,-0.00395,-0.181,0.172,0.147,0.0217,-0.118,0.11,0.0744,0.00554,-0.192,0.197,0.164,0.0269,0.148,0.0714,0.163,0.233,100.0,-0.11,0.0307,0.0223,-0.192,0.15,0.12,0.0144,-0.0966,0.113,0.0783,0.00613,-0.184,0.177,0.152,0.023,0.161,0.0818,0.152,0.237,240.0,-0.0483,0.0266,0.00208,-0.189,0.178,0.143,0.0204,-0.118,0.131,0.0845,0.00715,-0.192,0.195,0.162,0.0264,0.149,0.0865,0.161,0.238,0.005599752899999999,0.00707249,0.00785756,0.16749665074869155
480000.0,2400.0,-0.048,0.0314,-0.00431,-0.193,0.187,0.144,0.0207,-0.122,0.125,0.0778,0.00606,-0.198,0.205,0.164,0.0268,0.15,0.0818,0.163,0.238,240.0,-0.0221,0.0027,-0.00419,-0.185,0.176,0.148,0.0218,-0.115,0.113,0.0793,0.00628,-0.196,0.194,0.165,0.0271,0.148,0.0756,0.163,0.235,100.0,-0.111,0.0314,0.0209,-0.193,0.157,0.121,0.0146,-0.11,0.114,0.0786,0.00617,-0.187,0.174,0.151,0.0227,0.162,0.0826,0.15,0.238,240.0,-0.0482,0.0265,0.00369,-0.185,0.175,0.144,0.0206,-0.11,0.118,0.0816,0.00666,-0.187,0.197,0.163,0.0265,0.15,0.0837,0.161,0.238,0.00628729,0.00715596,0.00736225,0.08225896648994224
490000.0,2400.0,-0.0479,0.032,-0.00422,-0.194,0.191,0.144,0.0208,-0.114,0.123,0.077,0.00593,-0.201,0.207,0.164,0.027,0.151,0.0816,0.163,0.238,240.0,-0.0227,0.0149,-0.00438,-0.19,0.178,0.147,0.0215,-0.11,0.118,0.0783,0.00613,-0.196,0.191,0.165,0.0272,0.147,0.0779,0.164,0.235,100.0,-0.111,0.032,0.0202,-0.191,0.152,0.119,0.014,-0.111,0.117,0.0776,0.00603,-0.187,0.168,0.151,0.0229,0.16,0.0818,0.151,0.237,240.0,-0.0478,0.0227,0.00372,-0.187,0.18,0.144,0.0206,-0.11,0.122,0.0819,0.0067,-0.184,0.207,0.163,0.0267,0.15,0.0833,0.162,0.237,0.00635201,0.0070539999999999995,0.00721529,0.06677484379217055
500000.0,2400.0,-0.0482,0.0336,-0.00426,-0.193,0.192,0.144,0.0208,-0.117,0.125,0.0734,0.00539,-0.2,0.206,0.165,0.0272,0.151,0.0782,0.164,0.238,240.0,-0.0215,0.0171,-0.00445,-0.178,0.173,0.146,0.0215,-0.113,0.112,0.0772,0.00596,-0.196,0.2,0.165,0.0273,0.147,0.0767,0.164,0.235,100.0,-0.11,0.0334,0.0235,-0.192,0.153,0.121,0.0146,-0.113,0.109,0.0706,0.00498,-0.178,0.187,0.154,0.0237,0.162,0.0755,0.154,0.238,240.0,-0.0481,0.0294,0.00324,-0.185,0.186,0.144,0.0207,-0.113,0.119,0.0756,0.00571,-0.196,0.2,0.165,0.0273,0.15,0.0772,0.164,0.238,0.00625241,0.00609556,0.00657436,0.03869999980584939
510000.0,2400.0,-0.0475,0.0352,-0.004,-0.198,0.188,0.144,0.0208,-0.114,0.121,0.0732,0.00536,-0.204,0.203,0.164,0.0271,0.151,0.0794,0.164,0.238,240.0,-0.0199,0.0154,-0.00402,-0.179,0.179,0.148,0.0219,-0.111,0.116,0.0751,0.00564,-0.195,0.202,0.165,0.0273,0.148,0.0744,0.164,0.235,100.0,-0.112,0.0354,0.0204,-0.198,0.144,0.122,0.0149,-0.111,0.115,0.0737,0.00544,-0.182,0.163,0.15,0.0225,0.164,0.0799,0.15,0.238,240.0,-0.0473,0.0406,0.00243,-0.189,0.185,0.146,0.0212,-0.111,0.112,0.0744,0.00554,-0.195,0.194,0.162,0.0262,0.152,0.0829,0.161,0.238,0.00587716,0.00669316,0.0071883599999999995,0.10052923211986561
520000.0,2400.0,-0.0483,0.0365,-0.00439,-0.197,0.188,0.145,0.0211,-0.119,0.119,0.0716,0.00512,-0.201,0.208,0.165,0.0272,0.152,0.0779,0.164,0.238,240.0,-0.0217,0.0158,-0.00446,-0.182,0.181,0.148,0.022,-0.113,0.115,0.0745,0.00556,-0.201,0.193,0.166,0.0275,0.149,0.0736,0.165,0.235,100.0,-0.11,0.0363,0.0201,-0.195,0.147,0.122,0.015,-0.0992,0.114,0.0702,0.00493,-0.181,0.174,0.151,0.0227,0.163,0.0767,0.15,0.236,240.0,-0.0482,0.0422,0.00215,-0.191,0.185,0.146,0.0212,-0.0992,0.112,0.0683,0.00467,-0.192,0.199,0.164,0.027,0.152,0.0773,0.163,0.238,0.00580964,0.00624769,0.006450839999999999,0.053115905035126115
530000.0,2400.0,-0.048,0.0419,-0.00439,-0.195,0.192,0.145,0.021,-0.113,0.118,0.0671,0.0045,-0.207,0.206,0.166,0.0275,0.152,0.0766,0.165,0.239,240.0,-0.0208,0.037,-0.00451,-0.195,0.173,0.149,0.0221,-0.0947,0.11,0.0661,0.00437,-0.207,0.195,0.167,0.0278,0.149,0.0731,0.165,0.236,100.0,-0.11,0.0417,0.0225,-0.193,0.153,0.122,0.0148,-0.0863,0.107,0.0632,0.00399,-0.188,0.177,0.155,0.0239,0.162,0.0727,0.155,0.238,240.0,-0.0479,0.0564,0.00209,-0.186,0.184,0.145,0.0211,-0.0877,0.115,0.0547,0.00299,-0.198,0.2,0.166,0.0277,0.152,0.0756,0.165,0.238,0.005738999999999999,0.0057288899999999995,0.00617096,0.04292139694200905
540000.0,2400.0,-0.0483,0.0511,-0.00428,-0.199,0.189,0.146,0.0212,-0.114,0.119,0.0605,0.00366,-0.205,0.204,0.165,0.0273,0.152,0.0764,0.164,0.239,240.0,-0.0201,0.0594,-0.0041,-0.183,0.18,0.148,0.022,-0.0631,0.119,0.0439,0.00193,-0.196,0.203,0.166,0.0274,0.148,0.0687,0.164,0.234,100.0,-0.114,0.0512,0.0193,-0.199,0.145,0.121,0.0146,-0.0973,0.119,0.0589,0.00347,-0.185,0.17,0.152,0.0232,0.164,0.075,0.152,0.238,240.0,-0.0484,0.0845,0.00173,-0.19,0.179,0.145,0.0209,0.00275,0.119,0.0156,0.000245,-0.186,0.203,0.164,0.0268,0.151,0.0845,0.162,0.239,0.005458360000000001,0.00609144,0.007385250000000001,0.1556072815983604
550000.0,2400.0,-0.0485,0.0596,-0.0048,-0.201,0.192,0.145,0.0212,-0.104,0.133,0.0533,0.00284,-0.209,0.209,0.166,0.0275,0.152,0.0773,0.165,0.239,240.0,-0.0218,0.0805,-0.00484,-0.19,0.182,0.148,0.0218,0.0167,0.133,0.0186,0.000347,-0.201,0.202,0.167,0.0278,0.148,0.0805,0.166,0.238,100.0,-0.112,0.0593,0.0199,-0.198,0.148,0.121,0.0147,-0.088,0.115,0.0526,0.00277,-0.183,0.175,0.151,0.0229,0.164,0.076,0.151,0.237,240.0,-0.0485,0.0863,0.00185,-0.185,0.183,0.145,0.021,0.0439,0.115,0.0126,0.000158,-0.195,0.203,0.163,0.0267,0.151,0.0863,0.162,0.239,0.006827250000000001,0.00628649,0.00760569,0.0960198656629936
560000.0,2400.0,-0.0481,0.0665,-0.00426,-0.2,0.19,0.145,0.0209,-0.0946,0.124,0.045,0.00203,-0.205,0.209,0.166,0.0275,0.151,0.0778,0.165,0.239,240.0,-0.02,0.0831,-0.00408,-0.178,0.172,0.147,0.0215,0.0443,0.112,0.0132,0.000175,-0.196,0.199,0.166,0.0275,0.147,0.0831,0.165,0.237,100.0,-0.113,0.0662,0.021,-0.195,0.145,0.119,0.0142,-0.0806,0.111,0.0446,0.00198,-0.181,0.174,0.153,0.0233,0.162,0.0773,0.152,0.238,240.0,-0.0481,0.0871,0.00201,-0.2,0.179,0.144,0.0209,0.0541,0.111,0.0105,0.00011,-0.182,0.198,0.163,0.0266,0.151,0.0871,0.162,0.239,0.0070806099999999985,0.00636244,0.007696409999999999,0.09474783307870417
570000.0,2400.0,-0.0485,0.0797,-0.00414,-0.194,0.191,0.146,0.0212,-0.0525,0.126,0.0231,0.000534,-0.209,0.2,0.165,0.0271,0.152,0.0812,0.164,0.24,240.0,-0.0237,0.0862,-0.00399,-0.185,0.177,0.148,0.0218,0.044,0.122,0.0151,0.000227,-0.196,0.197,0.166,0.0274,0.148,0.0862,0.165,0.239,100.0,-0.111,0.0795,0.0215,-0.194,0.151,0.122,0.0149,-0.0334,0.113,0.0206,0.000423,-0.196,0.184,0.154,0.0236,0.163,0.0807,0.153,0.24,240.0,-0.0485,0.088,0.00208,-0.191,0.184,0.146,0.0212,0.0548,0.122,0.0121,0.000147,-0.191,0.2,0.164,0.0268,0.152,0.088,0.162,0.241,0.00765744,0.00674325,0.007890999999999999,0.08163288735419542
580000.0,2400.0,-0.0485,0.0834,-0.00505,-0.201,0.183,0.145,0.021,0.015,0.121,0.0126,0.00016,-0.208,0.203,0.165,0.0273,0.152,0.0834,0.165,0.24,240.0,-0.0212,0.0841,-0.00515,-0.182,0.176,0.148,0.0218,0.0486,0.114,0.0113,0.000127,-0.196,0.194,0.165,0.0274,0.148,0.0841,0.164,0.238,100.0,-0.112,0.0834,0.0208,-0.19,0.148,0.122,0.0148,0.0539,0.118,0.0118,0.00014,-0.191,0.17,0.153,0.0234,0.164,0.0834,0.153,0.24,240.0,-0.0484,0.0853,0.00207,-0.186,0.176,0.145,0.0211,0.0491,0.121,0.0121,0.000147,-0.187,0.192,0.164,0.0268,0.152,0.0853,0.163,0.239,0.007199809999999999,0.007095560000000001,0.00742309,0.023113651290456273
590000.0,2400.0,-0.0484,0.0812,-0.0036,-0.197,0.191,0.145,0.021,0.0363,0.12,0.013,0.000169,-0.205,0.207,0.166,0.0275,0.152,0.0812,0.165,0.24,240.0,-0.0215,0.0836,-0.00348,-0.181,0.179,0.148,0.0218,0.0394,0.12,0.0139,0.000193,-0.198,0.199,0.167,0.0278,0.148,0.0836,0.166,0.239,100.0,-0.111,0.081,0.0228,-0.197,0.16,0.119,0.0141,0.0446,0.111,0.0132,0.000175,-0.178,0.179,0.155,0.024,0.161,0.081,0.155,0.239,240.0,-0.0486,0.0799,0.00383,-0.195,0.185,0.145,0.021,0.0363,0.109,0.0117,0.000138,-0.189,0.2,0.164,0.027,0.151,0.0799,0.163,0.238,0.0071819599999999985,0.006736,0.00652201,0.049418051634417835
600000.0,2400.0,-0.0485,0.0796,-0.00446,-0.199,0.191,0.146,0.0214,0.0365,0.119,0.0121,0.000147,-0.214,0.209,0.166,0.0275,0.153,0.0796,0.165,0.24,240.0,-0.0214,0.0816,-0.00434,-0.189,0.175,0.149,0.0223,0.0396,0.113,0.0116,0.000136,-0.197,0.199,0.166,0.0276,0.15,0.0816,0.165,0.238,100.0,-0.112,0.0795,0.0207,-0.191,0.15,0.122,0.0149,0.0384,0.104,0.0123,0.000152,-0.182,0.178,0.153,0.0234,0.164,0.0795,0.153,0.239,240.0,-0.0484,0.0799,0.00145,-0.19,0.183,0.147,0.0216,0.0471,0.119,0.0124,0.000155,-0.195,0.201,0.166,0.0274,0.153,0.0799,0.164,0.24,0.006794560000000001,0.006472250000000001,0.00653901,0.02576829828327794
610000.0,2400.0,-0.0488,0.0753,-0.00439,-0.201,0.19,0.147,0.0215,0.0207,0.118,0.013,0.000169,-0.209,0.207,0.167,0.0279,0.153,0.0753,0.166,0.24,240.0,-0.022,0.0768,-0.00437,-0.187,0.169,0.148,0.022,0.04,0.111,0.0127,0.000162,-0.202,0.196,0.167,0.0279,0.149,0.0768,0.166,0.237,100.0,-0.112,0.0751,0.0238,-0.195,0.156,0.124,0.0154,0.0207,0.101,0.0133,0.000177,-0.184,0.184,0.153,0.0235,0.165,0.0751,0.154,0.239,240.0,-0.0488,0.076,0.00436,-0.191,0.184,0.146,0.0214,0.0389,0.111,0.0133,0.000177,-0.19,0.199,0.167,0.028,0.153,0.076,0.166,0.24,0.006060239999999999,0.00581701,0.005953,0.020509728241507253
620000.0,2400.0,-0.0487,0.0746,-0.0044,-0.196,0.193,0.147,0.0216,0.0269,0.11,0.0129,0.000167,-0.209,0.209,0.168,0.0281,0.154,0.0746,0.167,0.24,240.0,-0.0214,0.077,-0.00443,-0.191,0.181,0.151,0.0229,0.0519,0.108,0.0109,0.00012,-0.2,0.198,0.167,0.028,0.151,0.077,0.166,0.239,100.0,-0.112,0.0743,0.0209,-0.195,0.159,0.121,0.0147,0.0347,0.105,0.0133,0.000177,-0.184,0.171,0.154,0.0237,0.163,0.0743,0.154,0.238,240.0,-0.0488,0.0745,0.00294,-0.195,0.193,0.148,0.022,0.0371,0.099,0.0108,0.000116,-0.187,0.207,0.167,0.0279,0.155,0.0745,0.166,0.24,0.0060490000000000006,0.005697490000000001,0.005666249999999999,0.03661756188283172
630000.0,2400.0,-0.0486,0.0724,-0.00475,-0.196,0.189,0.147,0.0217,0.0173,0.115,0.0134,0.00018,-0.205,0.212,0.167,0.0279,0.154,0.0724,0.166,0.239,240.0,-0.0229,0.0751,-0.00471,-0.181,0.174,0.151,0.0227,0.0387,0.106,0.0119,0.000141,-0.205,0.212,0.168,0.0281,0.151,0.0751,0.167,0.238,100.0,-0.111,0.0722,0.0205,-0.191,0.155,0.125,0.0156,0.0266,0.102,0.0142,0.0002,-0.191,0.172,0.155,0.0239,0.165,0.0722,0.154,0.239,240.0,-0.0485,0.0714,0.00195,-0.19,0.189,0.147,0.0217,0.0326,0.108,0.013,0.00017,-0.197,0.204,0.166,0.0276,0.154,0.0714,0.165,0.238,0.00578101,0.0054128399999999995,0.00526796,0.048202370598962825
640000.0,2400.0,-0.0492,0.0733,-0.00477,-0.196,0.186,0.147,0.0217,0.0298,0.118,0.0128,0.000164,-0.201,0.204,0.169,0.0285,0.154,0.0733,0.168,0.241,240.0,-0.0235,0.0748,-0.00476,-0.196,0.179,0.151,0.0228,0.0334,0.104,0.0133,0.000176,-0.196,0.2,0.169,0.0285,0.151,0.0748,0.168,0.239,100.0,-0.112,0.0732,0.0227,-0.193,0.162,0.125,0.0157,0.0439,0.101,0.0112,0.000126,-0.182,0.173,0.156,0.0243,0.166,0.0732,0.156,0.241,240.0,-0.0493,0.0751,0.00299,-0.193,0.182,0.147,0.0217,0.0411,0.109,0.0125,0.000156,-0.191,0.196,0.168,0.0284,0.154,0.0751,0.167,0.241,0.005771040000000001,0.0054842400000000005,0.00579601,0.030480286740169404
650000.0,2400.0,-0.0496,0.0708,-0.00415,-0.201,0.192,0.148,0.0219,0.0223,0.108,0.0135,0.000182,-0.203,0.208,0.168,0.0282,0.155,0.0708,0.167,0.24,240.0,-0.0218,0.0716,-0.00432,-0.188,0.183,0.151,0.0229,0.0354,0.108,0.0136,0.000186,-0.197,0.196,0.169,0.0284,0.152,0.0716,0.168,0.238,100.0,-0.112,0.0705,0.0232,-0.198,0.158,0.122,0.015,0.0429,0.095,0.0119,0.000142,-0.181,0.179,0.156,0.0245,0.164,0.0705,0.157,0.239,240.0,-0.0496,0.0699,0.0034,-0.191,0.192,0.147,0.0217,0.034,0.103,0.0142,0.000201,-0.192,0.201,0.168,0.0282,0.154,0.0699,0.167,0.239,0.00531256,0.005112249999999999,0.00508701,0.023900725915796714
660000.0,2400.0,-0.0488,0.0687,-0.00446,-0.2,0.194,0.148,0.0219,0.0133,0.112,0.0134,0.00018,-0.208,0.211,0.169,0.0285,0.155,0.0687,0.168,0.24,240.0,-0.0204,0.0718,-0.00446,-0.187,0.18,0.15,0.0226,0.0404,0.102,0.0134,0.000179,-0.204,0.205,0.17,0.0288,0.15,0.0718,0.169,0.238,100.0,-0.113,0.0688,0.0232,-0.196,0.152,0.126,0.0158,0.0314,0.101,0.0138,0.000189,-0.184,0.178,0.155,0.024,0.167,0.0688,0.155,0.239,240.0,-0.0488,0.0706,0.00449,-0.187,0.182,0.149,0.0221,0.0378,0.112,0.0127,0.000162,-0.192,0.2,0.166,0.0277,0.155,0.0706,0.165,0.239,0.0053342400000000005,0.00492244,0.005146359999999999,0.040153634375052684
670000.0,2400.0,-0.049,0.0667,-0.00518,-0.2,0.195,0.148,0.022,0.0191,0.106,0.0132,0.000173,-0.203,0.208,0.169,0.0286,0.155,0.0667,0.168,0.239,240.0,-0.0219,0.0723,-0.00511,-0.187,0.177,0.151,0.0227,0.0408,0.101,0.011,0.000121,-0.192,0.197,0.169,0.0284,0.151,0.0723,0.168,0.238,100.0,-0.114,0.0666,0.022,-0.196,0.155,0.124,0.0153,0.0353,0.101,0.0137,0.000189,-0.184,0.181,0.156,0.0242,0.166,0.0666,0.155,0.239,240.0,-0.0489,0.0679,0.00127,-0.189,0.182,0.148,0.0219,0.0302,0.0982,0.0122,0.000149,-0.192,0.2,0.169,0.0285,0.155,0.0679,0.167,0.239,0.00534829,0.004624560000000001,0.00475941,0.07837289475959441
680000.0,2400.0,-0.0495,0.0665,-0.00391,-0.2,0.193,0.149,0.0221,0.0125,0.108,0.0133,0.000176,-0.205,0.208,0.169,0.0287,0.155,0.0665,0.168,0.24,240.0,-0.021,0.069,-0.00386,-0.191,0.185,0.152,0.0231,0.0374,0.0994,0.0117,0.000138,-0.2,0.205,0.17,0.029,0.152,0.069,0.169,0.239,100.0,-0.115,0.0665,0.021,-0.2,0.155,0.125,0.0156,0.0237,0.0935,0.0126,0.000158,-0.184,0.182,0.156,0.0242,0.168,0.0665,0.155,0.239,240.0,-0.0493,0.0661,0.00299,-0.2,0.185,0.149,0.0222,0.0416,0.0956,0.0115,0.000133,-0.191,0.208,0.17,0.0288,0.156,0.0661,0.168,0.24,0.004899000000000001,0.004580250000000001,0.004502210000000001,0.04510512654247005
690000.0,2400.0,-0.0499,0.0607,-0.00426,-0.198,0.193,0.15,0.0224,-0.000209,0.106,0.0134,0.000181,-0.208,0.21,0.17,0.0287,0.157,0.0607,0.169,0.239,240.0,-0.0231,0.0617,-0.0044,-0.189,0.186,0.153,0.0234,0.0226,0.103,0.0143,0.000205,-0.208,0.201,0.169,0.0285,0.153,0.0617,0.168,0.237,100.0,-0.114,0.0607,0.0225,-0.194,0.148,0.125,0.0157,0.0367,0.0943,0.0129,0.000166,-0.191,0.175,0.158,0.0249,0.168,0.0607,0.158,0.24,240.0,-0.0499,0.0629,0.0042,-0.198,0.181,0.149,0.0223,0.0337,0.0928,0.0108,0.000118,-0.201,0.208,0.168,0.0284,0.156,0.0629,0.167,0.239,0.00401189,0.0038504899999999994,0.00407441,0.029038306777562348
700000.0,2400.0,-0.0499,0.0612,-0.00458,-0.201,0.2,0.149,0.0222,0.007,0.104,0.013,0.000169,-0.204,0.211,0.17,0.029,0.156,0.0612,0.169,0.24,240.0,-0.0218,0.0657,-0.00442,-0.19,0.187,0.153,0.0234,0.0333,0.104,0.0125,0.000157,-0.201,0.203,0.17,0.0291,0.153,0.0657,0.169,0.239,100.0,-0.113,0.0609,0.0215,-0.197,0.152,0.125,0.0157,0.027,0.0921,0.0127,0.00016,-0.194,0.179,0.16,0.0254,0.167,0.0609,0.159,0.24,240.0,-0.0498,0.0587,0.00209,-0.192,0.187,0.149,0.0223,0.0261,0.0929,0.0126,0.000158,-0.195,0.209,0.169,0.0286,0.156,0.0587,0.168,0.238,0.004473489999999999,0.0038688100000000003,0.0036036900000000005,0.11195636047795217
710000.0,2400.0,-0.0502,0.0586,-0.00433,-0.2,0.193,0.15,0.0225,0.00179,0.103,0.0139,0.000194,-0.215,0.212,0.17,0.0291,0.157,0.0586,0.17,0.24,240.0,-0.0212,0.0648,-0.00413,-0.2,0.188,0.153,0.0233,0.0267,0.0886,0.0129,0.000166,-0.2,0.212,0.171,0.0291,0.153,0.0648,0.169,0.238,100.0,-0.116,0.0584,0.0225,-0.196,0.157,0.125,0.0156,0.00179,0.0921,0.0155,0.000239,-0.189,0.176,0.158,0.0249,0.169,0.0584,0.158,0.24,240.0,-0.0501,0.0597,0.00295,-0.196,0.193,0.151,0.0227,0.0249,0.0923,0.0134,0.00018,-0.192,0.202,0.17,0.0291,0.157,0.0597,0.169,0.24,0.00436504,0.00364956,0.0037440900000000003,0.0991637574517186
720000.0,2400.0,-0.05,0.0574,-0.00507,-0.201,0.202,0.15,0.0226,-0.00178,0.0996,0.0136,0.000184,-0.215,0.213,0.171,0.0293,0.157,0.0574,0.17,0.24,240.0,-0.0212,0.0545,-0.00497,-0.19,0.185,0.154,0.0236,-0.00178,0.0833,0.0153,0.000234,-0.201,0.207,0.172,0.0296,0.154,0.0545,0.171,0.238,100.0,-0.117,0.0574,0.0224,-0.2,0.149,0.124,0.0154,0.0164,0.0801,0.0134,0.00018,-0.187,0.188,0.158,0.025,0.168,0.0574,0.158,0.239,240.0,-0.0498,0.0594,0.00151,-0.193,0.186,0.15,0.0226,0.0234,0.0875,0.0127,0.000162,-0.198,0.206,0.171,0.0293,0.157,0.0594,0.17,0.24,0.0032042499999999996,0.00347476,0.00369036,0.07046850341834648
730000.0,2400.0,-0.0503,0.0528,-0.00458,-0.202,0.193,0.151,0.0228,-0.00508,0.0947,0.0142,0.000201,-0.209,0.212,0.171,0.0293,0.158,0.0528,0.17,0.24,240.0,-0.0219,0.0565,-0.00477,-0.19,0.182,0.154,0.0236,0.0209,0.0947,0.0128,0.000163,-0.206,0.2,0.171,0.0294,0.154,0.0565,0.17,0.237,100.0,-0.115,0.0528,0.0217,-0.202,0.162,0.129,0.0166,0.0213,0.0804,0.014,0.000195,-0.182,0.175,0.156,0.0244,0.171,0.0528,0.156,0.239,240.0,-0.0501,0.0574,0.0027,-0.194,0.192,0.151,0.0229,0.0296,0.0937,0.0123,0.000151,-0.195,0.206,0.17,0.0288,0.158,0.0574,0.169,0.239,0.00335525,0.0029828399999999996,0.00344576,0.07523075195262292
740000.0,2400.0,-0.0501,0.0538,-0.00443,-0.205,0.197,0.151,0.0229,-0.0177,0.099,0.0137,0.000188,-0.203,0.21,0.171,0.0292,0.158,0.0538,0.17,0.24,240.0,-0.0224,0.0552,-0.00425,-0.191,0.177,0.152,0.0232,0.0251,0.0849,0.012,0.000145,-0.198,0.204,0.171,0.0294,0.153,0.0552,0.17,0.236,100.0,-0.114,0.0534,0.0212,-0.201,0.158,0.128,0.0164,0.000318,0.0866,0.0132,0.000174,-0.186,0.174,0.158,0.0248,0.17,0.0534,0.157,0.239,240.0,-0.0499,0.0547,0.00181,-0.197,0.195,0.151,0.0229,0.0247,0.0888,0.0129,0.000166,-0.203,0.199,0.17,0.0288,0.158,0.0547,0.169,0.239,0.00319204,0.0030255600000000005,0.0031580899999999997,0.028148349015845966
750000.0,2400.0,-0.0506,0.0495,-0.00457,-0.208,0.204,0.152,0.023,-0.0159,0.0973,0.0148,0.000219,-0.215,0.219,0.172,0.0297,0.159,0.0496,0.171,0.24,240.0,-0.0225,0.0544,-0.00483,-0.193,0.187,0.153,0.0236,0.0157,0.0973,0.0154,0.000237,-0.206,0.202,0.173,0.0301,0.154,0.0544,0.172,0.239,100.0,-0.119,0.0496,0.0226,-0.203,0.155,0.125,0.0156,0.0107,0.0911,0.0155,0.00024,-0.189,0.182,0.158,0.0249,0.17,0.0496,0.157,0.239,240.0,-0.0505,0.0555,0.00262,-0.196,0.187,0.152,0.023,0.00718,0.0879,0.0142,0.000202,-0.196,0.206,0.171,0.0292,0.158,0.0555,0.17,0.24,0.0031963599999999997,0.00270016,0.00328225,0.10270133948877812
760000.0,2400.0,-0.0503,0.0488,-0.00439,-0.202,0.199,0.152,0.0231,-5.85e-05,0.0886,0.0138,0.000191,-0.208,0.215,0.172,0.0296,0.159,0.0488,0.171,0.24,240.0,-0.0212,0.0489,-0.00441,-0.19,0.178,0.154,0.0238,0.0165,0.0796,0.0125,0.000157,-0.208,0.21,0.172,0.0295,0.155,0.0489,0.171,0.236,100.0,-0.116,0.0488,0.0227,-0.197,0.152,0.127,0.0161,0.0173,0.0819,0.0127,0.000161,-0.187,0.178,0.159,0.0252,0.17,0.0488,0.159,0.239,240.0,-0.0504,0.0491,0.00416,-0.199,0.19,0.152,0.0232,0.0126,0.0837,0.0129,0.000166,-0.206,0.21,0.17,0.0291,0.159,0.0491,0.169,0.239,0.00254821,0.0025424400000000004,0.0025768099999999997,0.007201363084310254
770000.0,2400.0,-0.0506,0.0429,-0.00464,-0.203,0.194,0.152,0.0232,-0.0155,0.0883,0.0151,0.000227,-0.207,0.209,0.173,0.0298,0.159,0.0429,0.172,0.24,240.0,-0.0225,0.0432,-0.00476,-0.2,0.177,0.156,0.0242,0.000633,0.0802,0.0141,0.000199,-0.203,0.206,0.172,0.0297,0.156,0.0432,0.171,0.237,100.0,-0.115,0.043,0.0228,-0.199,0.162,0.127,0.0162,-0.0124,0.0751,0.0156,0.000242,-0.189,0.176,0.161,0.0258,0.17,0.0432,0.161,0.239,240.0,-0.0506,0.0476,0.00188,-0.195,0.188,0.152,0.0232,0.0161,0.0829,0.0119,0.000142,-0.202,0.203,0.171,0.0293,0.159,0.0476,0.17,0.239,0.0020652400000000003,0.0020909999999999995,0.0024077600000000005,0.08718148088886188
780000.0,2400.0,-0.0508,0.0393,-0.00464,-0.203,0.193,0.153,0.0233,-0.0208,0.0844,0.0158,0.00025,-0.212,0.209,0.174,0.0302,0.16,0.0395,0.173,0.24,240.0,-0.0215,0.0492,-0.00472,-0.195,0.18,0.155,0.0241,0.0153,0.0844,0.0133,0.000176,-0.212,0.207,0.174,0.0301,0.156,0.0492,0.172,0.239,100.0,-0.116,0.039,0.0216,-0.203,0.157,0.127,0.0161,-0.00825,0.067,0.015,0.000226,-0.19,0.181,0.16,0.0257,0.17,0.0393,0.16,0.238,240.0,-0.0508,0.0401,0.00227,-0.197,0.188,0.153,0.0235,0.00554,0.0722,0.0132,0.000173,-0.2,0.205,0.172,0.0295,0.16,0.0401,0.171,0.239,0.00259664,0.001747,0.0017810099999999998,0.2356164256103807
790000.0,2400.0,-0.0508,0.0375,-0.00444,-0.204,0.198,0.153,0.0235,-0.0299,0.0833,0.0162,0.000262,-0.212,0.209,0.173,0.03,0.161,0.0377,0.172,0.24,240.0,-0.0233,0.0372,-0.0045,-0.197,0.186,0.156,0.0243,-0.0185,0.075,0.0174,0.000304,-0.212,0.2,0.174,0.0302,0.156,0.0375,0.173,0.237,100.0,-0.117,0.0374,0.0238,-0.202,0.159,0.128,0.0163,-0.0185,0.0833,0.0165,0.000271,-0.196,0.181,0.16,0.0256,0.171,0.0378,0.16,0.239,240.0,-0.0507,0.0393,0.00321,-0.2,0.198,0.154,0.0236,-0.00616,0.0742,0.0152,0.000231,-0.193,0.209,0.172,0.0295,0.161,0.0395,0.171,0.239,0.0016878399999999997,0.0016697600000000002,0.0017754900000000002,0.03305098003990559
800000.0,2400.0,-0.0512,0.0328,-0.00441,-0.204,0.198,0.153,0.0234,-0.0342,0.0767,0.016,0.000256,-0.217,0.216,0.174,0.0304,0.16,0.0332,0.173,0.24,240.0,-0.0217,0.0373,-0.00445,-0.193,0.182,0.156,0.0243,-0.00371,0.0767,0.0162,0.000263,-0.21,0.201,0.175,0.0305,0.156,0.0373,0.174,0.238,100.0,-0.115,0.0329,0.0231,-0.199,0.165,0.129,0.0167,-0.00561,0.0695,0.0148,0.000219,-0.186,0.181,0.162,0.0261,0.171,0.0331,0.162,0.239,240.0,-0.0512,0.032,0.00306,-0.202,0.197,0.153,0.0235,-0.00585,0.0746,0.0145,0.000209,-0.205,0.208,0.174,0.0302,0.16,0.0321,0.173,0.239,0.0016542899999999999,0.00130141,0.001233,0.16192571262209618
810000.0,2400.0,-0.0509,0.0346,-0.00479,-0.209,0.2,0.153,0.0235,-0.022,0.0825,0.0148,0.00022,-0.213,0.212,0.174,0.0303,0.16,0.0348,0.173,0.24,240.0,-0.0234,0.0391,-0.00488,-0.189,0.181,0.155,0.0239,0.00325,0.0731,0.0135,0.000181,-0.205,0.204,0.175,0.0306,0.155,0.0391,0.174,0.237,100.0,-0.116,0.0346,0.022,-0.197,0.159,0.129,0.0165,0.00617,0.061,0.0144,0.000207,-0.194,0.188,0.162,0.0262,0.171,0.0346,0.162,0.239,240.0,-0.0508,0.0393,0.00237,-0.197,0.186,0.154,0.0237,0.00385,0.0661,0.0131,0.00017,-0.2,0.209,0.173,0.0299,0.161,0.0393,0.171,0.24,0.0017098100000000002,0.0014041599999999998,0.0017144900000000002,0.1104908223573797
820000.0,2400.0,-0.0509,0.0175,-0.0045,-0.206,0.194,0.154,0.0238,-0.0431,0.0684,0.0187,0.000349,-0.207,0.217,0.175,0.0305,0.161,0.0215,0.174,0.239,240.0,-0.0215,0.00924,-0.00456,-0.19,0.192,0.157,0.0246,-0.0395,0.0684,0.0211,0.000444,-0.207,0.209,0.175,0.0306,0.157,0.0197,0.174,0.236,100.0,-0.118,0.0176,0.0228,-0.201,0.156,0.128,0.0163,-0.0317,0.0517,0.0184,0.000339,-0.196,0.181,0.162,0.0262,0.172,0.0212,0.162,0.239,240.0,-0.0507,0.0245,0.00324,-0.201,0.194,0.155,0.0239,-0.0185,0.0591,0.0139,0.000194,-0.2,0.206,0.174,0.0303,0.161,0.0253,0.173,0.239,0.0005293776,0.00064876,0.00079425,0.20176126387180704
830000.0,2400.0,-0.0512,0.0243,-0.00462,-0.203,0.204,0.154,0.0237,-0.043,0.0726,0.0184,0.000337,-0.214,0.212,0.175,0.0306,0.161,0.0263,0.174,0.24,240.0,-0.0222,0.0234,-0.00454,-0.193,0.181,0.157,0.0248,-0.0242,0.0642,0.0183,0.000335,-0.207,0.21,0.176,0.031,0.158,0.0254,0.175,0.238,100.0,-0.117,0.0242,0.0227,-0.199,0.153,0.128,0.0164,-0.0145,0.0624,0.0161,0.000261,-0.19,0.18,0.162,0.0263,0.172,0.0252,0.162,0.239,240.0,-0.0513,0.026,0.00309,-0.196,0.195,0.154,0.0237,-0.0144,0.0671,0.0155,0.000239,-0.202,0.211,0.174,0.0303,0.161,0.0265,0.173,0.239,0.00088256,0.0008466400000000001,0.000915,0.038795960781104526
840000.0,2400.0,-0.0511,0.0212,-0.00473,-0.205,0.201,0.155,0.0239,-0.034,0.0673,0.0175,0.000305,-0.212,0.212,0.175,0.0307,0.162,0.0234,0.174,0.24,240.0,-0.0224,0.0189,-0.00476,-0.202,0.183,0.158,0.0249,-0.0272,0.0673,0.0186,0.000347,-0.212,0.208,0.175,0.0307,0.158,0.0216,0.174,0.237,100.0,-0.117,0.0212,0.0219,-0.201,0.162,0.13,0.0169,-0.0232,0.0647,0.0177,0.000312,-0.198,0.183,0.162,0.0262,0.173,0.024,0.162,0.239,240.0,-0.0511,0.0279,0.00355,-0.2,0.19,0.155,0.0239,-0.0217,0.0605,0.0158,0.000248,-0.203,0.208,0.173,0.0301,0.162,0.0287,0.172,0.239,0.00070421,0.00076144,0.0010264100000000002,0.206936972254199
850000.0,2400.0,-0.0511,0.00468,-0.0044,-0.209,0.205,0.155,0.0239,-0.0533,0.0694,0.019,0.00036,-0.211,0.212,0.176,0.031,0.162,0.0158,0.175,0.24,240.0,-0.0211,0.00506,-0.00436,-0.195,0.184,0.16,0.0255,-0.0415,0.0506,0.0157,0.000245,-0.203,0.208,0.176,0.0311,0.16,0.0122,0.175,0.238,100.0,-0.119,0.00474,0.0218,-0.201,0.167,0.13,0.0169,-0.0404,0.055,0.0181,0.000327,-0.196,0.178,0.164,0.0268,0.174,0.0147,0.163,0.24,240.0,-0.0509,0.00217,0.00313,-0.198,0.195,0.154,0.0237,-0.041,0.0552,0.0191,0.000366,-0.202,0.21,0.176,0.0308,0.161,0.0159,0.174,0.239,0.0002706036,0.0003494676,0.0003707089,0.1597054981909255
860000.0,2400.0,-0.0512,0.00161,-0.00451,-0.203,0.201,0.155,0.024,-0.052,0.0631,0.0175,0.000306,-0.215,0.218,0.177,0.0312,0.162,0.014,0.176,0.241,240.0,-0.0227,0.00634,-0.00449,-0.192,0.189,0.158,0.0251,-0.0332,0.0568,0.0156,0.000244,-0.213,0.204,0.176,0.0311,0.159,0.0129,0.175,0.238,100.0,-0.117,0.00145,0.0223,-0.197,0.158,0.128,0.0164,-0.0373,0.0372,0.0176,0.000308,-0.194,0.182,0.165,0.0274,0.172,0.014,0.165,0.24,240.0,-0.0512,0.00291,0.00258,-0.199,0.193,0.155,0.0242,-0.0405,0.0438,0.0177,0.000313,-0.198,0.212,0.176,0.0308,0.162,0.0149,0.174,0.24,0.0002841956,0.0003101025,0.0003214681,0.0625808970175064
870000.0,2400.0,-0.0513,0.0104,-0.00466,-0.2,0.206,0.155,0.024,-0.0441,0.0632,0.0173,0.000301,-0.217,0.218,0.176,0.031,0.162,0.0165,0.175,0.24,240.0,-0.022,0.00656,-0.00464,-0.193,0.186,0.158,0.0251,-0.0262,0.0505,0.0169,0.000284,-0.206,0.207,0.177,0.0312,0.159,0.0151,0.175,0.238,100.0,-0.119,0.0104,0.0198,-0.199,0.155,0.129,0.0165,-0.0322,0.0465,0.0163,0.000265,-0.194,0.175,0.161,0.0261,0.173,0.0157,0.161,0.238,240.0,-0.0514,0.0104,0.00267,-0.198,0.195,0.155,0.024,-0.0252,0.055,0.0156,0.000243,-0.205,0.207,0.175,0.0306,0.162,0.0152,0.174,0.239,0.0003270336,0.00037316,0.00035116,0.06583332392631976
880000.0,2400.0,-0.0514,0.00897,-0.00481,-0.208,0.202,0.155,0.0242,-0.0518,0.0632,0.0166,0.000276,-0.213,0.217,0.176,0.0309,0.163,0.0153,0.175,0.24,240.0,-0.0208,0.0144,-0.00496,-0.194,0.193,0.159,0.0253,-0.0335,0.0618,0.0187,0.000349,-0.212,0.209,0.176,0.0311,0.159,0.0194,0.175,0.239,100.0,-0.121,0.00884,0.0218,-0.208,0.155,0.13,0.0169,-0.0315,0.0517,0.0169,0.000286,-0.191,0.185,0.163,0.0265,0.175,0.0153,0.162,0.241,240.0,-0.0512,0.0102,0.00347,-0.198,0.201,0.155,0.0241,-0.0359,0.0531,0.0155,0.000242,-0.199,0.214,0.174,0.0304,0.162,0.0149,0.173,0.239,0.00055636,0.0003641456,0.00034604000000000004,0.2760747944999757
890000.0,2400.0,-0.0514,0.00116,-0.00448,-0.206,0.204,0.155,0.0242,-0.0467,0.0539,0.0171,0.000294,-0.21,0.214,0.176,0.0311,0.163,0.014,0.176,0.241,240.0,-0.0221,0.000863,-0.00448,-0.192,0.189,0.159,0.0254,-0.0373,0.0367,0.0171,0.000292,-0.204,0.204,0.177,0.0313,0.16,0.014,0.176,0.239,100.0,-0.118,0.000987,0.0237,-0.205,0.167,0.13,0.0169,-0.035,0.0386,0.0151,0.000228,-0.199,0.184,0.163,0.0266,0.174,0.0121,0.163,0.24,240.0,-0.0515,0.000756,0.00416,-0.2,0.197,0.156,0.0243,-0.0343,0.0539,0.0159,0.000254,-0.2,0.211,0.175,0.0306,0.163,0.0128,0.174,0.24,0.000292744769,0.000228974169,0.000254571536,0.12401789277374257
900000.0,2400.0,-0.0517,0.00712,-0.00476,-0.207,0.196,0.156,0.0242,-0.0458,0.0554,0.0158,0.000249,-0.223,0.214,0.176,0.0311,0.163,0.0139,0.176,0.241,240.0,-0.0225,8.88e-05,-0.00465,-0.204,0.185,0.159,0.0254,-0.0458,0.0442,0.0178,0.000318,-0.216,0.21,0.176,0.0309,0.16,0.0146,0.175,0.238,100.0,-0.117,0.00711,0.0226,-0.201,0.174,0.131,0.0173,-0.0419,0.0431,0.0161,0.000258,-0.198,0.181,0.164,0.0269,0.174,0.014,0.164,0.241,240.0,-0.0517,0.00883,0.00364,-0.198,0.19,0.156,0.0243,-0.0302,0.0554,0.0157,0.000248,-0.205,0.211,0.174,0.0304,0.163,0.0145,0.173,0.239,0.00031800788544,0.0003085521,0.00032596890000000003,0.02746084907079451
910000.0,2400.0,-0.0516,0.00246,-0.0047,-0.212,0.203,0.156,0.0243,-0.056,0.0521,0.0153,0.000233,-0.217,0.221,0.177,0.0312,0.163,0.0122,0.176,0.241,240.0,-0.0217,2.95e-05,-0.00463,-0.201,0.185,0.16,0.0257,-0.0454,0.0321,0.0142,0.000201,-0.212,0.211,0.177,0.0313,0.16,0.0114,0.176,0.239,100.0,-0.119,0.00231,0.0232,-0.212,0.163,0.133,0.0178,-0.0474,0.0338,0.0164,0.000268,-0.19,0.191,0.163,0.0265,0.177,0.0133,0.163,0.242,240.0,-0.0514,0.00209,0.0022,-0.198,0.198,0.156,0.0244,-0.0454,0.0448,0.0156,0.000245,-0.209,0.207,0.176,0.0309,0.163,0.0125,0.175,0.24,0.00020100087025,0.00027333610000000003,0.0002493681,0.1527434510428548
920000.0,2400.0,-0.0515,0.00496,-0.00461,-0.21,0.204,0.156,0.0243,-0.0462,0.0618,0.0165,0.000273,-0.213,0.22,0.177,0.0313,0.163,0.0139,0.176,0.241,240.0,-0.0221,-0.0018,-0.0045,-0.194,0.191,0.158,0.025,-0.0462,0.0451,0.0204,0.000416,-0.206,0.211,0.177,0.0314,0.158,0.0167,0.176,0.239,100.0,-0.12,0.00485,0.0237,-0.21,0.152,0.129,0.0166,-0.0416,0.0489,0.0177,0.000312,-0.195,0.187,0.163,0.0265,0.174,0.0142,0.163,0.24,240.0,-0.0515,0.0111,0.00368,-0.202,0.195,0.156,0.0243,-0.0262,0.0457,0.0124,0.000153,-0.199,0.211,0.177,0.0313,0.163,0.0133,0.176,0.241,0.00041924,0.0003355225,0.00027621000000000004,0.20910696822222433
930000.0,2400.0,-0.0515,0.00164,-0.00494,-0.205,0.209,0.156,0.0243,-0.0602,0.0488,0.0149,0.000223,-0.216,0.215,0.177,0.0313,0.163,0.0119,0.176,0.241,240.0,-0.0235,0.0017,-0.00488,-0.202,0.185,0.159,0.0251,-0.0464,0.0382,0.0143,0.000206,-0.205,0.209,0.177,0.0315,0.159,0.0114,0.176,0.239,100.0,-0.117,0.00173,0.024,-0.205,0.163,0.129,0.0165,-0.0362,0.0394,0.0169,0.000285,-0.199,0.18,0.165,0.0273,0.172,0.0139,0.165,0.24,240.0,-0.0516,0.00598,0.00275,-0.198,0.197,0.156,0.0242,-0.0279,0.0488,0.0157,0.000248,-0.196,0.215,0.177,0.0314,0.163,0.0129,0.176,0.241,0.00020889,0.00028799289999999997,0.0002837604,0.17100747628778495
940000.0,2400.0,-0.052,0.00289,-0.00462,-0.205,0.199,0.156,0.0244,-0.0416,0.0459,0.0146,0.000214,-0.214,0.212,0.177,0.0313,0.164,0.0121,0.176,0.242,240.0,-0.0234,0.00636,-0.00467,-0.203,0.183,0.16,0.0257,-0.0407,0.0419,0.0128,0.000164,-0.21,0.212,0.178,0.0316,0.161,0.0113,0.177,0.24,100.0,-0.118,0.00256,0.0222,-0.203,0.16,0.131,0.0171,-0.0314,0.0331,0.0143,0.000205,-0.201,0.183,0.164,0.027,0.175,0.0115,0.164,0.241,240.0,-0.052,0.00334,0.00288,-0.204,0.194,0.156,0.0245,-0.0277,0.0459,0.0144,0.000209,-0.199,0.209,0.177,0.0313,0.164,0.0118,0.176,0.242,0.0002044496,0.0002115536,0.00022015560000000002,0.03708931144341746
950000.0,2400.0,-0.0523,0.0048,-0.00455,-0.207,0.2,0.157,0.0246,-0.0486,0.046,0.0142,0.000201,-0.212,0.223,0.177,0.0313,0.164,0.0121,0.176,0.242,240.0,-0.0219,0.0028,-0.00483,-0.195,0.187,0.16,0.0255,-0.0334,0.0369,0.0149,0.000221,-0.209,0.207,0.177,0.0314,0.16,0.0124,0.176,0.239,100.0,-0.12,0.00488,0.024,-0.201,0.16,0.13,0.017,-0.0285,0.0382,0.0146,0.000212,-0.198,0.185,0.162,0.0264,0.175,0.0122,0.163,0.24,240.0,-0.0525,0.00514,0.00264,-0.201,0.193,0.157,0.0248,-0.0293,0.04,0.0147,0.000215,-0.2,0.208,0.175,0.0307,0.165,0.0123,0.174,0.241,0.00022884,0.0002358144,0.0002414196,0.02677710864863831
960000.0,2400.0,-0.0516,0.00285,-0.00505,-0.212,0.202,0.157,0.0246,-0.048,0.05,0.0153,0.000233,-0.22,0.214,0.177,0.0314,0.164,0.0124,0.176,0.242,240.0,-0.0216,0.000118,-0.00494,-0.195,0.192,0.161,0.0258,-0.048,0.0389,0.0159,0.000254,-0.214,0.208,0.178,0.0316,0.161,0.0128,0.177,0.24,100.0,-0.12,0.00281,0.0235,-0.205,0.162,0.133,0.0177,-0.0281,0.0484,0.0156,0.000244,-0.197,0.184,0.163,0.0266,0.177,0.0118,0.163,0.242,240.0,-0.0518,0.00547,0.00222,-0.199,0.193,0.158,0.0248,-0.0315,0.0326,0.013,0.000169,-0.202,0.211,0.177,0.0314,0.164,0.0113,0.176,0.242,0.000254013924,0.00025189609999999997,0.00019892089999999998,0.1328598432218173
970000.0,2400.0,-0.0521,0.00516,-0.00451,-0.206,0.207,0.156,0.0245,-0.0411,0.0469,0.0145,0.00021,-0.212,0.22,0.177,0.0314,0.164,0.0124,0.176,0.242,240.0,-0.0233,0.00039,-0.00456,-0.201,0.189,0.159,0.0254,-0.0411,0.0448,0.015,0.000224,-0.211,0.209,0.178,0.0318,0.16,0.0117,0.177,0.24,100.0,-0.119,0.00501,0.0243,-0.206,0.157,0.128,0.0163,-0.0335,0.0389,0.0125,0.000157,-0.198,0.185,0.165,0.0274,0.173,0.0106,0.166,0.241,240.0,-0.052,0.00903,0.003,-0.197,0.189,0.156,0.0243,-0.0341,0.0449,0.0146,0.000213,-0.199,0.212,0.177,0.0312,0.163,0.014,0.175,0.241,0.00022415209999999998,0.0001821001,0.0002945409,0.24320612786894377
980000.0,2400.0,-0.0524,-0.000464,-0.00493,-0.206,0.198,0.157,0.0245,-0.0498,0.0453,0.0143,0.000204,-0.215,0.227,0.178,0.0317,0.164,0.0114,0.177,0.243,240.0,-0.0226,0.00277,-0.00478,-0.193,0.19,0.161,0.0258,-0.0374,0.0394,0.0136,0.000186,-0.215,0.211,0.178,0.0318,0.161,0.0113,0.177,0.24,100.0,-0.12,-0.000621,0.0223,-0.204,0.165,0.13,0.017,-0.0409,0.0284,0.0142,0.000202,-0.211,0.179,0.166,0.0276,0.175,0.0114,0.166,0.243,240.0,-0.0523,-0.00268,0.00189,-0.203,0.197,0.157,0.0247,-0.0376,0.0319,0.0142,0.0002,-0.214,0.214,0.178,0.0317,0.164,0.0118,0.177,0.243,0.0001936729,0.000202385641,0.0002071824,0.03405947629904671
990000.0,2400.0,-0.052,0.00185,-0.00479,-0.211,0.206,0.157,0.0248,-0.0453,0.0497,0.0139,0.000192,-0.218,0.218,0.177,0.0314,0.165,0.0112,0.176,0.243,240.0,-0.0222,0.00269,-0.00472,-0.204,0.193,0.162,0.0262,-0.0274,0.0378,0.0146,0.000213,-0.213,0.217,0.178,0.0318,0.162,0.0122,0.177,0.241,100.0,-0.118,0.00166,0.0245,-0.203,0.164,0.132,0.0174,-0.0301,0.0294,0.0128,0.000165,-0.202,0.188,0.165,0.0274,0.175,0.0101,0.166,0.242,240.0,-0.0522,0.00177,0.00288,-0.2,0.202,0.156,0.0245,-0.0347,0.0374,0.0147,0.000217,-0.204,0.218,0.177,0.0315,0.163,0.0119,0.176,0.242,0.0002202361,0.0001677556,0.00022013289999999998,0.14932737555113984
1000000.0,2400.0,-0.052,0.00207,-0.00452,-0.207,0.207,0.157,0.0247,-0.0464,0.0379,0.0138,0.000189,-0.212,0.215,0.178,0.0318,0.164,0.0112,0.178,0.243,240.0,-0.0231,0.00471,-0.00452,-0.194,0.184,0.159,0.0252,-0.0292,0.0319,0.012,0.000144,-0.205,0.213,0.178,0.0318,0.159,0.0104,0.177,0.239,100.0,-0.12,0.00197,0.0225,-0.207,0.155,0.131,0.0171,-0.0254,0.0306,0.0126,0.00016,-0.195,0.184,0.163,0.0266,0.175,0.0107,0.163,0.241,240.0,-0.052,0.00138,0.00324,-0.207,0.195,0.157,0.0245,-0.0464,0.0289,0.0122,0.000148,-0.201,0.212,0.177,0.0315,0.164,0.00984,0.176,0.242,0.0001661841,0.00016388090000000002,0.0001499044,0.055064787477149574
