case,legacy_case,TimeStep,simtime,s1,s2,s3,p1,p2,p3,Px,Py,Pz,Px_mean,Py_mean,Pz_mean,Px_min,Px_max,Px_std,Px_var,Py_min,Py_max,Py_std,Py_var,Pz_min,Pz_max,Pz_std,Pz_var,absPx_mean,absPy_mean,absPz_mean,absP_mean,qdiff_absmax,strain_y,stress_y,M2y,M2y_sqrt,m_y,progress_M2y,absPy_mean_norm,Py_mean_norm,stress_smooth,delta_sigma_serr,S_rms,H_M2_sections,is_loading,pred_M1_linear_sep,resid_pred_M1_linear_sep,pred_M1_quadratic_sep,resid_pred_M1_quadratic_sep,pred_M2_common,resid_pred_M2_common,pred_M3_structure,resid_pred_M3_structure,pred_M4_common_Ae,resid_pred_M4_common_Ae,pred_M5_common_AM,resid_pred_M5_common_AM,pred_M6_cross_from_90DW,resid_pred_M6_cross_from_90DW
Ref,single,10000,0.3775,5.86e-05,-0.00015098,-6.89e-05,-0.002050983,-0.030818142,-0.002580743,-17.56418428,-10.89788981,-13.69077667,-0.0433,0.0221,-0.00422,-0.194,0.174,0.128,0.0164,-0.178,0.172,0.129,0.0167,-0.191,0.19,0.146,0.0214,0.134,0.13,0.145,0.238,0.0,0.00015098,0.030818142,0.01718841,0.13110457657915683,1.0,0.0,1.0,1.0,0.04489196881818182,-0.014073826818181819,0.011155961182573752,0.07503538374953996,True,0.013374011212485735,0.017444130787514264,0.00869675734192852,0.02212138465807148,0.0343433855680544,-0.0035252435680543995,0.032076693989775806,-0.0012585519897758066,0.029710620719465154,0.0011075212805348456,0.03124318423155022,-0.00042504223155022045,0.028844072439150936,0.0019740695608490635
Ref,single,20000,0.8775,0.000157331,-0.00035098,7.32e-05,-0.000708983,-0.038134531,-0.002606779,-17.58695826,-11.03319134,-13.68331059,-0.0436,0.0223,-0.00349,-0.18,0.175,0.13,0.017,-0.168,0.171,0.128,0.0164,-0.189,0.188,0.146,0.0214,0.136,0.129,0.145,0.239,0.0,0.00035098,0.038134531,0.016897290000000002,0.12998957650519521,0.9830630058277643,0.01693699417223571,0.9923076923076923,1.009049773755656,0.04989967154545455,-0.01176514054545455,0.010412834511663409,0.08831579593390992,True,0.031090279873878947,0.0070442511261210525,0.020363243566109347,0.017771287433890653,0.035920846065420294,0.0022136849345797058,0.036973910968396105,0.0011606200316038942,0.03620720313417785,0.0019273278658221496,0.03671169917827598,0.0014228318217240216,0.031645267939404705,0.006489263060595295
Ref,single,30000,1.3775,0.000245763,-0.00055098,0.00015156,-0.000873102,-0.050871451,-0.004496612,-17.60624426,-11.02977942,-13.69797925,-0.0441,0.0224,-0.00406,-0.189,0.176,0.129,0.0167,-0.174,0.17,0.128,0.0163,-0.187,0.19,0.148,0.0218,0.135,0.128,0.146,0.239,0.0,0.00055098,0.050871451,0.01680176,0.1296216031377486,0.9775051909978874,0.022494809002112648,0.9846153846153846,1.0135746606334841,0.05567025209090909,-0.004798801090909091,0.009747293255008166,0.0680863493927723,True,0.04880654853527216,0.00206490246472784,0.03219620815999428,0.01867524284000572,0.06700375752718524,-0.01613230652718524,0.0671288557182609,-0.0162574047182609,0.06478119220305151,-0.01390974120305151,0.06631229790074955,-0.015440846900749552,0.058235409445364844,-0.007363958445364846
Ref,single,40000,1.8775,0.000405318,-0.00075098,0.000109655,-0.001091254,-0.065139668,-0.004739463,-17.59740848,-11.03932564,-13.68926054,-0.042,0.0221,-0.00392,-0.178,0.187,0.129,0.0167,-0.168,0.172,0.126,0.0159,-0.191,0.192,0.149,0.0223,0.135,0.127,0.148,0.239,0.0,0.00075098,0.065139668,0.016388410000000003,0.1280172254034589,0.9534570096943231,0.04654299030567688,0.9769230769230769,1.0,0.06334121172727272,0.0017984562727272752,0.008826072573291658,0.055516834416632355,True,0.06652281719666538,-0.0013831491966653786,0.04419565112358332,0.020944016876416678,0.05014238540847374,0.01499728259152626,0.05624176846108549,0.008897899538914511,0.05748094750319724,0.0076587204968027595,0.056699956975959795,0.008439711024040203,0.046170186057753415,0.018969481942246583
Ref,single,50000,2.3775,0.000262813,-0.00095098,0.000432242,-0.00272694,-0.07517192,-0.001878922,-17.60675163,-11.0071757,-13.69984482,-0.0432,0.0213,-0.00379,-0.183,0.174,0.13,0.0169,-0.168,0.173,0.125,0.0157,-0.185,0.193,0.148,0.022,0.136,0.126,0.147,0.238,0.0,0.00095098,0.07517192,0.01615369,0.12709716755301825,0.9398012963386373,0.06019870366136271,0.9692307692307692,0.9638009049773755,0.07124286254545453,0.00392905745454547,0.007881270787977797,0.08176433622657343,True,0.08423908585805859,-0.009067165858058585,0.056361572456876466,0.018810347543123537,0.06022798760220445,0.014943932397795553,0.06842226089498517,0.006749659105014835,0.07034373338073827,0.004828186619261737,0.06912715858842554,0.006044761411574465,0.05583112159953149,0.019340798400468512
Ref,single,60000,2.8775,0.000468208,-0.00115098,0.000412872,-0.002161827,-0.079585235,-0.00252975,-17.63030102,-11.10970981,-13.69692105,-0.0437,0.0214,-0.00353,-0.186,0.175,0.13,0.0168,-0.168,0.169,0.125,0.0156,-0.19,0.185,0.149,0.0222,0.135,0.125,0.148,0.238,0.0,0.00115098,0.079585235,0.01605796,0.12672000631313116,0.9342318457611843,0.06576815423881566,0.9615384615384615,0.9683257918552035,0.08026021627272728,-0.0006749812727272764,0.006744070240476278,0.07389736876991197,True,0.1019553545194518,-0.022370119519451795,0.06869397215987372,0.010891262840126287,0.09128072834873509,-0.011695493348735084,0.09855137842692434,-0.018966143426924334,0.09889514726002822,-0.01930991226002822,0.09870308111704984,-0.019117846117049836,0.0823969377861963,-0.0028117027861963018
Ref,single,70000,3.3775,0.000600038,-0.00135098,0.000492523,-0.001042175,-0.085902872,-0.003341303,-17.63719456,-11.11967855,-13.70800668,-0.0439,0.0209,-0.00456,-0.182,0.18,0.131,0.017,-0.162,0.171,0.124,0.0153,-0.189,0.19,0.15,0.0224,0.136,0.124,0.149,0.239,0.0,0.00135098,0.085902872,0.01573681,0.12544644275546438,0.9155477440903492,0.08445225590965078,0.9538461538461538,0.9457013574660632,0.09056771718181819,-0.004664845181818186,0.005266206865528914,0.09661110067306854,True,0.11967162318084502,-0.03376875118084502,0.08119285023257508,0.004710021767424924,0.08832805595351466,-0.0024251839535146535,0.09957063863387675,-0.01366776663387674,0.10200206495862814,-0.016099192958628133,0.10046646555717634,-0.014563593557176333,0.08154568659412734,0.004357185405872668
Ref,single,80000,3.8775,0.000647916,-0.00155098,0.000585664,-0.001641961,-0.094294528,-0.001698199,-17.64688324,-11.0454188,-13.68192362,-0.0437,0.0229,-0.0042,-0.186,0.174,0.131,0.0171,-0.165,0.17,0.121,0.0148,-0.189,0.196,0.151,0.0227,0.137,0.122,0.15,0.238,0.0,0.00155098,0.094294528,0.01532441,0.12379180102090769,0.8915548325877728,0.1084451674122272,0.9384615384615385,1.0361990950226243,0.10139954290909092,-0.00710501490909092,0.0039097095058063455,0.07056492896524796,True,0.1373878918422382,-0.043093363842238205,0.09385820667498054,0.0004363213250194592,0.07160999473217049,0.022684533267829515,0.08880623066185188,0.005488297338148124,0.09480905240929983,-0.0005145244092998325,0.09097133655317427,0.0033231914468257323,0.06959600847317232,0.02469851952682768
Ref,single,90000,4.3775,0.000712972,-0.00175098,0.000681068,-0.002363176,-0.115198698,-0.002272591,-17.6533644,-11.05038956,-13.70064326,-0.0436,0.0219,-0.00383,-0.187,0.179,0.131,0.0171,-0.163,0.166,0.122,0.0149,-0.194,0.197,0.149,0.0222,0.137,0.122,0.148,0.238,0.0,0.00175098,0.115198698,0.01537961,0.12401455559731689,0.8947662989188645,0.1052337010811355,0.9384615384615385,0.9909502262443438,0.11205851563636365,0.0031401823636363485,0.0037732657919021923,0.07078255562122403,True,0.15510416050363143,-0.03990546250363143,0.10669004148709012,0.008508656512909885,0.1254310657310497,-0.010232367731049699,0.13842585820204314,-0.023227160202043143,0.1403968331085325,-0.025198135108532485,0.1391691487708098,-0.023970450770809795,0.11451892686670531,0.0006797711332946904
Ref,single,100000,4.8775,0.00088194,-0.00195098,0.000732489,-0.0025812,-0.117736301,-0.002714159,-17.6647997,-11.20126584,-13.70525313,-0.0448,0.0206,-0.00395,-0.188,0.182,0.132,0.0174,-0.16,0.168,0.121,0.0146,-0.187,0.187,0.15,0.0226,0.138,0.121,0.149,0.238,0.0,0.00195098,0.117736301,0.01502436,0.12257389607905918,0.8740983022862499,0.12590169771375015,0.9307692307692307,0.9321266968325791,0.122679599,-0.004943297999999999,0.00379627595862484,0.08815392334078893,True,0.17282042916502463,-0.05508412816502463,0.11968835466890379,-0.0019520536689037887,0.1173342863882037,0.00040201461179630027,0.1350415777525228,-0.01730527675252279,0.139654680982975,-0.02191837998297501,0.13672524215948653,-0.01898894115948653,0.10952020873463608,0.00821609226536392
Ref,single,110000,5.3775,0.000970235,-0.00215098,0.000815413,-0.001962445,-0.130009033,-0.002799771,-17.68244179,-11.22450614,-13.68383221,-0.0441,0.0211,-0.00417,-0.188,0.189,0.133,0.0176,-0.165,0.162,0.12,0.0143,-0.189,0.191,0.151,0.0227,0.139,0.12,0.15,0.238,0.0,0.00215098,0.130009033,0.01474521,0.12142985629572325,0.8578577076064626,0.14214229239353737,0.923076923076923,0.9547511312217194,0.13389763136363636,-0.003888598363636364,0.0036309823156128167,0.059136627727074446,True,0.19053669782641786,-0.06052766482641786,0.13285314622042158,-0.002844113220421579,0.12071746419240412,0.009291568807595879,0.14148455372404517,-0.011475520724045174,0.14750238849431963,-0.01749335549431963,0.14367062730814298,-0.013661594308142982,0.11377727459476628,0.01623175840523372
Ref,single,120000,5.8775,0.001125362,-0.00235098,0.000805099,0.000548417,-0.144200652,-0.003797157,-17.72062127,-11.2987383,-13.69468486,-0.0448,0.0185,-0.00383,-0.185,0.176,0.132,0.0175,-0.163,0.164,0.119,0.0141,-0.19,0.187,0.151,0.0227,0.139,0.119,0.15,0.238,0.0,0.00235098,0.144200652,0.01444225,0.12017591272796725,0.8402318771777029,0.15976812282229713,0.9153846153846154,0.83710407239819,0.14588218881818182,-0.0016815368181818113,0.00364249754273326,0.057985694925280204,True,0.20825296648781105,-0.06405231448781104,0.14618441614164346,-0.001983764141643446,0.12050881834783783,0.02369183365216218,0.14485279940141513,-0.0006521474014151152,0.15266251968562985,-0.008461867685629842,0.1476783115789401,-0.0034776595789400844,0.11513841119268564,0.02906224080731437
Ref,single,130000,6.3775,0.001113045,-0.00255098,0.000980908,-0.000444024,-0.157284614,-0.002277779,-17.71148843,-11.23233435,-13.70934426,-0.0449,0.0206,-0.00396,-0.183,0.173,0.132,0.0175,-0.157,0.16,0.118,0.0139,-0.188,0.187,0.151,0.0228,0.138,0.118,0.15,0.237,0.0,0.00255098,0.157284614,0.01432436,0.11968441836763881,0.8333731857687825,0.1666268142312175,0.9076923076923076,0.9321266968325791,0.15850950681818182,-0.001224892818181833,0.0033795815134572693,0.09210655651266769,True,0.22596923514920428,-0.06868462114920429,0.15968216443256947,-0.0023975504325694785,0.1482186438462925,0.009065970153707498,0.17212026118709495,-0.014835647187094958,0.17871260255895693,-0.021427988558956945,0.17452011182896804,-0.01723549782896805,0.13900898200133244,0.018275631998667552
Ref,single,140000,6.8775,0.001159782,-0.00275098,0.001125746,-0.002030715,-0.168120151,-0.001514947,-17.73154029,-11.30240347,-13.7088781,-0.0451,0.0186,-0.00432,-0.19,0.182,0.134,0.0179,-0.16,0.16,0.117,0.0136,-0.192,0.188,0.152,0.023,0.14,0.117,0.151,0.238,0.0,0.00275098,0.168120151,0.013945959999999999,0.11809301418796964,0.8113583513541972,0.1886416486458028,0.9,0.841628959276018,0.17151091218181816,-0.0033907611818181638,0.00261470405259648,0.07399012650178811,True,0.2436855038105975,-0.07556535281059751,0.17334639109319958,-0.00522624009319958,0.13662960421495574,0.03149054678504426,0.16574648026257913,0.0023736707374208688,0.1753573722389934,-0.0072372212389933965,0.16921993577949038,-0.0010997847794903814,0.13119460816072925,0.03692554283927074
Ref,single,150000,7.3775,0.001323088,-0.00295098,0.001116131,-0.002096519,-0.181971585,-0.003628717,-17.75751401,-11.26834384,-13.71118768,-0.0451,0.0199,-0.00373,-0.185,0.175,0.133,0.0178,-0.155,0.161,0.117,0.0136,-0.187,0.191,0.152,0.0232,0.14,0.117,0.151,0.239,0.0,0.00295098,0.181971585,0.01399601,0.11830473363310531,0.8142701971851962,0.18572980281480378,0.9,0.9004524886877828,0.18424103109090906,-0.0022694460909090663,0.0026755797772950347,0.07754972049575452,True,0.2614017724719907,-0.07943018747199071,0.1871770961235338,-0.005205511123533818,0.18967377929652526,-0.007702194296525272,0.21470105694116262,-0.03272947194116263,0.2203638418064254,-0.03839225680642541,0.21678233600548488,-0.03481075100548489,0.17549114958238565,0.006480435417614339
Ref,single,160000,7.8775,0.001323673,-0.00315098,0.001262726,-0.002086139,-0.198570276,-0.00374881,-17.74202673,-11.26755557,-13.70683125,-0.0448,0.019,-0.0039,-0.185,0.183,0.134,0.0179,-0.155,0.169,0.116,0.0134,-0.188,0.194,0.152,0.023,0.14,0.116,0.151,0.238,0.0,0.00315098,0.198570276,0.013761,0.11730728877610291,0.8005976119955249,0.19940238800447507,0.8923076923076924,0.8597285067873303,0.19717994218181817,0.0013903338181818214,0.0027688396650152715,0.08926872303985403,True,0.2791180411333839,-0.08054776513338391,0.2011742795235721,-0.0026040035235721237,0.1997156339531655,-0.0011453579531655045,0.22684409990906954,-0.028273823909069545,0.23319389365906948,-0.03462361765906949,0.22917375713686863,-0.030603481136868643,0.18511681341118486,0.013453462588815135
Ref,single,170000,8.3775,0.001477351,-0.00335098,0.001290955,-0.001462021,-0.211415367,-0.004587808,-17.76460531,-11.19978005,-13.71538852,-0.0446,0.0202,-0.00407,-0.182,0.174,0.133,0.0178,-0.156,0.157,0.114,0.013,-0.192,0.195,0.154,0.0236,0.139,0.115,0.153,0.238,0.0,0.00335098,0.211415367,0.01340804,0.11579309133104616,0.7800628446726602,0.21993715532733982,0.8846153846153846,0.9140271493212668,0.2102419475454546,0.0011734194545453824,0.003017789644119404,0.07370308385745687,True,0.29683430979477715,-0.08541894279477716,0.21533794129331454,-0.003922574293314551,0.1919643092997639,0.019451057700236085,0.22375554110480772,-0.012340174104807727,0.2327102274542544,-0.02129486045425441,0.2270123929451293,-0.015597025945129295,0.18039662018505692,0.03101874681494307
Ref,single,180000,8.8775,0.001521609,-0.00355098,0.001444763,-0.001594746,-0.22480337,-0.002763888,-17.76758197,-11.20024551,-13.71705874,-0.0452,0.0207,-0.00428,-0.194,0.18,0.135,0.0183,-0.15,0.155,0.112,0.0126,-0.199,0.192,0.152,0.0231,0.142,0.113,0.151,0.237,0.0,0.00355098,0.22480337,0.01302849,0.11414241104865448,0.7579811047095106,0.24201889529048937,0.8692307692307693,0.9366515837104071,0.22359821772727279,0.0012051522727272168,0.003120512363391004,0.07139460372255677,True,0.31455057845617035,-0.08974720845617035,0.22966808143276107,-0.004864711432761071,0.18020178805582437,0.04460158194417563,0.21723325367721472,0.007570116322785286,0.2292251897941803,-0.004421819794180298,0.22157032878101354,0.00323304121898646,0.17244237575850097,0.05236099424149904
Ref,single,190000,9.3775,0.001648079,-0.00375098,0.001512648,-0.000749793,-0.237309987,-0.002572636,-17.78346415,-11.18905066,-13.72131919,-0.0453,0.0197,-0.00385,-0.187,0.176,0.134,0.0181,-0.15,0.156,0.112,0.0125,-0.192,0.195,0.154,0.0237,0.141,0.112,0.153,0.238,0.0,0.00375098,0.237309987,0.012888090000000001,0.11352572395717193,0.7498128099108644,0.2501871900891356,0.8615384615384615,0.8914027149321265,0.23752771090909094,-0.0002177239090909444,0.003129323602039968,0.07408813192264653,True,0.33226684711756355,-0.09495686011756355,0.24416469994191173,-0.006854712941911728,0.20451589955454189,0.032794087445458114,0.24159386208526445,-0.004283875085264455,0.2527344350797721,-0.015424448079772113,0.2456348234132081,-0.008324836413208109,0.19357513188036202,0.04373485511963798
Ref,single,200000,9.8775,0.001773522,-0.00395098,0.001501049,-0.001466909,-0.255230006,-0.002337274,-17.80113922,-11.25479511,-13.72706084,-0.0448,0.0199,-0.00411,-0.186,0.18,0.134,0.018,-0.149,0.159,0.112,0.0126,-0.194,0.191,0.153,0.0235,0.14,0.113,0.152,0.237,0.0,0.00395098,0.255230006,0.01299601,0.11400004385964069,0.7560914593031002,0.24390854069689982,0.8692307692307693,0.9004524886877828,0.2515689550909091,0.0036610509090909127,0.0030046748735932482,0.08310835853319236,True,0.34998311577895674,-0.09475310977895673,0.25882779682076645,-0.0035977908207664444,0.2662899710894564,-0.011059965089456392,0.29802154427088756,-0.04279153827088755,0.3042730357534788,-0.049043029753478795,0.30033728032974144,-0.04510727432974143,0.24491020444037004,0.01031980155962997
Ref,single,210000,10.3775,0.001782335,-0.00415098,0.001719567,-0.002755238,-0.260064323,-0.002354203,-17.81333181,-11.24072627,-13.72173862,-0.0463,0.0196,-0.0045,-0.186,0.179,0.135,0.0183,-0.155,0.154,0.11,0.0122,-0.198,0.195,0.154,0.0236,0.142,0.111,0.153,0.237,0.0,0.00415098,0.260064323,0.01258416,0.11217914244635675,0.7321305461063589,0.26786945389364114,0.8538461538461538,0.8868778280542986,0.26554350181818187,-0.005479178818181885,0.003095221519994687,0.07237291125164645,True,0.36769938444035,-0.10763506144035001,0.27365737206932533,-0.013593049069325347,0.24965487933500938,0.010409443664990609,0.2873281611481607,-0.02726383814816069,0.2971421049755079,-0.03707778197550793,0.29091001085882734,-0.030845687858827353,0.23302742094747952,0.027036902052520462
Ref,single,220000,10.8775,0.001996241,-0.00435098,0.001688055,-0.001081243,-0.273691092,-0.003238368,-17.83356795,-11.30630998,-13.72112195,-0.0446,0.019,-0.00378,-0.188,0.183,0.135,0.0183,-0.147,0.15,0.109,0.0118,-0.196,0.201,0.155,0.0242,0.141,0.109,0.155,0.238,0.0,0.00435098,0.273691092,0.012161,0.11027692415006868,0.7075116313841711,0.29248836861582894,0.8384615384615385,0.8597285067873303,0.27925594518181823,-0.005564853181818208,0.0036445254682180247,0.0957466856409648,True,0.3854156531017432,-0.11172456110174317,0.2886534256875883,-0.014962333687588258,0.23131363363400387,0.04237745836599616,0.27517424885168856,-0.0014831568516885385,0.28873454722653347,-0.015043455226533442,0.28008730262568754,-0.006396210625687515,0.21976904064838965,0.05392205135161038
Ref,single,230000,11.3775,0.002028608,-0.00455098,0.001814331,-0.000341244,-0.291119624,-0.004117975,-17.84820791,-11.27512798,-13.73692649,-0.0457,0.0195,-0.00389,-0.185,0.18,0.136,0.0185,-0.142,0.15,0.108,0.0117,-0.195,0.195,0.155,0.024,0.142,0.109,0.154,0.238,0.0,0.00455098,0.291119624,0.01208025,0.10991019061033422,0.7028136983001918,0.2971863016998082,0.8384615384615385,0.8823529411764706,0.2942442903636364,-0.003124666363636397,0.003767878750287459,0.0545389287732513,True,0.4031319217631364,-0.11201229776313637,0.3038159576755553,-0.012696333675555282,0.2646261609516612,0.026493463048338828,0.3072378250063242,-0.016118201006324162,0.3189768428057022,-0.02785721880570219,0.3115114720736873,-0.02039184807368727,0.2481568232503386,0.04296280074966141
Ref,single,240000,11.8775,0.00209479,-0.00475098,0.001907561,-9.42e-05,-0.310509039,-0.004182515,-17.8686243,-11.30760846,-13.72686863,-0.0462,0.0185,-0.00415,-0.188,0.178,0.137,0.0187,-0.147,0.152,0.107,0.0114,-0.194,0.197,0.155,0.0242,0.143,0.107,0.154,0.238,0.0,0.00475098,0.310509039,0.011742250000000001,0.10836166296250718,0.6831492848960433,0.3168507151039567,0.823076923076923,0.83710407239819,0.30905779154545454,0.0014512474545454457,0.003787821590571713,0.09446532953046526,True,0.42084819042452964,-0.11033915142452966,0.3191449680332265,-0.00863592903322652,0.2591316057978633,0.05137743320213667,0.3060811421029669,0.004427896897033101,0.32018180078180797,-0.009672761781807981,0.3111958871819391,-0.0006868481819390926,0.24525616390756577,0.06525287509243421
Ref,single,250000,12.3775,0.002198976,-0.00495098,0.001977523,-0.000728464,-0.322573837,-0.002755078,-17.85427363,-11.32175421,-13.731465,-0.0454,0.0182,-0.00362,-0.185,0.184,0.137,0.0187,-0.144,0.146,0.106,0.0113,-0.19,0.194,0.156,0.0242,0.143,0.106,0.155,0.238,0.0,0.00495098,0.322573837,0.01163124,0.10784822668917649,0.6766908632037517,0.3233091367962483,0.8153846153846154,0.8235294117647058,0.324330742,-0.0017569050000000308,0.0037875582938050596,0.06676494959187759,True,0.43856445908592284,-0.11599062208592287,0.3346404567606018,-0.012066619760601804,0.2878793039004134,0.03469453309958659,0.33423706018531896,-0.011663223185318983,0.34700847017684167,-0.02443463317684169,0.33888654850041183,-0.01631271150041186,0.26996352570000126,0.05261031129999871
Ref,single,260000,12.8775,0.002255397,-0.00515098,0.002120189,-0.002381992,-0.335691599,-0.003701527,-17.89349878,-11.28062427,-13.73919366,-0.0464,0.0189,-0.00446,-0.186,0.184,0.137,0.0188,-0.166,0.148,0.105,0.0111,-0.195,0.201,0.155,0.0241,0.143,0.106,0.154,0.237,0.0,0.00515098,0.335691599,0.01145721,0.10703835761071823,0.6665660174501307,0.33343398254986933,0.8153846153846154,0.8552036199095022,0.3390421157272727,-0.003350516727272712,0.003873197741352185,0.07723486848352806,True,0.4562807277473161,-0.12058912874731609,0.3503024238576812,-0.01461082485768117,0.30712020963230885,0.028571389367691158,0.3542548218990237,-0.01856322289902368,0.3667216973338,-0.031030098333799994,0.3588017411367049,-0.02311014213670487,0.2870059793822085,0.0486856196177915
Ref,single,270000,13.3775,0.002321091,-0.00535098,0.002204977,-0.00209526,-0.349407153,-0.004321875,-17.88080152,-11.32705034,-13.73989413,-0.046,0.0181,-0.00416,-0.187,0.181,0.137,0.0189,-0.148,0.152,0.104,0.0109,-0.198,0.198,0.156,0.0245,0.144,0.104,0.156,0.238,0.0,0.00535098,0.349407153,0.01122761,0.10596041713772177,0.6532081792324014,0.3467918207675986,0.7999999999999999,0.8190045248868778,0.35593837754545454,-0.006531224545454517,0.004294992054005547,0.08667658736100436,True,0.47399699640870924,-0.12458984340870921,0.36613086932446465,-0.01672371632446462,0.3179781821360648,0.0314289708639352,0.36709649111184284,-0.01768933811184281,0.3801624080647045,-0.0307552550647045,0.3718606533117345,-0.022453500311734487,0.29728964309796946,0.05211750990203057
Ref,single,280000,13.8775,0.002443754,-0.00555098,0.002243976,-0.000620923,-0.376287164,-0.003293992,-17.88433473,-11.52284698,-13.74814856,-0.0453,0.0159,-0.00426,-0.19,0.186,0.139,0.0192,-0.143,0.14,0.103,0.0107,-0.205,0.193,0.157,0.0245,0.145,0.103,0.156,0.238,0.0,0.00555098,0.376287164,0.01095281,0.10465567352035914,0.6372206620624014,0.36277933793759864,0.7923076923076923,0.7194570135746606,0.3729056404545455,0.0033815235454545123,0.004369985514116395,0.07392780310574944,True,0.49171326507010243,-0.11542610107010243,0.38212579316095224,-0.005838629160952236,0.3220175729966339,0.05426959100336609,0.37410120907326727,0.002185954926732736,0.38850112594951214,-0.012213961949512131,0.3793427456766318,-0.00305558167663178,0.30207578465279183,0.07421137934720817
Ref,single,290000,14.3775,0.00247063,-0.00575098,0.002399896,-0.003447833,-0.387751883,-0.003052857,-17.90823491,-11.57989754,-13.75541266,-0.047,0.0151,-0.00425,-0.187,0.183,0.138,0.0192,-0.142,0.139,0.103,0.0105,-0.191,0.199,0.156,0.0244,0.145,0.102,0.155,0.237,0.0,0.00575098,0.387751883,0.010728010000000001,0.10357610728348503,0.6241420817865062,0.3758579182134938,0.7846153846153845,0.6832579185520362,0.38951537254545454,-0.0017634895454545219,0.004450508936650915,0.11637844608091907,True,0.5094295337314957,-0.12167765073149567,0.39828719536714396,-0.010535312367143945,0.3335996426660383,0.05415224033396171,0.3875627315163233,0.0001891514836767083,0.402483641230445,-0.01473175823044498,0.3929938865040655,-0.005242003504065507,0.3129432560316616,0.0748086269683384
Ref,single,300000,14.8775,0.002626916,-0.00595098,0.00242307,-0.001967519,-0.405312442,-0.00253018,-17.91420369,-11.60095518,-13.7505429,-0.046,0.0155,-0.00458,-0.19,0.185,0.138,0.0191,-0.139,0.141,0.102,0.0103,-0.196,0.2,0.158,0.0249,0.144,0.101,0.157,0.238,0.0,0.00595098,0.405312442,0.01054025,0.10266571969260235,0.6132184419617637,0.38678155803823633,0.7769230769230769,0.7013574660633484,0.40547201454545456,-0.00015957254545456712,0.004440832250213211,0.1308611410120492,True,0.5271458023928889,-0.12183336039288889,0.4146150759430398,-0.009302633943039817,0.3507693287970269,0.054543113202973115,0.40580745471937113,-0.0004950127193711351,0.4206470816224268,-0.015334639622426816,0.4112150584325451,-0.0059026164325450825,0.32831577654418476,0.07699666545581524
Ref,single,310000,15.3775,0.002643744,-0.00615098,0.002591184,-0.001499516,-0.417055117,-0.002040032,-17.92248838,-11.57412922,-13.75201608,-0.0459,0.0163,-0.00327,-0.187,0.189,0.139,0.0193,-0.146,0.144,0.0997,0.00994,-0.202,0.203,0.158,0.025,0.145,0.0996,0.157,0.237,0.0,0.00615098,0.417055117,0.01020569,0.10102321515374572,0.5937541634159297,0.4062458365840703,0.7661538461538461,0.7375565610859728,0.42159604045454546,-0.004540923454545487,0.004411199213485399,0.1142245818131826,True,0.5448620710542821,-0.1278069540542821,0.43110943488863973,-0.014054317888639756,0.3457937099452769,0.07126140705472306,0.4050949999643503,0.011960117035649698,0.4222403328593861,-0.005185215859386139,0.4113239040750196,0.005731212924980356,0.3258335126933065,0.09122160430669346
Ref,single,320000,15.8775,0.002738228,-0.00635098,0.002651447,-0.002064014,-0.445923203,-0.003417508,-17.9384579,-11.31427699,-13.75525709,-0.047,0.0196,-0.0044,-0.193,0.188,0.139,0.0192,-0.14,0.144,0.101,0.0101,-0.201,0.195,0.157,0.0246,0.145,0.101,0.156,0.238,0.0,0.00635098,0.445923203,0.01048416,0.10239218720195403,0.6099551965539569,0.3900448034460431,0.7769230769230769,0.8868778280542986,0.4376818647272727,0.008241338272727272,0.004452937376271485,0.06963931615029072,True,0.5625783397156753,-0.11665513671567529,0.4477702722039437,-0.0018470692039437298,0.43329585889712696,0.012627344102873028,0.48354684223681776,-0.037623639236817774,0.49302992645127514,-0.047106723451275145,0.4870689852972636,-0.04114578229726362,0.39791200128313886,0.04801120171686113
Ref,single,330000,16.3775,0.002891388,-0.00655098,0.002696317,-0.000490394,-0.460330984,-0.00516973,-17.95952442,-11.30872499,-13.74509694,-0.0468,0.0182,-0.00495,-0.189,0.188,0.138,0.0191,-0.14,0.139,0.0991,0.00982,-0.193,0.197,0.158,0.0251,0.145,0.0994,0.158,0.237,0.0,0.00655098,0.460330984,0.01015124,0.10075336222677633,0.5905863311382495,0.40941366886175046,0.7646153846153846,0.8235294117647058,0.45415720281818184,0.006173781181818161,0.003994961266422835,0.10387227328404756,True,0.5802946083770685,-0.11996362437706848,0.46459758788895184,-0.0042666038889518365,0.4285676399103068,0.031763344089693224,0.4830461706687941,-0.022715186668794074,0.49480829424282713,-0.03447731024282713,0.48738017572930886,-0.027049191729308864,0.3956292050504894,0.06470177894951062
Ref,single,340000,16.8775,0.002958343,-0.00675098,0.002824746,-0.000476911,-0.473826677,-0.003692988,-17.97266865,-11.30372004,-13.75943263,-0.0463,0.0185,-0.00445,-0.188,0.186,0.139,0.0194,-0.135,0.145,0.0978,0.00957,-0.196,0.203,0.159,0.0252,0.146,0.0982,0.158,0.238,0.0,0.00675098,0.473826677,0.009912250000000001,0.09956028324588073,0.5766821945718074,0.42331780542819264,0.7553846153846153,0.83710407239819,0.46963426,0.004192416999999948,0.0038627753032923224,0.07302246532661671,True,0.5980108770384618,-0.12418420003846181,0.48159138194366413,-0.007764704943664158,0.43800909733376375,0.03581757966623622,0.49467525199996304,-0.020848574999963065,0.5071890998227396,-0.03336242282273966,0.4992805406030747,-0.025453863603074722,0.40477079502529434,0.06905588197470564
Ref,single,350000,17.3775,0.003004608,-0.00695098,0.002958974,4.51e-05,-0.486032101,-0.002117363,-17.97480136,-11.32025641,-13.76295656,-0.0474,0.019,-0.00434,-0.196,0.183,0.14,0.0196,-0.133,0.136,0.0963,0.00927,-0.195,0.201,0.159,0.0253,0.147,0.0968,0.158,0.238,0.0,0.00695098,0.486032101,0.009631,0.09813765841918178,0.5603194245424679,0.43968057545753214,0.7446153846153846,0.8597285067873303,0.4849552104545455,0.001076890545454512,0.004453365316753677,0.10688306682142912,True,0.615727145699855,-0.129695044699855,0.49875165436808044,-0.01271955336808045,0.4410754826279933,0.04495661837200671,0.5008470421832572,-0.014814941183257158,0.5147997678434472,-0.02876766684344717,0.5059668257163049,-0.01993472471630492,0.40877244503281474,0.07725965596718526
Ref,single,360000,17.8775,0.003077024,-0.00715098,0.00302946,-0.002293341,-0.499938122,-0.001755218,-17.97687771,-11.31785862,-13.77055255,-0.0469,0.0183,-0.00401,-0.188,0.182,0.141,0.0199,-0.142,0.14,0.0952,0.00905,-0.198,0.196,0.158,0.0251,0.147,0.0954,0.158,0.237,0.0,0.00715098,0.499938122,0.00938489,0.09687564193335702,0.5460010553623051,0.45399894463769486,0.7338461538461538,0.8280542986425339,0.500386760909091,-0.00044863890909097037,0.004846257368483772,0.0924146592964139,True,0.6334434143612482,-0.1335052923612482,0.5160784051622009,-0.016140283162200952,0.44944286258907196,0.05049525941092803,0.5115566745562417,-0.011618552556241668,0.5263768966741514,-0.026438774674151455,0.5169887180890053,-0.017050596089005277,0.41704805364067543,0.08289006835932455
Ref,single,370000,18.3775,0.003251307,-0.00735098,0.00307022,-0.000943795,-0.512635666,-0.003568132,-18.01225021,-11.29520106,-13.76900309,-0.0465,0.0178,-0.00394,-0.187,0.187,0.14,0.0197,-0.134,0.137,0.0938,0.00879,-0.198,0.203,0.16,0.0256,0.147,0.0938,0.159,0.237,0.0,0.00735098,0.512635666,0.00910684,0.09542976474874074,0.5298244572941883,0.47017554270581174,0.7215384615384615,0.8054298642533936,0.516546633,-0.003910967000000043,0.004794568694444601,0.13301705016697446,True,0.6511596830226414,-0.1385240170226414,0.5335716343260255,-0.02093596832602551,0.4529919793270669,0.05964368667293307,0.51814170022636,-0.005506034226359979,0.5343487677282107,-0.021713101728210726,0.5240698223038376,-0.011434156303837595,0.4214389087569347,0.09119675724306531
Ref,single,380000,18.8775,0.00325987,-0.00755098,0.003211891,-0.001830502,-0.530635872,-0.003920933,-18.02070412,-11.31891328,-13.77311068,-0.0473,0.0182,-0.00416,-0.193,0.183,0.141,0.02,-0.139,0.147,0.0926,0.00857,-0.202,0.2,0.16,0.0257,0.148,0.0928,0.16,0.238,0.0,0.00755098,0.530635872,0.00890124,0.09434638307852612,0.5178629087856294,0.48213709121437065,0.7138461538461538,0.8235294117647058,0.5309498795454545,-0.0003140075454545199,0.0056807861314789754,0.09261181497774836,True,0.6688759516840346,-0.13824007968403462,0.5512313418595541,-0.020595469859554183,0.46747043765906354,0.06316543434093641,0.5340826355903623,-0.003446763590362334,0.5504985012092555,-0.019862629209255522,0.5400898777408849,-0.009454005740884952,0.43464161078823826,0.09599426121176169
Ref,single,390000,19.3775,0.003335161,-0.00775098,0.003305641,-0.0004556,-0.546534793,-0.004009654,-18.0178354,-11.31212009,-13.76602476,-0.0472,0.0192,-0.00434,-0.195,0.193,0.142,0.0202,-0.134,0.136,0.091,0.00829,-0.209,0.205,0.16,0.0255,0.149,0.0912,0.159,0.238,0.0,0.00775098,0.546534793,0.00865864,0.09305181352343435,0.5037487469754328,0.4962512530245672,0.7015384615384616,0.8687782805429863,0.5464389063636363,9.588663636361794e-05,0.005576200171414833,0.09781144263816918,True,0.6865922203454278,-0.1400574273454278,0.569057527762787,-0.02252273476278699,0.47636731367252255,0.07016747932747741,0.5452455356379575,0.0012892573620424397,0.5624718246171677,-0.015937031617167752,0.5515448373156554,-0.0050100443156554375,0.44334412874974705,0.10319066425025292
Ref,single,400000,19.8775,0.003427925,-0.00795098,0.003400672,-0.000104105,-0.556282338,-0.003332339,-18.03239004,-11.32405245,-13.76368569,-0.047,0.0183,-0.00409,-0.196,0.186,0.141,0.02,-0.137,0.134,0.09,0.0081,-0.199,0.201,0.161,0.0258,0.148,0.0903,0.16,0.237,0.0,0.00795098,0.556282338,0.00843489,0.09184165721501328,0.49073125437431386,0.5092687456256861,0.6946153846153846,0.8280542986425339,0.5638411488181818,-0.0075588108181817715,0.0064217933713149366,0.11665450951147724,True,0.704308489006821,-0.14802615100682093,0.5870501920357238,-0.030767854035723796,0.48810777959691243,0.06817455840308762,0.5588426509751276,-0.002560312975127599,0.576572859643419,-0.020290521643418935,0.5653255281608022,-0.009043190160802128,0.4543393080549216,0.10194302994507842
Ref,single,410000,20.3775,0.003554837,-0.00815098,0.003450254,-0.001198599,-0.575059497,-0.003016522,-18.05119959,-11.36171121,-13.78332972,-0.0476,0.0174,-0.0045,-0.194,0.188,0.141,0.02,-0.128,0.133,0.089,0.00793,-0.197,0.202,0.162,0.0261,0.148,0.0891,0.161,0.238,0.0,0.00815098,0.575059497,0.008232759999999999,0.09073455791483198,0.47897158608620566,0.5210284139137944,0.6853846153846154,0.7873303167420813,0.58140116,-0.006341662999999942,0.006556778396694724,0.09688125324031288,True,0.7220247576682143,-0.14696526066821425,0.6052093346783648,-0.030149837678364766,0.5031096998382419,0.07194979716175809,0.5752316885701548,-0.00017219157015480047,0.5931142726637545,-0.018054775663754463,0.5817737155611493,-0.006714218561149288,0.46796405437601374,0.10709544262398629
Ref,single,420000,20.8775,0.003570543,-0.00835098,0.003620464,-0.002558561,-0.59481371,-0.00254961,-18.05254358,-11.34879002,-13.77671854,-0.0474,0.0185,-0.00381,-0.19,0.186,0.143,0.0204,-0.131,0.134,0.0877,0.0077,-0.203,0.202,0.162,0.0261,0.149,0.0879,0.161,0.238,0.0,0.00835098,0.59481371,0.00804225,0.08967859276326764,0.46788795473228767,0.5321120452677124,0.6761538461538462,0.83710407239819,0.598704526,-0.0038908159999999636,0.006685679595243859,0.12294907395749334,True,0.7397410263296074,-0.14492731632960731,0.6235349556907098,-0.028721245690709774,0.5198645386347451,0.07494917136525492,0.5931212875267136,0.0016924224732864923,0.6109673041989497,-0.016153594198949683,0.59965558982419,-0.004841879824189932,0.4830021017482151,0.11181160825178493
Ref,single,430000,21.3775,0.003696033,-0.00855098,0.003655347,-0.001019603,-0.604358915,-0.003505034,-18.07334885,-11.31245204,-13.78422892,-0.0473,0.0197,-0.00448,-0.194,0.187,0.142,0.0203,-0.126,0.13,0.0861,0.00742,-0.208,0.201,0.162,0.0263,0.149,0.0865,0.161,0.238,0.0,0.00855098,0.604358915,0.00780809,0.08836339739960206,0.45426482146981595,0.545735178530184,0.6653846153846154,0.8914027149321265,0.6173987585454546,-0.01303984354545451,0.00668391720192219,0.11162426309931099,True,0.7574572949910007,-0.15309837999100062,0.642027055072759,-0.03766814007275898,0.5300346188311353,0.07432429616886471,0.605374096170808,-0.0010151811708078995,0.6238933006073277,-0.019534385607327676,0.6121518847794366,-0.007792969779436554,0.49273114818402286,0.11162776681597719
Ref,single,440000,21.8775,0.003813472,-0.00875098,0.003736702,0.00041567,-0.630710279,-0.00327872,-18.06613217,-10.82189374,-13.78468735,-0.048,0.025,-0.00404,-0.197,0.184,0.142,0.0202,-0.125,0.136,0.0848,0.00719,-0.197,0.198,0.162,0.0261,0.149,0.0864,0.161,0.237,0.0,0.00875098,0.630710279,0.007815,0.08840248865275231,0.4546668365485813,0.5453331634514187,0.6646153846153846,1.1312217194570136,0.6357267542727273,-0.005016475272727305,0.0068551001379700245,0.12799335162702716,True,0.7751735636523939,-0.1444632846523939,0.6606856328245124,-0.02997535382451244,0.576570970636442,0.05413930836355796,0.6487577419426399,-0.018047462942639925,0.6640303017813833,-0.03332002278138335,0.6543916299919551,-0.02368135099195512,0.5317807182334915,0.0989295607665085
Ref,single,450000,22.3775,0.003797706,-0.00895098,0.003931834,-0.003064799,-0.665251344,-0.003755246,-18.06690987,-10.31034914,-13.78922196,-0.048,0.0289,-0.00472,-0.191,0.187,0.142,0.0202,-0.124,0.125,0.0835,0.00697,-0.205,0.206,0.164,0.0268,0.149,0.0866,0.163,0.239,0.0,0.00895098,0.665251344,0.00780521,0.08834709955623897,0.4540972667047155,0.5459027332952845,0.6661538461538461,1.3076923076923075,0.653885782,0.01136556199999994,0.008473639551179152,0.12833843282401652,True,0.7928898323137872,-0.1276384883137872,0.6795106889459698,-0.01425934494596981,0.6205880677195978,0.04466327628040212,0.6899848150176068,-0.024733471017606812,0.7022822746251326,-0.03703093062513263,0.694570913017986,-0.029319569017986047,0.5687991241217283,0.09645221987827168
Ref,single,460000,22.8775,0.003920455,-0.00915098,0.003977563,-0.002265741,-0.679192224,-0.003129645,-18.09760411,-10.33489245,-13.78619355,-0.0479,0.0291,-0.00456,-0.193,0.184,0.143,0.0205,-0.116,0.13,0.0819,0.00671,-0.198,0.201,0.163,0.0264,0.15,0.085,0.162,0.238,0.0,0.00915098,0.679192224,0.00755681,0.08692991429881891,0.43964566821480283,0.5603543317851971,0.6538461538461539,1.3167420814479638,0.674672187,0.004520037000000032,0.00823436452494902,0.11287608110815005,True,0.8106061009751803,-0.13141387697518025,0.6985022234371313,-0.019309999437131298,0.6286099929912318,0.05058223100876824,0.7003987257453325,-0.02120650174533245,0.7136009175350942,-0.03440869353509424,0.7053102629711022,-0.02611803897110221,0.5767962078236473,0.10239601617635274
Ref,single,470000,23.3775,0.004017031,-0.00935098,0.004079026,0.000154904,-0.690275148,-0.003475119,-18.0974716,-10.25287775,-13.78293626,-0.0483,0.031,-0.00394,-0.192,0.191,0.143,0.0204,-0.131,0.131,0.0796,0.00633,-0.198,0.204,0.164,0.0268,0.15,0.0833,0.163,0.238,0.0,0.00935098,0.690275148,0.007291,0.08538735269347562,0.42418117789836285,0.5758188221016372,0.6407692307692308,1.4027149321266967,0.6946315149090909,-0.004356366909090914,0.010358831575153236,0.16749665074869155,True,0.8283223696365735,-0.13804722163657346,0.7176602362979969,-0.027385088297996907,0.6340055575016293,0.05626959049837066,0.7085643771525542,-0.018289229152554154,0.722954390191725,-0.03267924219172502,0.7139015502495636,-0.023626402249563583,0.5826757724808334,0.10759937551916665
Ref,single,480000,23.8775,0.004061844,-0.00955098,0.004204165,-0.001060476,-0.718272224,-0.002990247,-18.09129091,-9.98719672,-13.79329089,-0.048,0.0314,-0.00431,-0.193,0.187,0.144,0.0207,-0.122,0.125,0.0778,0.00606,-0.198,0.205,0.164,0.0268,0.15,0.0818,0.163,0.238,0.0,0.00955098,0.718272224,0.00704596,0.08394021682125917,0.4099250599677341,0.5900749400322659,0.6292307692307691,1.4208144796380089,0.7143945345454545,0.0038776894545454743,0.015263483592016864,0.08225896648994224,True,0.8460386382979668,-0.12776641429796676,0.7369847275285667,-0.018712503528566682,0.6425343507892176,0.0757378732107824,0.7194121851414459,-0.0011399611414458777,0.7346522962867067,-0.01638007228670668,0.7250554602593625,-0.006783236259362502,0.591081521546929,0.12719070245307107
Ref,single,490000,24.3775,0.004190245,-0.00975098,0.004269241,-0.000755498,-0.732243825,-0.004387059,-18.11543612,-9.807139064,-13.79220525,-0.0479,0.032,-0.00422,-0.194,0.191,0.144,0.0208,-0.114,0.123,0.077,0.00593,-0.201,0.207,0.164,0.027,0.151,0.0816,0.163,0.238,0.0,0.00975098,0.732243825,0.006954,0.08339064695755753,0.4045749432320965,0.5954250567679036,0.6276923076923077,1.4479638009049773,0.7373027514545455,-0.0050589264545455315,0.01642624359099079,0.06677484379217055,True,0.8637549069593599,-0.1315110819593599,0.7564756971288404,-0.02423187212884048,0.6741558095179335,0.058088015482066435,0.7500281457312995,-0.01778432073129954,0.7636292524896636,-0.031385427489663664,0.7550965290420613,-0.0228527040420613,0.6181058700023263,0.11413795499767365
Ref,single,500000,24.8775,0.00424712,-0.00995098,0.004386229,-0.000495785,-0.746284098,-0.003817886,-18.14078845,-9.683498441,-13.78958692,-0.0482,0.0336,-0.00426,-0.193,0.192,0.144,0.0208,-0.117,0.125,0.0734,0.00539,-0.2,0.206,0.165,0.0272,0.151,0.0782,0.164,0.238,0.0,0.00995098,0.746284098,0.00651896,0.0807400767896588,0.37926486510386936,0.6207351348961306,0.6015384615384616,1.520361990950226,0.7628044205454545,-0.016520322545454547,0.01635872589744955,0.03869999980584939,True,0.8814711756207532,-0.13518707762075322,0.7761331450988184,-0.029849047098818415,0.6540224233319492,0.0922616746680508,0.736340096689992,0.009944001310007944,0.7538807284793703,-0.007596630479370314,0.7428080548942232,0.0034760431057767605,0.603402565737043,0.14288153226295697
Ref,single,510000,25.3775,0.004294555,-0.01015098,0.004489813,-0.001751675,-0.784932793,-0.002858906,-18.12828474,-9.641618112,-13.80109793,-0.0475,0.0352,-0.004,-0.198,0.188,0.144,0.0208,-0.114,0.121,0.0732,0.00536,-0.204,0.203,0.164,0.0271,0.151,0.0794,0.164,0.238,0.0,0.01015098,0.784932793,0.0065990400000000005,0.08123447543992637,0.3839238184334677,0.6160761815665323,0.6107692307692307,1.592760180995475,0.7885604274545455,-0.003627634454545503,0.016106338005970958,0.10052923211986561,True,0.8991874442821464,-0.1142546512821464,0.7959570714385006,-0.011024278438500623,0.7115967313061047,0.07333606169389528,0.7891726301402433,-0.004239837140243341,0.8022768627629148,-0.017344069762914804,0.794075585626817,-0.009142792626817053,0.651351553851022,0.13358123914897801
Ref,single,520000,25.8775,0.004362538,-0.01035098,0.004622091,-0.001890661,-0.794612104,-0.002074884,-18.15351102,-9.459367793,-13.79844681,-0.0483,0.0365,-0.00439,-0.197,0.188,0.145,0.0211,-0.119,0.119,0.0716,0.00512,-0.201,0.208,0.165,0.0272,0.152,0.0779,0.164,0.238,0.0,0.01035098,0.794612104,0.0064522500000000005,0.08032589868778314,0.3753837614997548,0.6246162385002452,0.5992307692307692,1.6515837104072395,0.8164002578181818,-0.021788153818181777,0.01648723970526723,0.053115905035126115,True,0.9169037129435395,-0.12229160894353941,0.8159474761478865,-0.0213353721478865,0.7349468884530529,0.05966521554694715,0.8127080589355402,-0.01809595493554017,0.8250648307412817,-0.030452726741281633,0.8173516758654991,-0.02273957186549902,0.6717071160213695,0.12290498797863059
Ref,single,530000,26.3775,0.00454946,-0.01055098,0.004616545,-0.000528087,-0.812206926,-0.004326661,-18.17110047,-9.136730974,-13.79204963,-0.048,0.0419,-0.00439,-0.195,0.192,0.145,0.021,-0.113,0.118,0.0671,0.0045,-0.207,0.206,0.166,0.0275,0.152,0.0766,0.165,0.239,0.0,0.01055098,0.812206926,0.00625561,0.07909241430124636,0.36394349448261937,0.6360565055173806,0.5892307692307692,1.8959276018099547,0.8495899754545455,-0.037383049454545514,0.022760934056634027,0.04292139694200905,True,0.9346199816049328,-0.12241305560493276,0.8361043592269769,-0.023897433226976905,0.7507769948275929,0.06142993117240714,0.8298060536626508,-0.017599127662650815,0.842225932715712,-0.030019006715712004,0.8344772247870325,-0.02227029878703246,0.6859995923571425,0.12620733364285752
Ref,single,540000,26.8775,0.004577674,-0.01075098,0.004759333,-0.000260751,-0.856349301,-0.002902445,-18.16178279,-8.21484042,-13.82155712,-0.0483,0.0511,-0.00428,-0.199,0.189,0.146,0.0212,-0.114,0.119,0.0605,0.00366,-0.205,0.204,0.165,0.0273,0.152,0.0764,0.164,0.239,0.0,0.01075098,0.856349301,0.00627121,0.07919097170763849,0.3648510827935801,0.63514891720642,0.5876923076923076,2.3122171945701355,0.8803359751818183,-0.023986674181818324,0.023797094310240702,0.1556072815983604,True,0.9523362502663261,-0.09598694926632612,0.8564277206757713,-7.841967577137954e-05,0.7986242642098748,0.057725036790125195,0.87431189205339,-0.017962591053390042,0.8833438258772134,-0.026994524877213433,0.8777891506223394,-0.02143984962233947,0.72610609753003,0.13024320346996998
Ref,single,550000,27.3775,0.00467154,-0.01095098,0.004800083,-0.00180309,-0.911228639,-0.003491481,-18.1676835,-7.340908755,-13.81825395,-0.0485,0.0596,-0.0048,-0.201,0.192,0.145,0.0212,-0.104,0.133,0.0533,0.00284,-0.209,0.209,0.166,0.0275,0.152,0.0773,0.165,0.239,0.0,0.01095098,0.911228639,0.00639216,0.07995098498455162,0.3718878011404196,0.6281121988595804,0.5946153846153845,2.69683257918552,0.9121318573636364,-0.0009032183636364932,0.024652209338179094,0.0960198656629936,True,0.9700525189277193,-0.058823879927719314,0.8769175604942698,0.03431107850573012,0.8623639578423722,0.048864681157627765,0.9324222174869267,-0.021193578486926712,0.9363532001523507,-0.025124561152350733,0.9340992615682102,-0.022870622568210264,0.7790259646421853,0.13220267435781463
Ref,single,560000,27.8775,0.004754127,-0.01115098,0.004915549,-0.000575608,-0.94856742,-0.003677473,-18.18350554,-6.667285753,-13.80654924,-0.0481,0.0665,-0.00426,-0.2,0.19,0.145,0.0209,-0.0946,0.124,0.045,0.00203,-0.205,0.209,0.166,0.0275,0.151,0.0778,0.165,0.239,0.0,0.01115098,0.94856742,0.006452250000000001,0.08032589868778314,0.37538376149975483,0.6246162385002452,0.5984615384615384,3.009049773755656,0.9423188745454546,0.006248545454545451,0.024218354116989423,0.09474783307870417,True,0.9877687875891124,-0.0392013675891123,0.8975738786824723,0.05099354131752776,0.9169227028287552,0.03164471717124484,0.9826733205054213,-0.03410590050542128,0.9824929442369243,-0.0339255242369243,0.9829004067254816,-0.034332986725481573,0.8245436370925097,0.12402378290749039
Ref,single,570000,28.3775,0.004880192,-0.01135098,0.004932159,-0.001403026,-0.985430358,-0.003417719,-18.17758553,-5.64351454,-13.81438041,-0.0485,0.0797,-0.00414,-0.194,0.191,0.146,0.0212,-0.0525,0.126,0.0231,0.000534,-0.209,0.2,0.165,0.0271,0.152,0.0812,0.164,0.24,0.0,0.01135098,0.985430358,0.006886089999999998,0.08298246802789128,0.40062402514252327,0.5993759748574767,0.6246153846153846,3.606334841628959,0.9729005864545455,0.012529771545454538,0.024613548278646463,0.08163288735419542,True,1.0054850562505055,-0.020054698250505543,0.918396675240379,0.06703368275962096,1.0278629719111785,-0.042432613911178474,1.08118903702411,-0.09575867902410995,1.0708200738575322,-0.08538971585753219,1.0778151891402104,-0.09238483114021034,0.9155192499775859,0.06991110802241407
Ref,single,580000,28.8775,0.00488984,-0.01155098,0.005082779,-0.001819061,-1.055362042,-0.002567308,-18.15118915,-4.924184458,-13.8010609,-0.0485,0.0834,-0.00505,-0.201,0.183,0.145,0.021,0.015,0.121,0.0126,0.00016,-0.208,0.203,0.165,0.0273,0.152,0.0834,0.165,0.24,0.0,0.01155098,1.055362042,0.007115560000000001,0.0843537788128072,0.41397430012432795,0.5860256998756721,0.6415384615384615,3.773755656108597,1.003136383181818,0.052225658818181975,0.023725264456416848,0.023113651290456273,True,1.023201324911899,0.03216071708810109,0.9393859501679899,0.11597609183201019,1.107973295630371,-0.05261125363037089,1.1533132109045792,-0.09795116890457911,1.136078746001219,-0.08071670400121889,1.1475146028691694,-0.09215256086916934,0.9816380353398528,0.07372400666014722
Ref,single,590000,29.3775,0.00505599,-0.01175098,0.005104928,-0.001346676,-1.056478221,-0.002605569,-18.19237038,-5.175638086,-13.80251667,-0.0484,0.0812,-0.0036,-0.197,0.191,0.145,0.021,0.0363,0.12,0.013,0.000169,-0.205,0.207,0.166,0.0275,0.152,0.0812,0.165,0.24,0.0,0.01175098,1.056478221,0.006762439999999999,0.08223405620544325,0.39343022420340207,0.606569775796598,0.6246153846153846,3.6742081447963795,1.0331181302727273,0.023360090727272853,0.0208863608190391,0.049418051634417835,True,1.040917593573292,0.015560627426708162,0.9605417034653048,0.09593651753469534,1.1001978344047807,-0.04371961340478059,1.150203990325976,-0.09372576932597587,1.1355770196447361,-0.07909879864473601,1.1453334977223497,-0.08885527672234961,0.9768983818582875,0.07957983914171263
Ref,single,600000,29.8775,0.005091891,-0.01195098,0.005266744,-0.002943249,-1.081998529,-0.002097928,-18.18756154,-5.234172083,-13.82283937,-0.0485,0.0796,-0.00446,-0.199,0.191,0.146,0.0214,0.0365,0.119,0.0121,0.000147,-0.214,0.209,0.166,0.0275,0.153,0.0796,0.165,0.24,0.0,0.01195098,1.081998529,0.00648316,0.08051807250549407,0.37718206628769035,0.6228179337123096,0.6123076923076923,3.6018099547511313,1.0600595285454544,0.021939000454545665,0.019619674660688775,0.02576829828327794,True,1.0586338622346854,0.02336466676531468,0.9818639351323237,0.10013459386767631,1.103561401244079,-0.021562872244079045,1.1566301786058468,-0.07463164960584678,1.1434100532828513,-0.06141152428285124,1.152262843345004,-0.07026431434500391,0.9811396362608757,0.1008588927391243
Ref,single,610000,30.3775,0.005277191,-0.01215098,0.005291306,-0.000390785,-1.078341287,-0.002704306,-18.22634775,-5.519207792,-13.80942956,-0.0488,0.0753,-0.00439,-0.201,0.19,0.147,0.0215,0.0207,0.118,0.013,0.000169,-0.209,0.207,0.167,0.0279,0.153,0.0753,0.166,0.24,0.0,0.01215098,1.078341287,0.005839090000000001,0.07641393851909481,0.33971088657996873,0.6602891134200313,0.5792307692307692,3.4072398190045248,1.0846413518181817,-0.006300064818181683,0.019902662847790933,0.020509728241507253,True,1.0763501308960786,0.001991156103921421,1.0033526451690469,0.0749886418309531,1.0518950920298797,0.02644619497012024,1.1159488127486314,-0.037607525748631465,1.1100670698783175,-0.03172578287831751,1.1141840451946874,-0.03584275819468741,0.9410127245331812,0.1373285624668188
Ref,single,620000,30.8775,0.005263282,-0.01235098,0.005431561,-0.001139118,-1.121331624,-0.00362373,-18.20310833,-5.504610333,-13.8126317,-0.0487,0.0746,-0.0044,-0.196,0.193,0.147,0.0216,0.0269,0.11,0.0129,0.000167,-0.209,0.209,0.168,0.0281,0.154,0.0746,0.167,0.24,0.0,0.01235098,1.121331624,0.005732159999999999,0.07571102957957974,0.3334898341382361,0.6665101658617639,0.5738461538461538,3.375565610859728,1.1063170097272728,0.015014614272727211,0.01981345364493304,0.03661756188283172,True,1.0940663995574715,0.027265224442528435,1.025007833575474,0.09632379042452599,1.0812582727232305,0.040073351276769476,1.1446316060766843,-0.023299982076684378,1.1373542731408748,-0.016022649140874812,1.1423781008677028,-0.02104647686770278,0.9662163228392593,0.15511530116074068
Ref,single,630000,31.3775,0.005398551,-0.01255098,0.005511851,-0.00058113,-1.127205868,-0.003678431,-18.22303038,-5.721634369,-13.83011023,-0.0486,0.0724,-0.00475,-0.196,0.189,0.147,0.0217,0.0173,0.115,0.0134,0.00018,-0.205,0.212,0.167,0.0279,0.154,0.0724,0.166,0.239,0.0,0.01255098,1.127205868,0.00542176,0.0736326014751618,0.31543115389963355,0.6845688461003665,0.556923076923077,3.276018099547511,1.1256569302727273,0.0015489377272728255,0.01948713840478346,0.048202370598962825,True,1.111782668218865,0.015423199781135155,1.0468295003516055,0.08037636764839462,1.0799272762719097,0.04727859172809046,1.1470390792471878,-0.019833211247187732,1.1416746072796418,-0.014468739279641651,1.1454678307272748,-0.01826196272727465,0.9666725575593604,0.16053331044063968
Ref,single,640000,31.8775,0.005477259,-0.01275098,0.005637511,-0.001580555,-1.142006144,-0.002877703,-18.24169241,-5.875398087,-13.82215053,-0.0492,0.0733,-0.00477,-0.196,0.186,0.147,0.0217,0.0298,0.118,0.0128,0.000164,-0.201,0.204,0.169,0.0285,0.154,0.0733,0.168,0.241,0.0,0.01275098,1.142006144,0.005536890000000001,0.07441028154764637,0.3221292719919993,0.6778707280080007,0.5638461538461539,3.3167420814479636,1.1399173097272728,0.0020888342727272136,0.011598524067644916,0.030480286740169404,True,1.1294989368802582,0.012507207119741848,1.068817645497441,0.07318849850255904,1.1427890020910585,-0.0007828580910584915,1.2043978326390625,-0.062391688639062526,1.19402704353787,-0.052020899537869925,1.2010598644321062,-0.059053720432106216,1.0188845578799959,0.12312158612000412
Ref,single,650000,32.3775,0.005573917,-0.01295098,0.005707318,-0.002199111,-1.152704682,-0.00267575,-18.24872076,-6.084488164,-13.82207888,-0.0496,0.0708,-0.00415,-0.201,0.192,0.148,0.0219,0.0223,0.108,0.0135,0.000182,-0.203,0.208,0.168,0.0282,0.155,0.0708,0.167,0.24,0.0,0.01295098,1.152704682,0.00519464,0.07207385101408138,0.30221759895185185,0.6977824010481481,0.5446153846153846,3.203619909502262,1.1560164427272728,-0.0033117607272727945,0.009216116619324588,0.023900725915796714,True,1.1472152055416514,0.00548947645834863,1.0909722690129806,0.06173241298701937,1.1366533192385095,0.01605136276149044,1.2026923213547664,-0.04998763935476647,1.194752278735305,-0.042047596735305115,1.2002199104210423,-0.04751522842104228,1.015466985502179,0.13723769649782103
Ref,single,660000,32.8775,0.005587332,-0.01315098,0.005892133,-0.001203421,-1.181628695,-0.002930334,-18.2571626,-6.15738174,-13.83608035,-0.0488,0.0687,-0.00446,-0.2,0.194,0.148,0.0219,0.0133,0.112,0.0134,0.00018,-0.208,0.211,0.169,0.0285,0.155,0.0687,0.168,0.24,0.0,0.01315098,1.181628695,0.004899689999999999,0.06999778567926274,0.2850577802135275,0.7149422197864725,0.5284615384615384,3.108597285067873,1.1705001863636364,0.011128508636363499,0.00675878591666074,0.040153634375052684,True,1.1649314742030445,0.016697220796955348,1.113293370898224,0.0683353241017759,1.1376530105391178,0.04397568446088207,1.207094947110093,-0.025466252110093013,1.200816546269474,-0.019187851269474088,1.205215876255537,-0.02358718125553705,1.0178023511379104,0.1638263438620895
Ref,single,670000,33.3775,0.005779441,-0.01335098,0.00587612,-0.001506875,-1.186999657,-0.004345243,-18.28356572,-6.408161762,-13.82973105,-0.049,0.0667,-0.00518,-0.2,0.195,0.148,0.022,0.0191,0.106,0.0132,0.000173,-0.203,0.208,0.169,0.0286,0.155,0.0667,0.168,0.239,0.0,0.01335098,1.186999657,0.00462189,0.06798448352381593,0.2688957268298813,0.7311042731701187,0.513076923076923,3.0180995475113117,1.1872658266363636,-0.0002661696363635002,0.006486455887348502,0.07837289475959441,True,1.1826477428644377,0.004351914135562351,1.135780951153172,0.05121870584682808,1.1412398406711575,0.04575981632884263,1.21371225680262,-0.026712599802619863,1.2088166363105144,-0.021816979310514295,1.2123278257126826,-0.02532816871268251,1.0222236129032904,0.16477604409670965
Ref,single,680000,33.8775,0.00581648,-0.01355098,0.006076923,-0.001461072,-1.198169484,-0.002173569,-18.28476098,-6.606494169,-13.82882599,-0.0495,0.0665,-0.00391,-0.2,0.193,0.149,0.0221,0.0125,0.108,0.0133,0.000176,-0.205,0.208,0.169,0.0287,0.155,0.0665,0.168,0.24,0.0,0.01355098,1.198169484,0.004598250000000001,0.06781039743284212,0.26752038146634854,0.7324796185336515,0.5115384615384615,3.009049773755656,1.2021603449999998,-0.003990860999999901,0.005276336712632251,0.04510512654247005,True,1.200364011525831,-0.002194527525831047,1.1584350097778238,0.03973447422217613,1.183167615724266,0.015001868275733798,1.2531507950361749,-0.054981311036174985,1.2455052772755373,-0.047335793275537386,1.2507982823145913,-0.05262879831459144,1.057557490430266,0.14061199356973386
Ref,single,690000,34.3775,0.005935715,-0.01375098,0.006105539,-0.00197863,-1.212226216,-0.002063537,-18.29883229,-6.824840795,-13.82965541,-0.0499,0.0607,-0.00426,-0.198,0.193,0.15,0.0224,-0.000209,0.106,0.0134,0.000181,-0.208,0.21,0.17,0.0287,0.157,0.0607,0.169,0.239,0.0,0.01375098,1.212226216,0.0038654899999999996,0.062173064907562664,0.22488932949586374,0.7751106705041363,0.4669230769230769,2.7466063348416285,1.217709701181818,-0.005483485181818182,0.005416783833435211,0.029038306777562348,True,1.2180802801872241,-0.005854064187224228,1.1812555467721797,0.030970669227820213,1.118122102838955,0.09410411316104494,1.2010163493894417,0.011209866610558228,1.2021513260497565,0.010074889950243415,1.2017768260014277,0.010449389998572256,1.0066435158606764,0.20558270013932356
Ref,single,700000,34.8775,0.006027134,-0.01395098,0.006220937,-0.001957594,-1.233568684,-0.002210806,-18.32098833,-6.955145319,-13.83527302,-0.0499,0.0612,-0.00458,-0.201,0.2,0.149,0.0222,0.007,0.104,0.013,0.000169,-0.204,0.211,0.17,0.029,0.156,0.0612,0.169,0.24,0.0,0.01395098,1.233568684,0.00391444,0.06256548569299211,0.22773717871519236,0.7722628212848076,0.4707692307692307,2.7692307692307687,1.2331046433636366,0.0004640406363634053,0.005447397481321917,0.11195636047795217,True,1.2357965488486173,-0.002227864848617367,1.2042425621362398,0.029326121863760157,1.1710003389867298,0.06256834501327013,1.2498288763694292,-0.016260192369429216,1.2470336320744737,-0.013464948074473737,1.2492035071612466,-0.015634823161246647,1.0508062680262038,0.18276241597379617
Ref,single,710000,35.3775,0.006131657,-0.01415098,0.006321967,-0.002477429,-1.241319709,-0.003429252,-18.33781497,-7.217567876,-13.83859372,-0.0502,0.0586,-0.00433,-0.2,0.193,0.15,0.0225,0.00179,0.103,0.0139,0.000194,-0.215,0.212,0.17,0.0291,0.157,0.0586,0.17,0.24,0.0,0.01415098,1.241319709,0.00362796,0.06023254934003707,0.21107013388672946,0.7889298661132705,0.45076923076923076,2.6515837104072397,1.2483558967272728,-0.007036187727272658,0.0055069522517160975,0.0991637574517186,True,1.2535128175100108,-0.012193108510010653,1.2273960558700039,0.013923653129996216,1.1732777600775557,0.06804194892244442,1.2553252848039447,-0.01400557580394457,1.2540539588875468,-0.012734249887546678,1.2552445098052956,-0.013924800805295456,1.054171810934129,0.18714789806587118
Ref,single,720000,35.8775,0.006237683,-0.01435098,0.006405093,-0.000276106,-1.26276333,-0.003664421,-18.33447407,-7.366474553,-13.84691503,-0.05,0.0574,-0.00507,-0.201,0.202,0.15,0.0226,-0.00178,0.0996,0.0136,0.000184,-0.215,0.213,0.171,0.0293,0.157,0.0574,0.17,0.24,0.0,0.01435098,1.26276333,0.00347876,0.05898101389430331,0.20238986619472074,0.7976101338052792,0.44153846153846155,2.597285067873303,1.2628772103636363,-0.00011388036363624288,0.0044278181489870415,0.07046850341834648,True,1.2712290861714037,-0.00846575617140366,1.2507160279734721,0.012047302026527928,1.1962643601059177,0.06649896989408233,1.2785494956232268,-0.015786165623226767,1.2765698958314202,-0.013806565831420148,1.2782232519080834,-0.015459921908083318,1.0742342530069573,0.18852907699304278
Ref,single,730000,36.3775,0.006367324,-0.01455098,0.006454578,6.01e-05,-1.285171326,-0.003888771,-18.36469302,-7.526113061,-13.84299405,-0.0503,0.0528,-0.00458,-0.202,0.193,0.151,0.0228,-0.00508,0.0947,0.0142,0.000201,-0.209,0.212,0.171,0.0293,0.158,0.0528,0.17,0.24,0.0,0.01455098,1.285171326,0.0029888399999999996,0.05467028443313607,0.17388693893152418,0.8261130610684758,0.40615384615384614,2.3891402714932126,1.2768731061818182,0.008298219818181796,0.0061237958561076895,0.07523075195262292,True,1.288945354832797,-0.003774028832796983,1.2742024784466446,0.010968847553355365,1.1678521296593563,0.1173191963406437,1.2577744579828807,0.02739686801711927,1.26062673979914,0.024544586200859975,1.2591636301677651,0.026007695832234834,1.0528560811268,0.2323152448732
Ref,single,740000,36.8775,0.006366424,-0.01475098,0.00664618,-0.002580657,-1.298248786,-0.003188081,-18.35406806,-7.768316369,-13.84414657,-0.0501,0.0538,-0.00443,-0.205,0.197,0.151,0.0229,-0.0177,0.099,0.0137,0.000188,-0.203,0.21,0.171,0.0292,0.158,0.0538,0.17,0.24,0.0,0.01475098,1.298248786,0.0030824399999999997,0.05551972622410885,0.17933246879728837,0.8206675312027116,0.41384615384615386,2.434389140271493,1.2938991646363633,0.004349621363636702,0.007315843101609156,0.028148349015845966,True,1.3066616234941903,-0.008412837494190306,1.2978554072895212,0.0003933787104788422,1.2274659779834207,0.07078280801657932,1.312352911364965,-0.01410412536496497,1.3105489568985964,-0.012300170898596363,1.3120992716046285,-0.013850485604628426,1.1024494608252011,0.19579932517479892
Ref,single,750000,37.3775,0.006546871,-0.01495098,0.006684584,-0.001719002,-1.311350508,-0.002865494,-18.38986088,-8.022174879,-13.85124188,-0.0506,0.0495,-0.00457,-0.208,0.204,0.152,0.023,-0.0159,0.0973,0.0148,0.000219,-0.215,0.219,0.172,0.0297,0.159,0.0496,0.171,0.24,0.0,0.01495098,1.311350508,0.00266925,0.05166478491196881,0.1552935960917851,0.8447064039082148,0.3815384615384615,2.239819004524887,1.3085182398181818,0.002832268181818254,0.008384357936836772,0.10270133948877812,True,1.3243778921555835,-0.013027384155583466,1.3216748145021018,-0.010324306502101699,1.2106287424368973,0.10072176556310275,1.3014864858821307,0.009864022117869409,1.3032667723504099,0.008083735649590196,1.3025066716349187,0.008843836365081348,1.0904036976930265,0.2209468103069736
Ref,single,760000,37.8775,0.006621601,-0.01515098,0.006791741,-0.001118696,-1.320468469,-0.003342883,-18.39560304,-8.342160883,-13.84977374,-0.0503,0.0488,-0.00439,-0.202,0.199,0.152,0.0231,-5.85e-05,0.0886,0.0138,0.000191,-0.208,0.215,0.172,0.0296,0.159,0.0488,0.171,0.24,0.0,0.01515098,1.320468469,0.0025724400000000005,0.05071922712344896,0.1496613124774194,0.8503386875225806,0.37538461538461537,2.2081447963800906,1.324728044181818,-0.004259575181818187,0.008594654011067078,0.007201363084310254,True,1.3420941608169765,-0.0216256918169766,1.3456607000843865,-0.025192231084386618,1.2415185613211563,0.07894990767884358,1.331476136437266,-0.011007667437266111,1.3316962802059429,-0.011227811205942961,1.3319493427167517,-0.011480873716751772,1.1168381571554913,0.20363031184450864
Ref,single,770000,38.3775,0.006722262,-0.01535098,0.006873066,-0.000234832,-1.341363145,-0.003397995,-18.41105912,-8.546850845,-13.86172221,-0.0506,0.0429,-0.00464,-0.203,0.194,0.152,0.0232,-0.0155,0.0883,0.0151,0.000227,-0.207,0.209,0.173,0.0298,0.159,0.0429,0.172,0.24,0.0,0.01535098,1.341363145,0.00206741,0.045468780498271556,0.12027930448482436,0.8797206955151756,0.33,1.9411764705882353,1.3389314255454545,0.0024317194545455667,0.011990792251159111,0.08718148088886188,True,1.35981042947837,-0.018447284478369852,1.3698130640363753,-0.02844991903637517,1.2108269333385646,0.13053621166143548,1.3087498524825711,0.03261329251742895,1.3140475686005535,0.027315576399446595,1.3110254345310555,0.030337710468944623,1.0936222074025068,0.24774093759749327
Ref,single,780000,38.8775,0.006822711,-0.01555098,0.006974919,-0.00191498,-1.340954511,-0.003927793,-18.42572511,-9.045726168,-13.85599718,-0.0508,0.0393,-0.00464,-0.203,0.193,0.153,0.0233,-0.0208,0.0844,0.0158,0.00025,-0.212,0.209,0.174,0.0302,0.16,0.0395,0.173,0.24,0.0,0.01555098,1.340954511,0.0017944900000000001,0.04236142112819163,0.10440116334204269,0.8955988366579573,0.3038461538461538,1.7782805429864252,1.354987300090909,-0.014032789090908881,0.012360163153011354,0.2356164256103807,True,1.3775266981397631,-0.03657218713976307,1.3941319063580684,-0.05317739535806831,1.2151499289223464,0.12580458207765366,1.3159973462925052,0.024957164707494872,1.3225984932674557,0.01835601773254436,1.318739483118144,0.02221502788185603,1.0986370069587135,0.2423175040412866
Ref,single,790000,39.3775,0.006870584,-0.01575098,0.007120081,-0.001433224,-1.385456127,-0.002787847,-18.43114353,-8.967332102,-13.85557617,-0.0508,0.0375,-0.00444,-0.204,0.198,0.153,0.0235,-0.0299,0.0833,0.0162,0.000262,-0.212,0.209,0.173,0.03,0.161,0.0377,0.172,0.24,0.0,0.01575098,1.385456127,0.00166825,0.04084421623681865,0.09705667947180686,0.9029433205281931,0.29,1.69683257918552,1.3715941465454544,0.013861980454545675,0.012273794050620858,0.03305098003990559,True,1.3952429668011563,-0.009786839801156244,1.4186172270494655,-0.033161100049465375,1.2416001270597257,0.14385599994027443,1.3421865217297526,0.04326960527024748,1.3477060619756298,0.03775006502437028,1.3445510522749287,0.04090507472507143,1.1214919956867446,0.26396413131325547
Ref,single,800000,39.8775,0.007074927,-0.01595098,0.007135213,-6.59e-05,-1.373036043,-0.002874581,-18.46022466,-9.688963346,-13.87234876,-0.0512,0.0328,-0.00441,-0.204,0.198,0.153,0.0234,-0.0342,0.0767,0.016,0.000256,-0.217,0.216,0.174,0.0304,0.16,0.0332,0.173,0.24,0.0,0.01595098,1.373036043,0.0013318400000000002,0.03649438312946254,0.07748477026089091,0.922515229739109,0.2553846153846154,1.4841628959276019,1.3876853940000002,-0.01464935100000031,0.014284761239837325,0.16192571262209618,True,1.4129592354625495,-0.039923192462549606,1.4432690261105665,-0.07023298311056658,1.2363454290920488,0.13669061390795112,1.3412351652089107,0.0318008777910892,1.349090492708932,0.02394555029106793,1.3444316431242889,0.028604399875711062,1.1187847226323762,0.25425132036762377
Ref,single,810000,40.3775,0.00708128,-0.01615098,0.007291699,-0.000662935,-1.411876532,-0.00349148,-18.44990408,-9.684976139,-13.86439331,-0.0509,0.0346,-0.00479,-0.209,0.2,0.153,0.0235,-0.022,0.0825,0.0148,0.00022,-0.213,0.212,0.174,0.0303,0.16,0.0348,0.173,0.24,0.0,0.01615098,1.411876532,0.0014171599999999998,0.037645185615161995,0.08244858017699133,0.9175514198230087,0.2676923076923077,1.5656108597285066,1.4055922540909092,0.006284277909090807,0.015608777362102122,0.1104908223573797,True,1.4306755041239425,-0.018798972123942548,1.4680873035413715,-0.05621077154137155,1.2947102098053698,0.11716632219463019,1.3947443717688364,0.017132160231163596,1.39807809695959,0.013798435040409895,1.3963456901357556,0.01553084186424436,1.167371034111915,0.24450549788808495
Ref,single,820000,40.8775,0.007163986,-0.01635098,0.007443921,-0.001361312,-1.397556904,-0.002442632,-18.46961303,-10.79919786,-13.86796665,-0.0509,0.0175,-0.0045,-0.206,0.194,0.154,0.0238,-0.0431,0.0684,0.0187,0.000349,-0.207,0.217,0.175,0.0305,0.161,0.0215,0.174,0.239,0.0,0.01635098,1.397556904,0.00065525,0.025597851472340408,0.03812161799724349,0.9618783820027565,0.16538461538461535,0.7918552036199096,1.426166852818182,-0.028609948818181907,0.016015070493950807,0.20176126387180704,True,1.448391772785336,-0.05083486878533594,1.4930720593418811,-0.09551515534188115,1.2252673151745088,0.17228958882549117,1.3388456091093126,0.05871129489068738,1.3514338118518692,0.04612309214813082,1.3437276785689345,0.0538292254310655,1.1129116442549063,0.2846452597450937
Ref,single,830000,41.3775,0.007334623,-0.01655098,0.007423694,-0.002561317,-1.43937795,-0.004055093,-18.48016404,-10.88723526,-13.87300892,-0.0512,0.0243,-0.00462,-0.203,0.204,0.154,0.0237,-0.043,0.0726,0.0184,0.000337,-0.214,0.212,0.175,0.0306,0.161,0.0263,0.174,0.24,0.0,0.01655098,1.43937795,0.00092749,0.030454720487963768,0.05396019759826534,0.9460398024017347,0.2023076923076923,1.099547511312217,1.4493254545454548,-0.0099475045454549,0.016007322508161868,0.038795960781104526,True,1.4661080414467291,-0.02673009144672922,1.5182232935120945,-0.0788453435120946,1.3118296463467778,0.12754830365322212,1.416492933543369,0.02288501645663099,1.421520188288201,0.01785776171179898,1.4187040963527464,0.020673853647253493,1.184232399148663,0.25514555085133694
Ref,single,840000,41.8775,0.007345153,-0.01675098,0.00762975,-0.001681284,-1.467846637,-0.002429529,-18.48417197,-10.86745914,-13.88396296,-0.0511,0.0212,-0.00473,-0.205,0.201,0.155,0.0239,-0.034,0.0673,0.0175,0.000305,-0.212,0.212,0.175,0.0307,0.162,0.0234,0.174,0.24,0.0,0.01675098,1.467846637,0.00075444,0.02746707119443207,0.04389236700776861,0.9561076329922313,0.18,0.9592760180995474,1.4745887962727275,-0.006742159272727477,0.015718770286653725,0.206936972254199,True,1.4838243101081223,-0.01597767310812226,1.5435410060520118,-0.07569436905201177,1.331218388583326,0.1366282484166741,1.4366372486249133,0.0312093883750868,1.441344033874123,0.026502603125877044,1.4387402023389047,0.029106434661095415,1.201394046895421,0.2664525901045791
Ref,single,850000,42.3775,0.00747567,-0.01695098,0.007695119,-0.000173011,-1.475252508,-0.003272437,-18.4975302,-11.93620532,-13.87340572,-0.0511,0.00468,-0.0044,-0.209,0.205,0.155,0.0239,-0.0533,0.0694,0.019,0.00036,-0.211,0.212,0.176,0.031,0.162,0.0158,0.175,0.24,0.0,0.01695098,1.475252508,0.0003819024,0.01954232330097934,0.02221859962614343,0.9777814003738565,0.12153846153846154,0.21176470588235294,1.4998779302727274,-0.02462542227272735,0.015154321750835227,0.1597054981909255,True,1.5015405787695157,-0.02628807076951567,1.5690251969616338,-0.09377268896163371,1.3205137129569684,0.15473879504303167,1.4310205151122604,0.04423199288773971,1.4386505275112609,0.036601980488739194,1.4341633348835627,0.04108917311643734,1.1942926968140286,0.28095981118597146
Ref,single,860000,42.8775,0.007567825,-0.01715098,0.007784265,-0.000651474,-1.508325969,-0.004520007,-18.50426293,-12.93512916,-13.86837686,-0.0512,0.00161,-0.00451,-0.203,0.201,0.155,0.024,-0.052,0.0631,0.0175,0.000306,-0.215,0.218,0.177,0.0312,0.162,0.014,0.176,0.241,0.0,0.01715098,1.508325969,0.00030859210000000004,0.0175667896896388,0.0179534988983856,0.9820465011016144,0.10769230769230768,0.07285067873303168,1.5293829521818183,-0.021056983181818367,0.014576996466138395,0.0625808970175064,True,1.5192568474309087,-0.010930878430908786,1.5946758662409595,-0.08634989724095954,1.3549485456253068,0.15337742337469318,1.4640448250329354,0.04428114396706451,1.4697325862801884,0.0385933827198115,1.466505421728497,0.04182054727150297,1.2235853448058163,0.28474062419418367
Ref,single,870000,43.3775,0.007669207,-0.01735098,0.007887078,-0.00077846,-1.546789055,-0.002945165,-18.51331661,-12.19349502,-13.87781219,-0.0513,0.0104,-0.00466,-0.2,0.206,0.155,0.024,-0.0441,0.0632,0.0173,0.000301,-0.217,0.218,0.176,0.031,0.162,0.0165,0.175,0.24,0.0,0.01735098,1.546789055,0.00040916,0.020227703774773842,0.02380441239183845,0.9761955876081615,0.12692307692307692,0.4705882352941176,1.559417517090909,-0.012628462090908954,0.014453842688449592,0.06583332392631976,True,1.536973116092302,0.009815938907698163,1.6204930138899893,-0.07370395888998926,1.4156135265828125,0.1311755284171876,1.5195230857739703,0.02726596922602975,1.5204413116971742,0.026347743302825855,1.520300769421002,0.026488285578998072,1.2740262064658365,0.27276284853416355
Ref,single,880000,43.8775,0.007722666,-0.01755098,0.007994955,-0.000741286,-1.596107764,-0.002556514,-18.51201162,-11.86227764,-13.88094081,-0.0514,0.00897,-0.00481,-0.208,0.202,0.155,0.0242,-0.0518,0.0632,0.0166,0.000276,-0.213,0.217,0.176,0.0309,0.163,0.0153,0.175,0.24,0.0,0.01755098,1.596107764,0.0003564609,0.018880172139045765,0.02073844526631608,0.9792615547336839,0.11769230769230768,0.40588235294117647,1.5943233705454547,0.0017843934545453966,0.011598581860433018,0.2760747944999757,True,1.5546893847536953,0.04141837924630476,1.6464766399087236,-0.05036887590872352,1.4531576324804454,0.1429501315195547,1.5552090454652825,0.040898718534717604,1.5538498792039226,0.042257884796077505,1.5551858860993575,0.04092187790064261,1.3058257245630136,0.2902820394369865
Ref,single,890000,44.3775,0.007797656,-0.01775098,0.00812166,-0.001028498,-1.61885127,-0.002581067,-18.51321621,-12.96443254,-13.88117772,-0.0514,0.00116,-0.00448,-0.206,0.204,0.155,0.0242,-0.0467,0.0539,0.0171,0.000294,-0.21,0.214,0.176,0.0311,0.163,0.014,0.176,0.241,0.0,0.01775098,1.61885127,0.0002953456,0.017185621897388526,0.01718283424703041,0.9828171657529696,0.10769230769230768,0.052488687782805424,1.628660357090909,-0.009809087090909108,0.01122857160311041,0.12401789277374257,True,1.5724056534150883,0.04644561658491164,1.6726267442971616,-0.053775474297161674,1.4894321245102586,0.12941914548974132,1.5898081699990276,0.02904310000097232,1.5863084601577648,0.03254280984223512,1.5890326038643043,0.029818666135695615,1.3366016088988864,0.2822496611011136
Ref,single,900000,44.8775,0.007931458,-0.01795098,0.008146653,-0.001247966,-1.663636601,-0.003573999,-18.5244097,-12.35449847,-13.88455226,-0.0517,0.00712,-0.00476,-0.207,0.196,0.156,0.0242,-0.0458,0.0554,0.0158,0.000249,-0.223,0.214,0.176,0.0311,0.163,0.0139,0.176,0.241,0.0,0.01795098,1.663636601,0.00029969439999999995,0.017311683915783582,0.017435841942332067,0.982564158057668,0.10692307692307691,0.32217194570135743,1.6643188872727273,-0.0006822862727271506,0.011043977978972405,0.02746084907079451,True,1.5901219220764815,0.0735146789235186,1.6989433270553036,-0.035306726055303495,1.5355821101362614,0.12805449086373866,1.6328610724180919,0.03077552858190824,1.6261563634540006,0.037480237545999495,1.6309563457383773,0.03268025526162277,1.3753396689094477,0.2882969320905524
Ref,single,910000,45.3775,0.008015247,-0.01815098,0.008267425,-0.002166533,-1.697591284,-0.002160263,-18.54037169,-13.08225353,-13.89738219,-0.0516,0.00246,-0.0047,-0.212,0.203,0.156,0.0243,-0.056,0.0521,0.0153,0.000233,-0.217,0.221,0.177,0.0312,0.163,0.0122,0.176,0.241,0.0,0.01815098,1.697591284,0.0002390516,0.01546129360693988,0.01390772037669569,0.9860922796233043,0.09384615384615384,0.11131221719457013,1.7026699083636363,-0.005078624363636264,0.008188309502290148,0.1527434510428548,True,1.607838190737875,0.0897530932621251,1.7254263881831502,-0.02783510418315016,1.5719278804808192,0.12566340351918082,1.6675212137541895,0.030070070245810543,1.6586682782932376,0.03892300570676244,1.6648613610112957,0.03272992298870436,1.406173021812159,0.29141826218784095
Ref,single,920000,45.8775,0.008071947,-0.01835098,0.008374205,-0.002485921,-1.742256746,-0.002983889,-18.53865907,-12.72499847,-13.88880115,-0.0515,0.00496,-0.00461,-0.21,0.204,0.156,0.0243,-0.0462,0.0618,0.0165,0.000273,-0.213,0.22,0.177,0.0313,0.163,0.0139,0.176,0.241,0.0,0.01835098,1.742256746,0.00029760160000000003,0.017251133296105507,0.01731408547969242,0.9826859145203076,0.10692307692307691,0.22443438914027147,1.7418513866363636,0.0004053593636363928,0.006112628669438768,0.20910696822222433,True,1.625554459399268,0.11670228660073212,1.7520759276807005,-0.009819181680700506,1.6262543109598901,0.11600243504010987,1.7175734471946493,0.024683298805350695,1.7046341934180103,0.037622552581989765,1.7134724994759205,0.028784246524079515,1.4515033893039027,0.29075335669609736
Ref,single,930000,46.3775,0.008159483,-0.01855098,0.008461018,-0.000635233,-1.781521292,-0.003722494,-18.54296724,-12.45530139,-13.8897433,-0.0515,0.00164,-0.00494,-0.205,0.209,0.156,0.0243,-0.0602,0.0488,0.0149,0.000223,-0.216,0.215,0.177,0.0313,0.163,0.0119,0.176,0.241,0.0,0.01855098,1.781521292,0.0002256896,0.015022969080711043,0.013130336081115123,0.9868696639188849,0.09153846153846154,0.07420814479638008,1.7809940053636364,0.0005272866363636997,0.0076958576964144465,0.17100747628778495,True,1.6432707280606613,0.13825056393933877,1.7788919455479553,0.002629346452044823,1.6609000821837978,0.12062120981620228,1.7507783281094587,0.03074296389054143,1.7358740866249185,0.0456472053750816,1.7459871099301592,0.035534182069840936,1.4809661077655507,0.3005551842344494
Ref,single,940000,46.8775,0.008295514,-0.01875098,0.008519962,-0.000177219,-1.817084802,-0.00456597,-18.55361562,-12.86928327,-13.89200097,-0.052,0.00289,-0.00462,-0.205,0.199,0.156,0.0244,-0.0416,0.0459,0.0146,0.000214,-0.214,0.212,0.177,0.0313,0.164,0.0121,0.176,0.242,0.0,0.01875098,1.817084802,0.0002223521,0.014911475446782589,0.012936164543433626,0.9870638354565664,0.09307692307692307,0.13076923076923078,1.8195432072727273,-0.0024584052727272265,0.013669738905233242,0.03708931144341746,True,1.6609869967220545,0.1560978052779456,1.8058744417849137,0.011210360215086368,1.7058905619672329,0.11119424003276723,1.79283865180278,0.024246150197220206,1.7748543915226376,0.042230410477362534,1.78696250866028,0.030122293339720052,1.5187693092675802,0.29831549273241986
Ref,single,950000,47.3775,0.008349695,-0.01895098,0.008630294,-0.002670922,-1.860090469,-0.00318974,-18.5631489,-12.69321291,-13.90203153,-0.0523,0.0048,-0.00455,-0.207,0.2,0.157,0.0246,-0.0486,0.046,0.0142,0.000201,-0.212,0.223,0.177,0.0313,0.164,0.0121,0.176,0.242,0.0,0.01895098,1.860090469,0.00022404,0.014967965793654127,0.013034364435104816,0.9869656355648951,0.09307692307692307,0.21719457013574658,1.8596091847272727,0.00048128427272731145,0.021261981295350466,0.02677710864863831,True,1.6787032653834477,0.18138720361655225,1.8330234163915764,0.02706705260842357,1.7516391413123873,0.10845132768761268,1.835547936000941,0.024542532999058952,1.8144019432090466,0.045688525790953394,1.828557946113274,0.03153252288672603,1.5571837330675655,0.30290673593243445
Ref,single,960000,47.8775,0.008449316,-0.01915098,0.008752557,-0.001656709,-1.89711374,-0.001681536,-18.55331721,-12.90636803,-13.89677492,-0.0516,0.00285,-0.00505,-0.212,0.202,0.157,0.0246,-0.048,0.05,0.0153,0.000233,-0.22,0.214,0.177,0.0314,0.164,0.0124,0.176,0.242,0.0,0.01915098,1.89711374,0.0002411225,0.015528119654356094,0.014028202724975724,0.9859717972750243,0.09538461538461537,0.12895927601809953,1.8956037684545457,0.0015099715454542917,0.026944140812182146,0.1328598432218173,True,1.6964195340448411,0.20069420595515886,1.8603388693679435,0.03677487063205653,1.7997100511213515,0.09740368887864848,1.880245218644561,0.016868521355438926,1.8556871749633437,0.041426565036656315,1.8720527842354953,0.025060955764504733,1.5974705496697368,0.2996431903302632
Ref,single,970000,48.3775,0.008561421,-0.01935098,0.008800442,-0.001693279,-1.93932223,-0.002730461,-18.57431022,-12.71573164,-13.90090283,-0.0521,0.00516,-0.00451,-0.206,0.207,0.156,0.0245,-0.0411,0.0469,0.0145,0.00021,-0.212,0.22,0.177,0.0314,0.164,0.0124,0.176,0.242,0.0,0.01935098,1.93932223,0.0002366256,0.015382639565432196,0.013766578758593726,0.9862334212414062,0.09538461538461537,0.23348416289592758,1.9285115628181824,0.010810667181817557,0.03158479306829368,0.24320612786894377,True,1.7141358027062341,0.2251864272937658,1.8878208007140143,0.05150142928598567,1.844525631268568,0.09479659873143187,1.922155821955562,0.01716640804443803,1.8945366114870414,0.04478561851295848,1.9128851350698672,0.026437094930132687,1.6351327372958062,0.3041894927041937
Ref,single,980000,48.8775,0.008655241,-0.01955098,0.008913095,-0.001571868,-1.977357861,-0.003000194,-18.57990428,-12.94177643,-13.90470298,-0.0524,-0.000464,-0.00493,-0.206,0.198,0.157,0.0245,-0.0498,0.0453,0.0143,0.000204,-0.215,0.227,0.178,0.0317,0.164,0.0114,0.177,0.243,0.0,0.01955098,1.977357861,0.000204215296,0.01429039173710784,0.011880988177498674,0.9881190118225013,0.0876923076923077,-0.02099547511312217,1.957358860636364,0.019999000363635888,0.03565867931286098,0.03405947629904671,True,1.7318520713676273,0.24550578963237268,1.9154692104297892,0.06188865057021076,1.8851303745991195,0.09222748640088052,1.9604617974256673,0.01689606357433271,1.9302352960744955,0.047122564925504484,1.950273503063632,0.027084357936367986,1.6693999125971586,0.3079579484028414
Ref,single,990000,49.3775,0.008726377,-0.01975098,0.008997412,-0.001362434,-2.020148985,-0.003293125,-18.58042344,-12.79889754,-13.89867349,-0.052,0.00185,-0.00479,-0.211,0.206,0.157,0.0248,-0.0453,0.0497,0.0139,0.000192,-0.218,0.218,0.177,0.0314,0.165,0.0112,0.176,0.243,0.0,0.01975098,2.020148985,0.0001954225,0.013979359785054535,0.011369434403763931,0.9886305655962361,0.08615384615384615,0.083710407239819,1.9826366542727276,0.03751233072727245,0.03931250856638687,0.14932737555113984,True,1.7495683400290207,0.27058064497097933,1.9432840985152686,0.07686488648473144,1.929297903471853,0.09085108152814714,2.001817645525761,0.01833133947423926,1.9685998292650173,0.051549155734982754,1.9905758220857244,0.029573162914275697,1.7065396050139126,0.3136093799860875
Ref,single,1000000,49.8775,0.008806731,-0.01995098,0.009109185,-0.001073071,-2.059577022,-0.004064391,-18.59878049,-12.78083789,-13.90831219,-0.052,0.00207,-0.00452,-0.207,0.207,0.157,0.0247,-0.0464,0.0379,0.0138,0.000189,-0.212,0.215,0.178,0.0318,0.164,0.0112,0.178,0.243,0.0,0.01995098,2.059577022,0.0001932849,0.013902693983541464,0.011245071533667163,0.9887549284663328,0.08615384615384615,0.09366515837104071,2.004681401545455,0.05489562045454521,0.04264834219969929,0.055064787477149574,True,1.7672846086904137,0.29229241330958633,1.9712654649704517,0.0883115570295483,1.9744693924613432,0.0851076295386568,2.044032919613032,0.015544102386968017,2.0077155740126487,0.05186144798735137,2.0316992656408495,0.027877756359150574,1.74448874626906,0.3150882757309401
