Time,Px_mean,Py_mean,Pz_mean,Px_min,Px_max,Px_std,Px_var,Py_min,Py_max,Py_std,Py_var,Pz_min,Pz_max,Pz_std,Pz_var,absPx_mean,absPy_mean,absPz_mean,absP_mean,qdiff_absmax,strain,stress_raw,stress_sm,stress_trend,delta_sigma_serr,delta_sigma_serr_sm,S_rms,A_sigma,A_sigma_norm,onset_sigma,W_tot,W_serr,phi_serr,align_method,P_parallel,O_parallel,Pmag_mean,Pvec_norm,chi_parallel,chi_vec,eta_perp,P_parallel_sm,O_parallel_sm,chi_parallel_sm,chi_vec_sm,eta_perp_sm,P_parallel_abs_sm,O_parallel_rel,chi_parallel_rel,dataset
0.0,-0.0438,0.0255,-0.00337,-0.186,0.172,0.128,0.0165,-0.168,0.175,0.129,0.0166,-0.189,0.192,0.148,0.0218,0.134,0.13,0.147,0.239,0.0,0.0,0.0,0.005911592849044592,0.015126976940257511,-0.015126976940257511,-0.011243011216565022,0.0067785959785763,0.0,0.0,0.00445098,0.0,0.0,,time,0.0255,0.13,0.239,0.05079416206612724,0.19615384615233725,0.21252787475278123,0.6836982968353196,0.024167832167832182,0.13048251748251757,0.18523011331567488,0.21020833978561915,0.6819871175990665,0.024167832167832182,0.9999999999923361,0.9999999999946013,Single
10000.0,-0.0433,0.0221,-0.00422,-0.194,0.174,0.128,0.0164,-0.178,0.172,0.129,0.0167,-0.191,0.19,0.146,0.0214,0.134,0.13,0.145,0.238,0.0,0.00015098,0.0308181417174793,0.023224815272967787,0.02507434939086226,0.00574379232661704,-0.00013507347625105193,0.0062591542509446195,9.758609065138052e-07,0.005413057835876401,0.00445098,2.434342373566331e-06,6.591104512358421e-07,,time,0.0221,0.13,0.238,0.0487966023407368,0.1699999999986923,0.20502774092660409,0.682151589240386,0.023438041958041975,0.12964755244755255,0.18073914066057253,0.20781441353746205,0.6838091861039838,0.023438041958041975,0.993600943236932,0.9757546298726036,Single
20000.0,-0.0436,0.0223,-0.00349,-0.18,0.175,0.13,0.017,-0.168,0.171,0.128,0.0164,-0.189,0.188,0.146,0.0214,0.136,0.129,0.145,0.239,0.0,0.0003509799999999,0.0381345313921523,0.038136513401679464,0.03521571980500228,0.0029188115871500234,0.00226625270648191,0.0058973270889778676,2.189073891871952e-06,0.012142697288737311,0.00445098,8.60049429471849e-06,1.0679464750810256e-06,,time,0.0223,0.129,0.239,0.04909613121214339,0.1728682170529235,0.20542314314618396,0.685365853656865,0.022815477855477873,0.12877995337995346,0.17711948385738058,0.20592412842544094,0.6857173044091578,0.022815477855477873,0.9869517837607694,0.9562132241131434,Single
30000.0,-0.0441,0.0224,-0.00406,-0.189,0.176,0.129,0.0167,-0.174,0.17,0.128,0.0163,-0.187,0.19,0.148,0.0218,0.135,0.128,0.146,0.239,0.0,0.00055098,0.0508714507559192,0.047430999126716875,0.04555108818267759,0.005320362573241609,0.004599130887547172,0.005929945687482054,3.373968992493874e-06,0.018715258671512938,0.00445098,1.7275629655287596e-05,1.507876349463576e-06,,time,0.0224,0.128,0.239,0.04962916078274949,0.1749999999986328,0.20765339239557254,0.6870415647904963,0.022300139860139876,0.12787972027972036,0.17437114290609906,0.20453748444955586,0.6877114725145883,0.022300139860139876,0.9800525215638486,0.9413757827162207,Single
40000.0,-0.042,0.0221,-0.00392,-0.178,0.187,0.129,0.0167,-0.168,0.172,0.126,0.0159,-0.191,0.192,0.149,0.0223,0.135,0.127,0.148,0.239,0.0,0.0007509799999999,0.0651396675453906,0.0588426702868321,0.05608045452388818,0.009059213021502428,0.0033333945241064413,0.005718269393459762,4.537848012891541e-06,0.025171244774985987,0.00445098,2.7997922891805457e-05,2.145312713315476e-06,,time,0.0221,0.127,0.239,0.04762117596196045,0.17401574803012587,0.19925178226678325,0.6902439024373409,0.021892027972027987,0.12694685314685322,0.172494117806728,0.2036544816098068,0.6897916904202755,0.021892027972027987,0.9729031566461692,0.9312423056818355,Single
50000.0,-0.0432,0.0213,-0.00379,-0.183,0.174,0.13,0.0169,-0.168,0.173,0.125,0.0157,-0.185,0.193,0.148,0.022,0.136,0.126,0.147,0.238,0.0,0.00095098,0.0751719202315348,0.06894741813544182,0.06680381882863404,0.008368101402900757,0.0018409490566283857,0.005654227704920722,5.672193569028012e-06,0.031463410041828996,0.00445098,4.0789793949250865e-05,2.6040301483036178e-06,,time,0.0213,0.126,0.238,0.048314533010265136,0.16904761904627738,0.2030022395380762,0.6919315403406066,0.021591142191142255,0.12598135198135235,0.17148840855926778,0.20327511990619426,0.6919579581262214,0.021591142191142255,0.9655036890077339,0.9258127930099903,Single
60000.0,-0.0437,0.0214,-0.00353,-0.186,0.175,0.13,0.0168,-0.168,0.169,0.125,0.0156,-0.19,0.185,0.149,0.0222,0.135,0.125,0.148,0.238,0.0,0.0011509799999999,0.0795852347935555,0.07909461806547866,0.07772118109691518,0.0018640536966403193,0.0018390680672562157,0.004689886108871362,6.648841981447321e-06,0.0368808361385755,0.00445098,5.551933522864308e-05,2.927439883435199e-06,,time,0.0214,0.125,0.238,0.0487863802715471,0.1711999999986304,0.20498479105605932,0.6936274509786922,0.021758741258741325,0.12483916083916122,0.1743356561495344,0.20434611841112682,0.6945867755504802,0.021758741258741325,0.95675009378119,0.9411842007108476,Single
70000.0,-0.0439,0.0209,-0.00456,-0.182,0.18,0.131,0.017,-0.162,0.171,0.124,0.0153,-0.189,0.19,0.15,0.0224,0.136,0.124,0.149,0.239,0.0,0.00135098,0.0859028719874776,0.08806096831640985,0.08883254132873161,-0.002929669341254007,0.001234314261567403,0.004710648776082727,7.587840468981754e-06,0.04208941974603088,0.00445098,7.243604760014474e-05,3.1752385656242054e-06,,time,0.0209,0.124,0.239,0.04883455334084669,0.16854838709541492,0.2043286750654492,0.6968215158907168,0.021826573426573494,0.12380419580419619,0.17642046244450094,0.20504153666549446,0.6969164203534337,0.021826573426573494,0.9488182646371381,0.9524394240524341,Single
80000.0,-0.0437,0.0229,-0.0042,-0.186,0.174,0.131,0.0171,-0.165,0.17,0.121,0.0148,-0.189,0.196,0.151,0.0227,0.137,0.122,0.15,0.238,0.0,0.0015509799999999,0.0942945275755308,0.10021837811731601,0.10013789952408332,-0.005843371948552514,-0.001543876529248375,0.004702048508011403,8.527769082296776e-06,0.04730316272057573,0.00445098,9.123298612955174e-05,3.419649206729067e-06,,time,0.0229,0.122,0.238,0.04951504821768833,0.1877049180312483,0.20804642108184995,0.7017114914408272,0.021478554778554843,0.12279254079254116,0.17495971030592455,0.20529098330860968,0.699429447590088,0.021478554778554843,0.9410650802936278,0.9445532757776175,Single
90000.0,-0.0436,0.0219,-0.00383,-0.187,0.179,0.131,0.0171,-0.163,0.166,0.122,0.0149,-0.194,0.197,0.149,0.0222,0.137,0.122,0.148,0.238,0.0,0.00175098,0.115198698041794,0.11189972277954183,0.1116372556829703,0.003561442358823705,-0.0006820446502356709,0.004650672122482573,9.456433659459554e-06,0.05245442457844656,0.00445098,0.00011241531912226546,3.5918984842427997e-06,,time,0.0219,0.122,0.238,0.048941177958851785,0.17950819671984009,0.2056352015069166,0.7002457002439798,0.021372027972028036,0.12180419580419617,0.1754888463231721,0.2067500474562,0.7015447493369217,0.021372027972028036,0.9334905407506592,0.9474099172155187,Single
100000.0,-0.0448,0.0206,-0.00395,-0.188,0.182,0.132,0.0174,-0.16,0.168,0.121,0.0146,-0.187,0.187,0.15,0.0226,0.138,0.121,0.149,0.238,0.0,0.0019509799999999,0.117736301434357,0.12318370549504061,0.12333060980540012,-0.005594308371043119,-0.0012366439382649177,0.003956014700504477,1.0309605492254435e-05,0.05718693147982229,0.00445098,0.00013572666957913484,3.813528855037029e-06,,time,0.0206,0.121,0.238,0.049467186093409436,0.1702479338828905,0.20784531971933443,0.7034313725472956,0.02099020979020985,0.12075524475524511,0.17375185950275088,0.2066979549384359,0.704012529460072,0.02099020979020985,0.9254515247262821,0.9380324634672094,Single
110000.0,-0.0441,0.0211,-0.00417,-0.188,0.189,0.133,0.0176,-0.165,0.162,0.12,0.0143,-0.189,0.191,0.151,0.0227,0.139,0.12,0.15,0.238,0.0,0.00215098,0.130009033262754,0.13342651246276221,0.13449752459359052,-0.004488491330836508,-0.001852183067445283,0.0036020583686087763,1.1046735393343249e-05,0.06127575885318439,0.00445098,0.00016136619253555605,4.152816281526894e-06,,time,0.0211,0.12,0.238,0.049065353356518286,0.17583333333186807,0.20615694687526104,0.7066014669909375,0.020591142191142255,0.1198344988344992,0.17175404686759121,0.20682900881214805,0.7062390579497558,0.020591142191142255,0.9183950551048846,0.927246891945455,Single
120000.0,-0.0448,0.0185,-0.00383,-0.185,0.176,0.132,0.0175,-0.163,0.164,0.119,0.0141,-0.19,0.187,0.151,0.0227,0.139,0.119,0.15,0.238,0.0,0.0023509799999999,0.144200652466392,0.1476175062034929,0.14648254447450057,-0.002281892008108577,0.00046214766850180165,0.0035859897546847543,1.176667982349468e-05,0.0652692591696884,0.00445098,0.00018935879119999748,4.352285274054715e-06,,time,0.0185,0.119,0.238,0.04862056046571245,0.15546218487264316,0.2042880691828074,0.7083333333315973,0.020025174825174887,0.11901864801864837,0.16816145169361016,0.20672371962833308,0.7080705571085799,0.020025174825174887,0.9121424870859246,0.9078515835387757,Single
130000.0,-0.0449,0.0206,-0.00396,-0.183,0.173,0.132,0.0175,-0.157,0.16,0.118,0.0139,-0.188,0.187,0.151,0.0228,0.138,0.118,0.15,0.237,0.0,0.00255098,0.157284613686123,0.15958064932343724,0.15862537405816557,-0.0013407603720425598,-1.9940546649640893e-05,0.0033510921215167784,1.2476351595195287e-05,0.06920577749833806,0.00445098,0.00022007177366779597,4.547260064449247e-06,,time,0.0206,0.118,0.237,0.04955856737235248,0.17457627118496122,0.20910787920735602,0.7093596059095829,0.019418414918414978,0.11836829836829871,0.16401057556603713,0.20597541736747244,0.7096532645693532,0.019418414918414978,0.9071582971508109,0.8854422892115807,Single
140000.0,-0.0451,0.0186,-0.00432,-0.19,0.182,0.134,0.0179,-0.16,0.16,0.117,0.0136,-0.192,0.188,0.152,0.023,0.14,0.117,0.151,0.238,0.0,0.0027509799999999,0.168120150814309,0.17029009367511222,0.1711579686706775,-0.003037817856368502,-0.0009667221297351973,0.003024164140845284,1.3105421944661491e-05,0.07269520325744583,0.00445098,0.00025300196335346366,4.625307456011804e-06,,time,0.0186,0.117,0.238,0.04897583485761116,0.1589743589730002,0.20578081872859402,0.713235294115899,0.019431701631701694,0.1174592074592078,0.1654562877861277,0.20635313654406448,0.7118676987087036,0.019431701631701694,0.9001911499296842,0.8932472416256569,Single
150000.0,-0.0451,0.0199,-0.00373,-0.185,0.175,0.133,0.0178,-0.155,0.161,0.117,0.0136,-0.187,0.191,0.152,0.0232,0.14,0.117,0.151,0.239,0.0,0.00295098,0.18197158512639,0.18224620051328605,0.18394925342290686,-0.0019776682965168546,-0.002540567593997578,0.00298353132844393,1.3699759195808852e-05,0.07599196603685629,0.00445098,0.00028822856171875546,5.009261668814995e-06,,time,0.0199,0.117,0.239,0.049436149728715725,0.17008547008401637,0.20684581476363548,0.713235294115899,0.01953076923076929,0.11639627039627076,0.16786278928568643,0.20658226527403828,0.7142566506177356,0.01953076923076929,0.8920449470249823,0.9062391977199908,Single
160000.0,-0.0448,0.019,-0.0039,-0.185,0.183,0.134,0.0179,-0.155,0.169,0.116,0.0134,-0.188,0.194,0.152,0.023,0.14,0.116,0.151,0.238,0.0,0.0031509799999999,0.198570275907985,0.19644301455920654,0.19720520016548054,0.001365075742504468,-0.001464885560452188,0.0029258111073183564,1.4275167927342621e-05,0.0791837331445148,0.00445098,0.00032598416220540777,5.3787174090281145e-06,,time,0.019,0.116,0.238,0.04881854155953453,0.16379310344686382,0.2051199225181908,0.7149877149859584,0.019637995337995397,0.1155571095571099,0.17003870020053813,0.20670223058260645,0.7159960877290452,0.019637995337995397,0.8856137342054805,0.9179862666813519,Single
170000.0,-0.0446,0.0202,-0.00407,-0.182,0.174,0.133,0.0178,-0.156,0.157,0.114,0.013,-0.192,0.195,0.154,0.0236,0.139,0.115,0.153,0.238,0.0,0.00335098,0.211415367267445,0.21145916741078385,0.2104888145212257,0.0009265527462193057,0.0016099904021579176,0.0029831328444090807,1.4880719588825477e-05,0.08254270176836075,0.00445098,0.0003667912331860093,5.544183032351986e-06,,time,0.0202,0.115,0.238,0.04913008141658225,0.17565217391151605,0.2064289135141841,0.7174447174429548,0.019978554778554838,0.11479020979021015,0.174088184949509,0.20792880882978473,0.717783995435541,0.019978554778554838,0.8797363202676584,0.9398481803651585,Single
180000.0,-0.0452,0.0207,-0.00428,-0.194,0.18,0.135,0.0183,-0.15,0.155,0.112,0.0126,-0.199,0.192,0.152,0.0231,0.142,0.113,0.151,0.237,0.0,0.0035509799999999,0.224803370462444,0.22427347318185892,0.22363737863494143,0.0011659918275025716,0.001585963015332401,0.0029887080595118304,1.548173869107305e-05,0.08587652848405017,0.00445098,0.0004104128774715183,5.833207788546971e-06,,time,0.0207,0.113,0.237,0.04989838073525032,0.18318584070634347,0.21054169086514674,0.721674876845513,0.0198386946386947,0.11379953379953414,0.17439153354490972,0.20778123296060713,0.7200604703614242,0.0198386946386947,0.8721439162446355,0.9414858654584138,Single
190000.0,-0.0453,0.0197,-0.00385,-0.187,0.176,0.134,0.0181,-0.15,0.156,0.112,0.0125,-0.192,0.195,0.154,0.0237,0.141,0.112,0.153,0.238,0.0,0.00375098,0.237309986713393,0.23881140232988585,0.23650773746444576,0.0008022492489472566,0.0006892169703702851,0.0030765960855926723,1.6088537531458356e-05,0.08924241515480792,0.00445098,0.00045672157900914694,5.999098742743771e-06,,time,0.0197,0.112,0.238,0.04954798179542735,0.17589285714128663,0.20818479745890406,0.7241379310326991,0.020048717948718008,0.11285780885780922,0.1776430893940133,0.20836493865687947,0.7220131571472931,0.020048717948718008,0.8649266663027505,0.9590400081994735,Single
200000.0,-0.0448,0.0199,-0.00411,-0.186,0.18,0.134,0.018,-0.149,0.159,0.112,0.0126,-0.194,0.191,0.153,0.0235,0.14,0.113,0.152,0.237,0.0,0.0039509799999999,0.255230006484341,0.2526223267901193,0.25030252740654513,0.004927479077795893,0.001903209460309532,0.003126996320472983,1.6713104229445015e-05,0.09270685935581795,0.00445098,0.0005057309449231069,6.399764311337984e-06,,time,0.0199,0.113,0.237,0.04919290700903942,0.17610619468870703,0.2075650084760838,0.7209876543192075,0.01987016317016323,0.1117529137529141,0.17779601092740238,0.20895753714778814,0.724477992133126,0.01987016317016323,0.8564589027570734,0.9598655841852078,Single
210000.0,-0.0463,0.0196,-0.0045,-0.186,0.179,0.135,0.0183,-0.155,0.154,0.11,0.0122,-0.198,0.195,0.154,0.0236,0.142,0.111,0.153,0.237,0.0,0.00415098,0.260064323384476,0.26568810286806926,0.26405553314040175,-0.003991209755925762,0.0010375970835059336,0.003223271725449112,1.7360724758662037e-05,0.0962991821519797,0.00445098,0.0005575515132235456,6.819410925844238e-06,,time,0.0196,0.111,0.237,0.05047870838284197,0.17657657657498577,0.21299033072839232,0.7266009852198851,0.019633566433566493,0.11061305361305396,0.17741134709944248,0.2087443349899134,0.7271409336931818,0.019633566433566493,0.8477231720105837,0.9577889033417304,Single
220000.0,-0.0446,0.019,-0.00378,-0.188,0.183,0.135,0.0183,-0.147,0.15,0.109,0.0118,-0.196,0.201,0.155,0.0242,0.141,0.109,0.155,0.238,0.0,0.0043509799999999,0.27369109199376,0.2774826728076585,0.27792105699375164,-0.00422996499999162,0.0006752493063129348,0.0033808388969700344,1.802315789663361e-05,0.09997366984208628,0.00445098,0.0006119239421579353,6.935804576730708e-06,,time,0.019,0.109,0.238,0.04862559408377445,0.17431192660390538,0.20430921883852998,0.7308641975290595,0.019277855477855536,0.10965034965034999,0.17578899808337162,0.20876970319715651,0.7292122243645262,0.019277855477855536,0.840345141748211,0.9490303435858594,Single
230000.0,-0.0457,0.0195,-0.00389,-0.185,0.18,0.136,0.0185,-0.142,0.15,0.108,0.0117,-0.195,0.195,0.155,0.024,0.142,0.109,0.154,0.238,0.0,0.00455098,0.291119624431202,0.29220942889724316,0.2918485624044816,-0.0007289379732796086,-0.00036872050419825954,0.004070453129920109,1.878244240936902e-05,0.10418538787883486,0.00445098,0.0006689366005378575,7.007434701085812e-06,,time,0.0195,0.109,0.238,0.0498384600484405,0.17889908256716605,0.20940529432029872,0.7308641975290595,0.01916899766899773,0.10867599067599101,0.17647996246704398,0.20906986288868634,0.7314034423143008,0.01916899766899773,0.8328777890855674,0.9527606462418376,Single
240000.0,-0.0462,0.0185,-0.00415,-0.188,0.178,0.137,0.0187,-0.147,0.152,0.107,0.0114,-0.194,0.197,0.155,0.0242,0.143,0.107,0.154,0.238,0.0,0.0047509799999999,0.310509038743623,0.306262804278956,0.30655216124924717,0.003956877494375843,-0.0004488099841804564,0.004089908109557721,1.959745201330744e-05,0.10870621056315966,0.00445098,0.0007287273017106826,7.063761049277326e-06,,time,0.0185,0.107,0.238,0.04993908789715727,0.17289719626006636,0.2098281004073422,0.7351485148496655,0.019013053613053672,0.10750116550116584,0.17694207746394203,0.20869237578262123,0.7341849898812074,0.019013053613053672,0.8238740911382652,0.9552554619530822,Single
250000.0,-0.0454,0.0182,-0.00362,-0.185,0.184,0.137,0.0187,-0.144,0.146,0.106,0.0113,-0.19,0.194,0.156,0.0242,0.143,0.106,0.155,0.238,0.0,0.00495098,0.322573837068458,0.3199980335243864,0.3215223420654715,0.0010514950029865133,-0.0013405588048429834,0.004158247655727927,2.0422574824598767e-05,0.11328313076706138,0.00445098,0.0007913023361843623,7.246660747413575e-06,,time,0.0182,0.106,0.238,0.04904594172813894,0.17169811320592737,0.20607538541148263,0.7376237623744117,0.01848321678321684,0.10620979020979053,0.17401741263715048,0.20856963422126276,0.7372009345844617,0.01848321678321684,0.8139771691882542,0.9394661025750449,Single
260000.0,-0.0464,0.0189,-0.00446,-0.186,0.184,0.137,0.0188,-0.166,0.148,0.105,0.0111,-0.195,0.201,0.155,0.0241,0.143,0.106,0.154,0.237,0.0,0.0051509799999999,0.335691599306386,0.33230294230354845,0.3369977222591388,-0.0013061229527528417,-0.002175965135657848,0.004119591153889657,2.1250331964758554e-05,0.1178746634781642,0.00445098,0.0008566662210111715,7.725487057710262e-06,0.009018082968873728,time,0.0189,0.106,0.237,0.05029971769304476,0.17830188679077075,0.2122350957503482,0.7369727047128114,0.017821445221445277,0.10525967365967398,0.16918195947531003,0.20785914186843174,0.7392586211373848,0.017821445221445277,0.8066956071181741,0.9133609889125941,Single
270000.0,-0.046,0.0181,-0.00416,-0.187,0.181,0.137,0.0189,-0.148,0.152,0.104,0.0109,-0.198,0.198,0.156,0.0245,0.144,0.104,0.156,0.238,0.0,0.00535098,0.349407152563637,0.34937534502719303,0.35290388817170076,-0.003496735608063739,-0.003344154097332055,0.0048307136973548435,2.2153961641310015e-05,0.12288705783553375,0.00445098,0.0009248893949688897,8.544831382296403e-06,0.009238760254769517,time,0.0181,0.104,0.238,0.049607616350717754,0.1740384615367881,0.20843536281726605,0.7425742574239045,0.01692400932400938,0.10404055944055976,0.16241775005249393,0.2073021834857,0.7420483235375193,0.01692400932400938,0.7973524840498426,0.8768431176998728,Single
280000.0,-0.0453,0.0159,-0.00426,-0.19,0.186,0.139,0.0192,-0.143,0.14,0.103,0.0107,-0.205,0.193,0.157,0.0245,0.145,0.103,0.156,0.238,0.0,0.0055509799999999,0.376287164439459,0.36794167263765254,0.3692975475218816,0.006989616917577379,-5.1869557486192586e-05,0.005038138213816861,2.3130352677632646e-05,0.12830305627831073,0.00445098,0.000996710093188118,8.982071335587771e-06,0.009011719051482008,time,0.0159,0.103,0.238,0.048198004108054096,0.15436893203733623,0.20251262230189743,0.7450495049486509,0.016506293706293758,0.10296037296037328,0.16016669529787916,0.20657844774957776,0.7444458672083143,0.016506293706293758,0.7890740839927397,0.8646903704261815,Single
290000.0,-0.047,0.0151,-0.00425,-0.187,0.183,0.138,0.0192,-0.142,0.139,0.103,0.0105,-0.191,0.199,0.156,0.0244,0.145,0.102,0.155,0.237,0.0,0.00575098,0.387751882505623,0.38679073180791523,0.3857630905664837,0.001988791939139256,0.0022303567091802516,0.005144660943465692,2.4145697957523913e-05,0.13393513220916245,0.00445098,0.001072259470253053,9.160799156794651e-06,0.008543453717067852,time,0.0151,0.102,0.237,0.04954868817637859,0.14803921568482314,0.20906619483615835,0.7462686567145614,0.01642121212121217,0.10217202797202829,0.16061790881351987,0.2071192289222346,0.7462342681393682,0.01642121212121217,0.783032316838419,0.8671263324172498,Single
300000.0,-0.046,0.0155,-0.00458,-0.19,0.185,0.138,0.0191,-0.139,0.141,0.102,0.0103,-0.196,0.2,0.158,0.0249,0.144,0.101,0.157,0.238,0.0,0.0059509799999999,0.405312441946444,0.39927632537937663,0.40257481569350567,0.00273762625293833,-0.00016475202364753987,0.0051826829353956395,2.5186327913173322e-05,0.13970746113234803,0.00445098,0.0011511209295586562,9.359453062169774e-06,0.008130729640853825,time,0.0155,0.101,0.238,0.04875680875529078,0.15346534653313398,0.20486054098775597,0.74875621890361,0.016459673659673713,0.10136596736596767,0.16235261566024134,0.20759795481040463,0.7480749012179378,0.016459673659673713,0.7768547796356866,0.8764914772938593,Single
310000.0,-0.0459,0.0163,-0.00327,-0.187,0.189,0.139,0.0193,-0.146,0.144,0.0997,0.00994,-0.202,0.203,0.158,0.025,0.145,0.0996,0.157,0.237,0.0,0.00615098,0.417055117388502,0.41672641896421714,0.4194281729809736,-0.00237305559247164,-0.003261427019501049,0.005078101589782322,2.6219453750876087e-05,0.1454381650409631,0.00445098,0.0012327373821013226,9.962880644478692e-06,0.008081916545352083,time,0.0163,0.0996,0.237,0.04881795673724987,0.16365461847225246,0.20598293981875057,0.7519920318706376,0.016795104895104947,0.10055617715617746,0.16712269100366997,0.2083061774076579,0.7500401706182841,0.016795104895104947,0.7706486592648675,0.9022436363678733,Single
320000.0,-0.047,0.0196,-0.0044,-0.193,0.188,0.139,0.0192,-0.14,0.144,0.101,0.0101,-0.201,0.195,0.157,0.0246,0.145,0.101,0.156,0.238,0.0,0.0063509799999999,0.445923203042963,0.43739614566034657,0.436151217274781,0.009771985768182001,0.0025686601900993923,0.005200939335568032,2.7258522843633638e-05,0.15120183592584518,0.00445098,0.0013182023971513666,1.0471375066815508e-05,0.00794367776105106,time,0.0196,0.101,0.238,0.05111281639667296,0.19405940593867266,0.2147597327582277,0.74875621890361,0.017492307692307744,0.09991095571095603,0.1751877175793164,0.2104231887227886,0.7514793237724199,0.017492307692307744,0.7657037711858731,0.9457842164130748,Single
330000.0,-0.0468,0.0182,-0.00495,-0.189,0.188,0.138,0.0191,-0.14,0.139,0.0991,0.00982,-0.193,0.197,0.158,0.0251,0.145,0.0994,0.158,0.237,0.0,0.00655098,0.460330984302572,0.45854678821562467,0.45300745798298525,0.007323526319586771,0.006789323411712595,0.004796960602767381,2.8273906796010004e-05,0.15683412637128305,0.00445098,0.0014078417835094068,1.143586876353515e-05,0.008122978659596474,time,0.0182,0.0994,0.237,0.05045772983399075,0.18309859154745373,0.2129018136446323,0.7529821073539936,0.01820885780885786,0.09903496503496534,0.18385200840770333,0.21191740244101837,0.7534875327788361,0.01820885780885786,0.7589902995815154,0.9925600385148202,Single
340000.0,-0.0463,0.0185,-0.00445,-0.188,0.186,0.139,0.0194,-0.135,0.145,0.0978,0.00957,-0.196,0.203,0.159,0.0252,0.146,0.0982,0.158,0.238,0.0,0.0067509799999999,0.473826676779812,0.473047522774764,0.46878658089549385,0.005040095884318141,0.004842659027509632,0.004543019967611684,2.9195723998621916e-05,0.161947406141522,0.00445098,0.0015011796363183663,1.2482423039012905e-05,0.008315076182105674,time,0.0185,0.0982,0.238,0.05005739206151275,0.18839103869461923,0.21032517672816145,0.7558428642447642,0.018543822843822902,0.09806713286713317,0.18892548736971015,0.2122464069656981,0.755911272759838,0.018543822843822902,0.7515729674630236,1.019950179735179,Single
350000.0,-0.0474,0.019,-0.00434,-0.196,0.183,0.14,0.0196,-0.133,0.136,0.0963,0.00927,-0.195,0.201,0.159,0.0253,0.147,0.0968,0.158,0.238,0.0,0.00695098,0.486032101193605,0.48745219629241776,0.48382017065746064,0.0022119305361443797,0.0031534111876886147,0.004789373218178249,3.0116126054275373e-05,0.16705283615337707,0.00445098,0.0015972021858591807,1.327941368728891e-05,0.008314171997044654,time,0.019,0.0968,0.238,0.051250322925811886,0.1962809917335095,0.2153374912840191,0.7590841214515702,0.01872284382284388,0.09689044289044318,0.1931230806189564,0.21338109594918947,0.7586909108049169,0.01872284382284388,0.742554977931678,1.042611685329952,Single
360000.0,-0.0469,0.0183,-0.00401,-0.188,0.182,0.141,0.0199,-0.142,0.14,0.0952,0.00905,-0.198,0.196,0.158,0.0251,0.147,0.0954,0.158,0.237,0.0,0.0071509799999999,0.499938122455605,0.5012795724738645,0.498984338474129,0.0009537839814759974,0.0020447843110864995,0.004795464514599768,3.1070913580853836e-05,0.1723490008709556,0.00445098,0.00169610219515262,1.3853338862267737e-05,0.008167750093042698,time,0.0183,0.0954,0.237,0.05050326821107719,0.19182389936905844,0.21309395869562908,0.7617382617363594,0.018707925407925464,0.09555920745920775,0.19580330922948813,0.21346437745371488,0.7617484356303201,0.018707925407925464,0.7323525733727408,1.0570814092994534,Single
370000.0,-0.0465,0.0178,-0.00394,-0.187,0.187,0.14,0.0197,-0.134,0.137,0.0938,0.00879,-0.198,0.203,0.16,0.0256,0.147,0.0938,0.159,0.237,0.0,0.00735098,0.512635665579471,0.5160503377981145,0.5147444035348174,-0.0021087379553463848,0.0014922673679834241,0.004545378123326202,3.203685051419805e-05,0.1777070108610067,0.00445098,0.0017978003348665904,1.423561569980154e-05,0.007918351901329423,time,0.0178,0.0938,0.237,0.04994610695539744,0.18976545842015174,0.21074306732146286,0.7653826913437585,0.018307692307692365,0.09398391608391637,0.1948598074105845,0.2128852045356425,0.765293679868967,0.018307692307692365,0.720279757752132,1.0519877352633609,Single
380000.0,-0.0473,0.0182,-0.00416,-0.193,0.183,0.141,0.02,-0.139,0.147,0.0926,0.00857,-0.202,0.2,0.16,0.0257,0.148,0.0928,0.16,0.238,0.0,0.0075509799999999,0.530635871730998,0.5314051650493533,0.5303466608887213,0.00028921084227673255,-0.00033982320180248575,0.0056148572443809565,3.3053141078635885e-05,0.18334433024396085,0.00445098,0.0019025264162903966,1.4407717032019588e-05,0.0075729392815013785,time,0.0182,0.0928,0.238,0.050851112082234744,0.19612068965305907,0.21366013479840792,0.7684630738503782,0.018236363636363693,0.0927146853146856,0.19656589388376666,0.213199955780119,0.7681220782761745,0.018236363636363693,0.7105525483626358,1.0611983676094383,Single
390000.0,-0.0472,0.0192,-0.00434,-0.195,0.193,0.142,0.0202,-0.134,0.136,0.091,0.00829,-0.209,0.205,0.16,0.0255,0.149,0.0912,0.159,0.238,0.0,0.00775098,0.546534793175949,0.5460071628559591,0.547065976209425,-0.0005311830334759904,-0.0019725286939966833,0.005485948597850825,3.415392953304307e-05,0.189450355732837,0.00445098,0.0020101328319917433,1.4598644779701705e-05,0.007262527404836533,time,0.0192,0.0912,0.238,0.051140156433081035,0.21052631578716524,0.2148746068607822,0.771543086170412,0.017727505827505884,0.09134405594405623,0.19375540955254322,0.21253026247111048,0.7711973286671951,0.017727505827505884,0.7000482340907832,1.046025433355392,Single
400000.0,-0.047,0.0183,-0.00409,-0.196,0.186,0.141,0.02,-0.137,0.134,0.09,0.0081,-0.199,0.201,0.161,0.0258,0.148,0.0903,0.16,0.237,0.0,0.0079509799999999,0.556282338351924,0.5604373471255732,0.5637884210564065,-0.007506082704482497,-0.0029405260230220315,0.006228440494371733,3.5300008294568134e-05,0.19580760457762103,0.00445098,0.0021207822783184506,1.5073540502021981e-05,0.0071075379382996625,time,0.0183,0.0903,0.237,0.05060255033098628,0.2026578073067258,0.21351287059397794,0.7732864674848776,0.017600699300699355,0.0900167832167835,0.19533894249696354,0.21231686235130437,0.7740773288789453,0.017600699300699355,0.6898761991479382,1.0545744371651185,Single
410000.0,-0.0476,0.0174,-0.0045,-0.194,0.188,0.141,0.02,-0.128,0.133,0.089,0.00793,-0.197,0.202,0.162,0.0261,0.148,0.0891,0.161,0.238,0.0,0.00815098,0.575059496977581,0.5761855309797081,0.5804344577921471,-0.005374960814566121,-0.0034197577782570576,0.007520992345554752,3.6711130934937915e-05,0.2036350402447841,0.00445098,0.0022345120000625118,1.5821276359821674e-05,0.007080416824514286,time,0.0174,0.0891,0.238,0.050879956760987916,0.1952861952840035,0.21378133092762241,0.7761868877147043,0.018504895104895162,0.08898368298368325,0.20784488026329095,0.21450317929973145,0.7764666169564725,0.018504895104895162,0.6819586615879295,1.1220901209942749,Single
420000.0,-0.0474,0.0185,-0.00381,-0.19,0.186,0.143,0.0204,-0.131,0.134,0.0877,0.0077,-0.203,0.202,0.162,0.0261,0.149,0.0879,0.161,0.238,0.0,0.0083509799999999,0.594813710441548,0.5901809752744478,0.5975725054433981,-0.0027587950018501672,-0.009054104235863674,0.008139682326275145,3.831910177589857e-05,0.21255438428492748,0.00445098,0.00235108914027575,1.6911094675216324e-05,0.007192876860990855,time,0.0185,0.0879,0.238,0.05102475967606315,0.21046643913298668,0.21438974653717968,0.7790902236723319,0.01989720279720286,0.08814358974359002,0.22559198998379504,0.21746179382932368,0.7783721789820147,0.01989720279720286,0.6755203029764062,1.2179012685594826,Single
430000.0,-0.0473,0.0197,-0.00448,-0.194,0.187,0.142,0.0203,-0.126,0.13,0.0861,0.00742,-0.208,0.201,0.162,0.0263,0.149,0.0865,0.161,0.238,0.0,0.00855098,0.604358914875247,0.6069374215497432,0.6160709976089498,-0.011712082733702833,-0.01010821307889135,0.008587131695933189,3.998118925746182e-05,0.22177391096740223,0.00445098,0.00247061976579052,1.8829770065326876e-05,0.007621476329969354,time,0.0197,0.0865,0.238,0.05143394210052347,0.2277456647372515,0.2161090004214595,0.7818411097079904,0.021803729603729668,0.08732191142191169,0.249651610137253,0.22137272718254963,0.7802679954977284,0.021803729603729668,0.6692230737573108,1.3477917044214147,Single
440000.0,-0.048,0.025,-0.00404,-0.197,0.184,0.142,0.0202,-0.125,0.136,0.0848,0.00719,-0.197,0.198,0.162,0.0261,0.149,0.0864,0.161,0.237,0.0,0.0087509799999999,0.630710279055426,0.6337810980087408,0.6341953720240181,-0.0034850929685921184,-0.00021815889892151143,0.008683904058718274,4.171221722406944e-05,0.23137584751001952,0.00445098,0.0025945545807808793,2.0123997828667092e-05,0.00775624377985157,time,0.025,0.0864,0.237,0.05427081720409229,0.2893518518485029,0.22899078988971858,0.7820383451039808,0.024068764568764642,0.08641911421911447,0.27880898935623855,0.2262394192537901,0.7824213496635191,0.024068764568764642,0.6623041606323302,1.5052033622609648,Single
450000.0,-0.048,0.0289,-0.00472,-0.191,0.187,0.142,0.0202,-0.124,0.125,0.0835,0.00697,-0.205,0.206,0.164,0.0268,0.149,0.0866,0.163,0.239,0.0,0.00895098,0.665251343816833,0.6634906614532385,0.6513846866988152,0.013866657118017822,0.011356051561818164,0.009226486543328338,4.350388587952876e-05,0.2413141553057228,0.00445098,0.002724320729768827,2.1445397941210134e-05,0.007871833043325222,time,0.0289,0.0866,0.239,0.056227114455572054,0.3337182447998416,0.235259893118564,0.7827395885579963,0.026542191142191224,0.08568368298368324,0.3096284923464701,0.23120669795465731,0.7842142345482035,0.026542191142191224,0.6566679171752393,1.6715883114378929,Single
460000.0,-0.0479,0.0291,-0.00456,-0.193,0.184,0.143,0.0205,-0.116,0.13,0.0819,0.00671,-0.198,0.201,0.163,0.0264,0.15,0.085,0.162,0.238,0.0,0.0091509799999999,0.679192223893383,0.6826098180353308,0.6695364588918682,0.009655765001514771,0.01335420800807241,0.009151821486363888,4.5338056314418656e-05,0.25148821861601806,0.00445098,0.0028590219997500737,2.4268209611679737e-05,0.008488290616092211,time,0.0291,0.085,0.238,0.056231784606217146,0.34235294117244286,0.23626800254613814,0.7858942065471388,0.0288186480186481,0.0845400932400935,0.34093472014935433,0.23602531874522176,0.7868402715641349,0.0288186480186481,0.647903603260663,1.8406009370975347,Single
470000.0,-0.0483,0.031,-0.00394,-0.192,0.191,0.143,0.0204,-0.131,0.131,0.0796,0.00633,-0.198,0.204,0.164,0.0268,0.15,0.0833,0.163,0.238,0.0,0.00935098,0.690275147908221,0.6972119491171367,0.6890522198429592,0.001222928065261808,0.007547761141983753,0.010787232825012467,4.7324623152091834e-05,0.26250761811791506,0.00445098,0.0029970005308989564,2.6246022414847104e-05,0.008757430018530746,time,0.031,0.0833,0.238,0.05752750298770146,0.37214885953934995,0.24171219742630146,0.7898057027484487,0.03061911421911431,0.0834438228438231,0.3669946235037451,0.23983981295357776,0.789361288031105,0.03061911421911431,0.6395019382911863,1.9812902823004823,Single
480000.0,-0.048,0.0314,-0.00431,-0.193,0.187,0.144,0.0207,-0.122,0.125,0.0778,0.00606,-0.198,0.205,0.164,0.0268,0.15,0.0818,0.163,0.238,0.0,0.0095509799999999,0.718272224452518,0.7156543031127579,0.7073714545783881,0.010900769874129912,0.005150334386766622,0.013914788202722678,4.97693401035311e-05,0.2760683562950018,0.00445098,0.003138058364032449,2.7644424048737715e-05,0.008809404046014695,time,0.0314,0.0818,0.238,0.057519875695275974,0.3838630806799038,0.2416801499791357,0.7928064842938378,0.03162983682983692,0.08229300699300723,0.3840446809984165,0.24205893063431685,0.792031644640607,0.03162983682983692,0.6306822444884419,2.0733382608358197,Single
490000.0,-0.0479,0.032,-0.00422,-0.194,0.191,0.144,0.0208,-0.114,0.123,0.077,0.00593,-0.201,0.207,0.164,0.027,0.151,0.0816,0.163,0.238,0.0,0.00975098,0.732243824893976,0.7345228443571055,0.7304094195256446,0.0018344053683313488,0.0050880237853536915,0.016174867249352912,5.2817341463334156e-05,0.2929754867418863,0.00445098,0.0032830076272310814,2.9034804371017574e-05,0.008843964945492921,time,0.032,0.0816,0.238,0.05776000692520734,0.39215686274029216,0.2426891047267422,0.7937310414540099,0.03184102564102574,0.08089580419580444,0.39304700963973976,0.2420393120953383,0.7952540679199986,0.03184102564102574,0.6199742751439719,2.1219390443700425,Single
500000.0,-0.0482,0.0336,-0.00426,-0.193,0.192,0.144,0.0208,-0.117,0.125,0.0734,0.00539,-0.2,0.206,0.165,0.0272,0.151,0.0782,0.164,0.238,0.0,0.0099509799999999,0.746284098136858,0.7554140904688698,0.756490896098531,-0.010206797961673009,-0.0006535121166678284,0.016185134632538564,5.6061565502256714e-05,0.3109710558214638,0.00445098,0.003432036932658858,2.9328820592776876e-05,0.008545601684436226,time,0.0336,0.0782,0.238,0.058909656254301807,0.42966751917609114,0.24751956409266507,0.8011190233957246,0.032782517482517586,0.07946596736596762,0.4126105815306608,0.24407641749967562,0.7983873905232458,0.032782517482517586,0.6090162030787433,2.2275567084777923,Single
510000.0,-0.0475,0.0352,-0.004,-0.198,0.188,0.144,0.0208,-0.114,0.121,0.0732,0.00536,-0.204,0.203,0.164,0.0271,0.151,0.0794,0.164,0.238,0.0,0.01015098,0.784932793355397,0.7764387517644795,0.7855778507417263,-0.0006450573863292508,-0.009878322836480918,0.015704163638480415,5.926831672553225e-05,0.3287587648289588,0.00445098,0.003585234512511919,3.0273752750242418e-05,0.008444009072374949,time,0.0352,0.0794,0.238,0.05925613892247789,0.4433249370221244,0.24897537362281058,0.7986815415801252,0.035254312354312464,0.07841538461538486,0.4503955811947987,0.250234001722466,0.8008951723217843,0.035254312354312464,0.6009646819183283,2.431546216379996,Single
520000.0,-0.0483,0.0365,-0.00439,-0.197,0.188,0.145,0.0211,-0.119,0.119,0.0716,0.00512,-0.201,0.208,0.165,0.0272,0.152,0.0779,0.164,0.238,0.0,0.01035098,0.794612103751679,0.7948736196220871,0.8154071359198194,-0.02079503216814038,-0.020716321281644537,0.01541096170922392,6.239421115444376e-05,0.3460979647288602,0.00445098,0.003742281699332835,3.302747510599948e-05,0.008825491440659729,time,0.0365,0.0779,0.238,0.06069935831621286,0.4685494223303138,0.255039320655285,0.8022340695587656,0.038451048951049074,0.07741375291375314,0.49948872132169564,0.25847918141847176,0.8031828409734882,0.038451048951049074,0.593288314839051,2.696584871530878,Single
530000.0,-0.048,0.0419,-0.00439,-0.195,0.192,0.145,0.021,-0.113,0.118,0.0671,0.0045,-0.207,0.206,0.166,0.0275,0.152,0.0766,0.165,0.239,0.0,0.01055098,0.812206926201048,0.815563269325901,0.8468124320020446,-0.03460550580099664,-0.03177196603267841,0.021430736920703356,6.613797946678104e-05,0.366864484079655,0.00445098,0.003903106436252054,3.858140567228039e-05,0.009884794663536787,time,0.0419,0.0766,0.239,0.06386612638950323,0.5469973890268015,0.267222286147431,0.8053861788597425,0.044068997668997814,0.07685990675990699,0.5759273038107482,0.27479371005535275,0.8044568206531484,0.044068997668997814,0.5890437143781798,3.1092530987449423,Single
540000.0,-0.0483,0.0511,-0.00428,-0.199,0.189,0.146,0.0212,-0.114,0.119,0.0605,0.00366,-0.205,0.204,0.165,0.0273,0.152,0.0764,0.164,0.239,0.0,0.01075098,0.856349301484263,0.8568949387745635,0.8788892641641388,-0.02253996267987579,-0.02074363956045193,0.023040135024195017,7.063898980423171e-05,0.39183139187754756,0.00445098,0.004070400345002007,4.421091676235338e-05,0.010861564714792589,time,0.0511,0.0764,0.239,0.0704444348405181,0.6688481675305125,0.2947465892896375,0.8053007135555421,0.051781585081585244,0.07722727272727296,0.6689790772420825,0.2985140711925313,0.8037950638750253,0.051781585081585244,0.5918591564347173,3.6116107973133724,Single
550000.0,-0.0485,0.0596,-0.0048,-0.201,0.192,0.145,0.0212,-0.104,0.133,0.0533,0.00284,-0.209,0.209,0.166,0.0275,0.152,0.0773,0.165,0.239,0.0,0.01095098,0.911228639276141,0.9035971692903991,0.911739354763391,-0.000510715487250013,-0.004822694650812021,0.023503376661269938,7.530568554472662e-05,0.41771734937120353,0.00445098,0.004246567204374175,4.677389620205553e-05,0.011014519246010305,time,0.0596,0.0773,0.239,0.07698993440703791,0.7710219922280592,0.3221336167645012,0.8039563783900484,0.06018927738927757,0.07828088578088602,0.765058151203897,0.32497376916258514,0.801681481343933,0.06018927738927757,0.5999339014192027,4.130311953628895,Single
560000.0,-0.0481,0.0665,-0.00426,-0.2,0.19,0.145,0.0209,-0.0946,0.124,0.045,0.00203,-0.205,0.209,0.166,0.0275,0.151,0.0778,0.165,0.239,0.0,0.01115098,0.948567419896896,0.9426376007230114,0.9453904368503383,0.0031769830465576687,-0.008269100687367907,0.02374772360101082,8.00268270403525e-05,0.44390531509110853,0.00445098,0.004430928460648165,4.787237556104387e-05,0.01080414093484168,time,0.0665,0.0778,0.239,0.08218276948363325,0.8547557840507102,0.34386096018112716,0.8024377856759715,0.0684930069930072,0.07938438228438252,0.8572565121973932,0.35179142924175877,0.7994779938838042,0.0684930069930072,0.6083909462768472,4.628062342821127,Single
570000.0,-0.0485,0.0797,-0.00414,-0.194,0.191,0.146,0.0212,-0.0525,0.126,0.0231,0.000534,-0.209,0.2,0.165,0.0271,0.152,0.0812,0.164,0.24,0.0,0.01135098,0.985430358261456,0.9979042216411402,0.9781926842011746,0.007237674060281418,0.018912672412979354,0.023461558918623768,8.476205183216871e-05,0.4701714002400112,0.00445098,0.004624811946805335,4.933389380882443e-05,0.010667221581388326,time,0.0797,0.0812,0.24,0.09338886229096058,0.9815270935839713,0.3891202595440477,0.7955689828781582,0.0750724941724944,0.08029184149184174,0.9320289774350028,0.3730621765508299,0.7976199170154359,0.0750724941724944,0.6153455883619361,5.031735719135357,Single
580000.0,-0.0485,0.0834,-0.00505,-0.201,0.183,0.145,0.021,0.015,0.121,0.0126,0.00016,-0.208,0.203,0.165,0.0273,0.152,0.0834,0.165,0.24,0.0,0.01155098,1.05536204236339,1.044875709895094,1.0095868099821428,0.045775232381247255,0.04299719279372727,0.022424440296848244,8.936122491821907e-05,0.49568281251794993,0.00445098,0.004829416918787933,5.584630851045469e-05,0.011563778702392662,time,0.0834,0.0834,0.24,0.09660907048512578,0.9999999999880095,0.40253779368634685,0.7917082917063145,0.07918694638694662,0.08073240093240117,0.9806040095995852,0.3870504678872279,0.7969353243582538,0.07918694638694662,0.6187219750921743,5.293977269900577,Single
590000.0,-0.0484,0.0812,-0.0036,-0.197,0.191,0.145,0.021,0.0363,0.12,0.013,0.000169,-0.205,0.207,0.166,0.0275,0.152,0.0812,0.165,0.24,0.0,0.01175098,1.05647822065624,1.071555323179464,1.039529509476837,0.016948711179402887,0.023999048712988084,0.020089846317465937,9.361336893860406e-05,0.5192692697222322,0.00445098,0.0050414088876655685,6.301029241680936e-05,0.01249854828696237,time,0.0812,0.0812,0.24,0.09459894291164145,0.9999999999876846,0.394162262130197,0.7960823706660068,0.08049370629370653,0.08014219114219137,1.005117221095997,0.39180844554088523,0.7984261621609876,0.08049370629370653,0.6141986887424582,5.426316504906624,Single
600000.0,-0.0485,0.0796,-0.00446,-0.199,0.191,0.146,0.0214,0.0365,0.119,0.0121,0.000147,-0.214,0.209,0.166,0.0275,0.153,0.0796,0.165,0.24,0.0,0.0119509799999999,1.0819985290612,1.0764458072070942,1.0675181481209475,0.014480380940252502,0.010949277173003277,0.01954472324599465,9.754597484439438e-05,0.5410832629580099,0.00445098,0.0052559614462761835,6.669658255330811e-05,0.012689701634048749,time,0.0796,0.0796,0.24,0.09331828116719681,0.9999999999874372,0.3888261715283666,0.7997987927545277,0.080159906759907,0.0790655011655014,1.0142731991811187,0.3906621913775049,0.8009648053625462,0.080159906759907,0.6059470854054366,5.475746794189384,Single
610000.0,-0.0488,0.0753,-0.00439,-0.201,0.19,0.147,0.0215,0.0207,0.118,0.013,0.000169,-0.209,0.207,0.167,0.0279,0.153,0.0753,0.166,0.24,0.0,0.01215098,1.07834128713616,1.095506195008023,1.0920778574949552,-0.013736570358795275,0.001211364147029439,0.01989303175522569,0.00010152133529098799,0.5631344137646769,0.00445098,0.005473109480399697,6.783119821446658e-05,0.012393539441771392,time,0.0753,0.0753,0.24,0.08983764300113846,0.9999999999867197,0.3743235125031839,0.809028658379891,0.07840326340326365,0.07748648018648042,1.011800782308938,0.3850070496424647,0.8046286204945636,0.07840326340326365,0.5938456866167411,5.46239898141796,Single
620000.0,-0.0487,0.0746,-0.0044,-0.196,0.193,0.147,0.0216,0.0269,0.11,0.0129,0.000167,-0.209,0.209,0.168,0.0281,0.154,0.0746,0.167,0.24,0.0,0.0123509799999999,1.12133162431681,1.1112522220340506,1.114771297189394,0.006560327127416166,-0.0022713356444993868,0.019774761683067424,0.00010549312157196578,0.5851657388307446,0.00445098,0.005693795237977938,6.81519775764715e-05,0.011969516768340023,time,0.0746,0.0746,0.24,0.08919758965353267,0.9999999999865951,0.37165662355483753,0.8114256825055324,0.07548438228438252,0.07535850815850839,1.0015501739506734,0.3749477842144453,0.8094015693609665,0.07548438228438252,0.5775372027752883,5.40705912239223,Single
630000.0,-0.0486,0.0724,-0.00475,-0.196,0.189,0.147,0.0217,0.0173,0.115,0.0134,0.00018,-0.205,0.212,0.167,0.0279,0.154,0.0724,0.166,0.239,0.0,0.01255098,1.12720586771621,1.1298963308624073,1.1335665867690399,-0.006360719052829866,-0.006654732369827306,0.0162825457541046,0.00010926722346682578,0.6061005172392278,0.00445098,0.005917801561530749,6.87287587251497e-05,0.01161390053561913,time,0.0724,0.0724,0.239,0.08732858924773719,0.9999999999861877,0.365391586809087,0.8154943934739668,0.07321212121212144,0.07321212121212144,0.9999999999863476,0.3673032271664932,0.8142005571970079,0.07321212121212144,0.5610875895414075,5.398690213381871,Single
640000.0,-0.0492,0.0733,-0.00477,-0.196,0.186,0.147,0.0217,0.0298,0.118,0.0128,0.000164,-0.201,0.204,0.169,0.0285,0.154,0.0733,0.168,0.241,0.0,0.0127509799999999,1.14200614401505,1.1381260037133554,1.149377223391721,-0.00737107937667103,-0.007086104219082087,0.01007817971691818,0.00011187256483000977,0.6205522320143358,0.00445098,0.006144747174920494,7.030790294623967e-05,0.011441952116955792,time,0.0733,0.0733,0.241,0.08840974437243895,0.9999999999863574,0.36684541233224943,0.81457121173586,0.07201561771561794,0.07201561771561794,0.9999999999861424,0.3632716807397449,0.8169329047151045,0.07201561771561794,0.5519177519296015,5.398690213380763,Single
650000.0,-0.0496,0.0708,-0.00415,-0.201,0.192,0.148,0.0219,0.0223,0.108,0.0135,0.000182,-0.203,0.208,0.168,0.0282,0.155,0.0708,0.167,0.24,0.0,0.01295098,1.15270468169653,1.1543824135682013,1.1627617485748436,-0.010057066878313536,-0.009851380830421341,0.008554701816669577,0.00011375164301738743,0.6309753966667107,0.00445098,0.006373966550807061,7.226476007070551e-05,0.011337486554829105,time,0.0708,0.0708,0.24,0.0865449160840774,0.9999999999858756,0.36060381701548666,0.819755600812577,0.07037459207459229,0.07037459207459229,0.9999999999858025,0.35812356000126566,0.8206991036946514,0.07037459207459229,0.539341157971465,5.398690213378928,Single
660000.0,-0.0488,0.0687,-0.00446,-0.2,0.194,0.148,0.0219,0.0133,0.112,0.0134,0.00018,-0.208,0.211,0.169,0.0285,0.155,0.0687,0.168,0.24,0.0,0.01315098,1.18162869516664,1.1715975472332947,1.1760406791304585,0.00558801603618142,-0.004433041173672256,0.008232232928630682,0.00011545482331224823,0.6404228633901623,0.00445098,0.006606599331797072,7.375152678200181e-05,0.011163311573480958,time,0.0687,0.0687,0.24,0.08438614578234985,0.9999999999854439,0.351608940758326,0.8246106714301132,0.06892470862470883,0.06892470862470883,0.9999999999854852,0.3536358833439738,0.8239981116119799,0.06892470862470883,0.5282294513777704,5.398690213377215,Single
670000.0,-0.049,0.0667,-0.00518,-0.2,0.195,0.148,0.022,0.0191,0.106,0.0132,0.000173,-0.203,0.208,0.169,0.0286,0.155,0.0667,0.168,0.239,0.0,0.01335098,1.18699965695076,1.188751702014411,1.1876704343909412,-0.0006707774401812916,0.0018852726607956338,0.0076729921308693015,0.00011701746817471173,0.6490907862068146,0.00445098,0.006842542462178352,7.40947713697417e-05,0.010828543889832627,time,0.0667,0.0667,0.239,0.082926005571232,0.9999999999850074,0.3469707346062135,0.8288426995103185,0.06692680652680673,0.06692680652680673,0.9999999999850406,0.34748090175168034,0.828507482587842,0.06692680652680673,0.5129178055233403,5.398690213374815,Single
680000.0,-0.0495,0.0665,-0.00391,-0.2,0.193,0.149,0.0221,0.0125,0.108,0.0133,0.000176,-0.205,0.208,0.169,0.0287,0.155,0.0665,0.168,0.24,0.0,0.01355098,1.19816948393806,1.1993715728955001,1.202157634507715,-0.003988150569654847,-0.0010363407225468383,0.007591389852942467,0.00011853504802617873,0.6575087353753064,0.00445098,0.007081615594414553,7.434930876517283e-05,0.010498919035341878,time,0.0665,0.0665,0.24,0.08299269907648504,0.9999999999849624,0.34580291281724684,0.8292682926807978,0.06514195804195824,0.06514195804195824,0.9999999999846505,0.341876462484329,0.8326566581565213,0.06514195804195824,0.4992389731458615,5.398690213372708,Single
690000.0,-0.0499,0.0607,-0.00426,-0.198,0.193,0.15,0.0224,-0.000209,0.106,0.0134,0.000181,-0.208,0.21,0.17,0.0287,0.157,0.0607,0.169,0.239,0.0,0.01375098,1.21222621570349,1.2159153764987463,1.2166256688421189,-0.004399453138628884,-0.004255775036493475,0.00856814121050179,0.0001202265574355589,0.6668914642066253,0.00445098,0.007322886433654508,7.486617319635091e-05,0.01022358790821623,time,0.0607,0.0607,0.239,0.07869337710379444,0.9999999999835255,0.3292609920647079,0.843030773207026,0.0626107226107228,0.0626107226107228,0.9999999999840166,0.3342314188394966,0.8383961979960592,0.0626107226107228,0.47983993425503707,5.398690213369286,Single
700000.0,-0.0499,0.0612,-0.00458,-0.201,0.2,0.149,0.0222,0.007,0.104,0.013,0.000169,-0.204,0.211,0.17,0.029,0.156,0.0612,0.169,0.24,0.0,0.0139509799999999,1.23356868362328,1.2332709465780767,1.23237670195025,0.0011919816730299182,0.0013515176367880333,0.009132402448657439,0.00012202688818451626,0.6768778202567177,0.00445098,0.007567844157947779,7.520676546612183e-05,0.009937673648728535,time,0.0612,0.0612,0.24,0.07909757518407248,0.9999999999836602,0.3295732299322621,0.8415328845136161,0.0607151515151517,0.06070675990676009,1.0001691856365802,0.32820654991150544,0.842834177818306,0.0607151515151517,0.4652482269467901,5.399603594296038,Single
710000.0,-0.0502,0.0586,-0.00433,-0.2,0.193,0.15,0.0225,0.00179,0.103,0.0139,0.000194,-0.215,0.212,0.17,0.0291,0.157,0.0586,0.17,0.24,0.0,0.01415098,1.24131970851009,1.248685700181988,1.2477907438119809,-0.0064710353018908595,0.002761994100085037,0.007717124528077776,0.00012375763302476943,0.6864781863098101,0.00445098,0.007816022849758492,7.570755672480604e-05,0.009686199513496219,time,0.0586,0.0586,0.24,0.07728356164152891,0.9999999999829352,0.3220148401716954,0.8480290456409543,0.05855081585081602,0.058552913752913924,0.9999577035696479,0.32186723028676467,0.8478908828751305,0.05855081585081602,0.4487414473767359,5.39846186813097,Single
720000.0,-0.05,0.0574,-0.00507,-0.201,0.202,0.15,0.0226,-0.00178,0.0996,0.0136,0.000184,-0.215,0.213,0.171,0.0293,0.157,0.0574,0.17,0.24,0.0,0.0143509799999999,1.26276333005342,1.2613255492705187,1.26259760557204,0.00016572448137996965,-0.00012152052725406795,0.007943940259037925,0.00012532922289439346,0.6951957266905836,0.00445098,0.008067406116423587,7.595317493678146e-05,0.009414819812052892,time,0.0574,0.0574,0.24,0.076291971399355,0.9999999999825784,0.31788321416265464,0.8506763787698994,0.05674149184149201,0.05675174825174842,0.9997932175175899,0.3160847752287004,0.8521695646790239,0.05674149184149201,0.43493756363887787,5.397573858891474,Single
730000.0,-0.0503,0.0528,-0.00458,-0.202,0.193,0.151,0.0228,-0.00508,0.0947,0.0142,0.000201,-0.209,0.212,0.171,0.0293,0.158,0.0528,0.17,0.24,0.0,0.01455098,1.28517132565877,1.2764895652396202,1.2785076305856031,0.0066636950731668865,-0.004897273986641199,0.00836393302479061,0.00012695396212446835,0.7042080842529247,0.00445098,0.008320790753474083,7.637810648015173e-05,0.009179188462137744,time,0.0528,0.0528,0.24,0.07306782055049951,0.9999999999810606,0.30444925229247943,0.8613445378128641,0.05469114219114236,0.05469044289044305,1.0001006190442459,0.3098163348179977,0.8570059986552712,0.05469114219114236,0.4191400039269743,5.399233424505033,Single
740000.0,-0.0501,0.0538,-0.00443,-0.205,0.197,0.151,0.0229,-0.0177,0.099,0.0137,0.000188,-0.203,0.21,0.171,0.0292,0.158,0.0538,0.17,0.24,0.0,0.0147509799999999,1.29824878616255,1.2945875317624078,1.2922904220943114,0.005958364068238575,0.0024165188448776395,0.01038762254020156,0.00012884485401675025,0.7146967790105385,0.00445098,0.008577949284106783,7.692922628147679e-05,0.008968253802107596,time,0.0538,0.0538,0.24,0.07364831905753179,0.9999999999814126,0.3068679960717705,0.8590885280228939,0.052551282051282205,0.05255827505827522,0.9999441887301646,0.303559285531202,0.8620978540680853,0.052551282051282205,0.402799364021424,5.398388905699314,Single
750000.0,-0.0506,0.0495,-0.00457,-0.208,0.204,0.152,0.023,-0.0159,0.0973,0.0148,0.000219,-0.215,0.219,0.172,0.0297,0.159,0.0496,0.171,0.24,0.0,0.01495098,1.31135050834176,1.3103029075663155,1.3072366042567305,0.0041139040850295405,0.007217118209184461,0.010457577046372783,0.00013092184492302837,0.7262177568724729,0.00445098,0.008838368550222677,7.784905169719284e-05,0.008808079370624512,time,0.0495,0.0496,0.24,0.0709330310927145,0.9979838709476214,0.2955542962184123,0.8693361433064559,0.04979696969696985,0.049808857808857965,0.9999621661516962,0.29566184537503315,0.8687140399530768,0.04979696969696985,0.38172820979752914,5.398485960229,Single
760000.0,-0.0503,0.0488,-0.00439,-0.202,0.199,0.152,0.0231,-5.85e-05,0.0886,0.0138,0.000191,-0.208,0.215,0.172,0.0296,0.159,0.0488,0.171,0.24,0.0,0.01515098,1.32046846886779,1.3255749676885227,1.32157606898031,-0.0011076001125200907,0.0019135416382724886,0.01031688733834569,0.00013301975472122641,0.7378547709144297,0.00445098,0.00910237291307616,7.85723239387796e-05,0.008632070416045608,time,0.0488,0.0488,0.24,0.07021967032107172,0.9999999999795082,0.29258195966991307,0.8711721224897805,0.04652331002331017,0.04658717948717963,0.9984762683672188,0.2870020452638978,0.8765097650200817,0.04652331002331017,0.35703771191465916,5.390464058401747,Single
770000.0,-0.0506,0.0429,-0.00464,-0.203,0.194,0.152,0.0232,-0.0155,0.0883,0.0151,0.000227,-0.207,0.209,0.173,0.0298,0.159,0.0429,0.172,0.24,0.0,0.01535098,1.34136314512186,1.3352303399760364,1.3366736456500987,0.004689499471761227,-0.001148746204620275,0.011839753841154816,0.00013520148179433402,0.749956715720292,0.00445098,0.009368113345661531,7.905201920246097e-05,0.008438414041934149,time,0.0429,0.0429,0.24,0.06650037293128513,0.99999999997669,0.27708488721253355,0.8852634394199377,0.04457365967365981,0.0443706293706295,1.0120870691952957,0.2809358697333885,0.8817822348952012,0.04457365967365981,0.3400503778311478,5.4639445556295785,Single
780000.0,-0.0508,0.0393,-0.00464,-0.203,0.193,0.153,0.0233,-0.0208,0.0844,0.0158,0.00025,-0.212,0.209,0.174,0.0302,0.16,0.0395,0.173,0.24,0.0,0.01555098,1.34095451134586,1.357257893674004,1.3506561251235065,-0.009701613777646445,0.0034695891558635754,0.013281704955646772,0.00013778471097799318,0.7642857752011403,0.00445098,0.009637456365840465,7.93976225788307e-05,0.008238441717905156,time,0.0393,0.0395,0.24,0.06439456188219624,0.9949367088355713,0.26831067450803303,0.8939597315412242,0.040671794871794995,0.04076363636363649,0.9976551495918514,0.2719181628015557,0.8907363123551231,0.040671794871794995,0.3124068813953234,5.386031092505086,Single
790000.0,-0.0508,0.0375,-0.00444,-0.204,0.198,0.153,0.0235,-0.0299,0.0833,0.0162,0.000262,-0.212,0.209,0.173,0.03,0.161,0.0377,0.172,0.24,0.0,0.01575098,1.38545612680279,1.3700628932768035,1.3663430614189351,0.019113065383854932,0.010783408108593344,0.012617078110642695,0.00014042627165174578,0.7789383969103972,0.00445098,0.00991024366748509,8.101388514930038e-05,0.008174762182195584,time,0.0375,0.0377,0.24,0.06329773771628809,0.9946949601858172,0.26374057381676813,0.8983005125414127,0.03641678321678333,0.03687762237762249,0.9817947509091987,0.2621195941548866,0.9003358720689401,0.03641678321678333,0.2826250066970147,5.300405713355546,Single
800000.0,-0.0512,0.0328,-0.00441,-0.204,0.198,0.153,0.0234,-0.0342,0.0767,0.016,0.000256,-0.217,0.216,0.174,0.0304,0.16,0.0332,0.173,0.24,0.0,0.01595098,1.37303604297624,1.388344953593165,1.38239003589666,-0.009353992920420051,-0.004911132260608237,0.012681770269836117,0.00014295292334507286,0.7929536235229218,0.00445098,0.01018593539570437,8.221460979160178e-05,0.008071385356152315,time,0.0328,0.0332,0.24,0.06096497437053509,0.9879518071991582,0.2540207265428378,0.9093391589270635,0.0338720745920747,0.03401864801864812,1.0140556655745017,0.25510937043975457,0.9074172277131652,0.0338720745920747,0.26071422191057375,5.474572397636242,Single
810000.0,-0.0509,0.0346,-0.00479,-0.209,0.2,0.153,0.0235,-0.022,0.0825,0.0148,0.00022,-0.213,0.212,0.174,0.0303,0.16,0.0348,0.173,0.24,0.0,0.01615098,1.41187653237329,1.3964657413627006,1.4009614451119652,0.01091508726132484,0.0038677896539964477,0.01331342589578263,0.0001455525137892677,0.8073734382015203,0.00445098,0.01046442378362234,8.267106118989326e-05,0.007900201950849896,time,0.0346,0.0348,0.24,0.06173260159753515,0.994252873534648,0.2572191733219914,0.9053833605195611,0.029940000000000085,0.030636596736596827,0.9962742199687373,0.24698219700223875,0.9159932736427165,0.029940000000000085,0.2347946477999768,5.37857588126331,Single
820000.0,-0.0509,0.0175,-0.0045,-0.206,0.194,0.154,0.0238,-0.0431,0.0684,0.0187,0.000349,-0.207,0.217,0.175,0.0305,0.161,0.0215,0.174,0.239,0.0,0.01635098,1.39755690410831,1.4141270033734088,1.4204506288718137,-0.02289372476350371,-0.010407633885825815,0.013465716669568419,0.00014824638516053947,0.8223162250656845,0.00445098,0.010745322647197214,8.361222956327469e-05,0.007781267469440196,time,0.0175,0.0215,0.239,0.05401212826764004,0.8139534883342349,0.225992168482904,0.9396914445976446,0.024560396270396342,0.027152447552447636,0.8679505251130215,0.23924571378916135,0.9251172699638144,0.024560396270396342,0.20809260946300723,4.685796005691297,Single
830000.0,-0.0512,0.0243,-0.00462,-0.203,0.204,0.154,0.0237,-0.043,0.0726,0.0184,0.000337,-0.214,0.212,0.175,0.0306,0.161,0.0263,0.174,0.24,0.0,0.01655098,1.43937794991386,1.4361903585747458,1.4420888315264557,-0.0027108816125958057,-0.01025442586490148,0.013601436712394046,0.00015095185549925835,0.8373233508957898,0.00445098,0.01103020890654153,8.602713625719466e-05,0.007799230004263633,time,0.0243,0.0263,0.24,0.056861888818434445,0.9239543725884428,0.23692453674248967,0.9272073069445691,0.01942013986013992,0.023765734265734337,0.750534444747591,0.2318163343365215,0.9339620972009893,0.01942013986013992,0.18213730639230194,4.051902961720134,Single
840000.0,-0.0511,0.0212,-0.00473,-0.205,0.201,0.155,0.0239,-0.034,0.0673,0.0175,0.000305,-0.212,0.212,0.175,0.0307,0.162,0.0234,0.174,0.24,0.0,0.01675098,1.46784663700141,1.4682410741263063,1.465735934206863,0.002110702794547059,0.006916374684962123,0.012618842772584413,0.00015360643919158206,0.8520482107203896,0.00445098,0.011320479630389827,8.735141724362683e-05,0.007716229355612456,time,0.0212,0.0234,0.24,0.055524975461498406,0.9059829059441888,0.23135406442194606,0.9348914858070815,0.015393659673659722,0.020748251748251813,0.6855013291098784,0.22571933831781385,0.9419338103782813,0.015393659673659722,0.1590117369621774,3.70080931677629,Single
850000.0,-0.0511,0.00468,-0.0044,-0.209,0.205,0.155,0.0239,-0.0533,0.0694,0.019,0.00036,-0.211,0.212,0.176,0.031,0.162,0.0158,0.175,0.24,0.0,0.01695098,1.4752525076835,1.4852974458069457,1.4927556449644148,-0.017503137280914904,-0.009720254356700767,0.011940148041207056,0.0001560255114512823,0.8654666989122171,0.00445098,0.011616086964123369,8.829238644689144e-05,0.007600871680763506,time,0.00468,0.0158,0.24,0.051502159178038354,0.29620253162682264,0.21459232990759902,0.9552154194984263,0.011133473193473228,0.01833053613053619,0.5516685767984246,0.22081926712877667,0.9484266382749297,0.011133473193473228,0.14048269824999113,2.9782877466326205,Single
860000.0,-0.0512,0.00161,-0.00451,-0.203,0.201,0.155,0.024,-0.052,0.0631,0.0175,0.000306,-0.215,0.218,0.177,0.0312,0.162,0.014,0.176,0.241,0.0,0.01715098,1.50832596943543,1.5081452799976778,1.5217718017041513,-0.013445832268721203,-0.01636167144133812,0.011727113000468819,0.00015839306356560628,0.8785994071073536,0.00445098,0.011915072236325512,9.097829923891771e-05,0.007635564219371825,time,0.00161,0.014,0.241,0.05142345962690569,0.11499999999178571,0.2133753511481009,0.9602272727245448,0.008157109557109585,0.016385314685314737,0.4760150793904825,0.21740364245270727,0.9536328904881224,0.008157109557109585,0.12557478964478527,2.569857950562677,Single
870000.0,-0.0513,0.0104,-0.00466,-0.2,0.206,0.155,0.024,-0.0441,0.0632,0.0173,0.000301,-0.217,0.218,0.176,0.031,0.162,0.0165,0.175,0.24,0.0,0.01735098,1.5467890547073,1.5507840837773565,1.5530358371132549,-0.006246782405954887,-0.0025296326296884177,0.011214501540113948,0.00016069062261972786,0.8913438668539083,0.00445098,0.012220771987607468,9.288983331294368e-05,0.007600979169494289,time,0.0104,0.0165,0.24,0.0525506003771603,0.6303030302648301,0.21896083490392224,0.9533239038162565,0.006749743589743612,0.015615850815850865,0.3998659629730398,0.2173770089813113,0.955860116664023,0.006749743589743612,0.11967772477890337,2.1587524609965394,Single
880000.0,-0.0514,0.00897,-0.00481,-0.208,0.202,0.155,0.0242,-0.0518,0.0632,0.0166,0.000276,-0.213,0.217,0.176,0.0309,0.163,0.0153,0.175,0.24,0.0,0.01755098,1.59610776410601,1.58903813177471,1.5862819299472923,0.009825834158717628,0.005282777029422193,0.00870706912951605,0.00016271923538667022,0.9025964932894575,0.00445098,0.012534798347246237,9.361835371211657e-05,0.00746867648913423,time,0.00897,0.0153,0.24,0.052398062941295835,0.586274509765603,0.21832526225448962,0.956694027735758,0.00463286713286715,0.014082284382284427,0.35060482128743575,0.21494452506921607,0.9599845702502823,0.00463286713286715,0.10792468335126418,1.8928068174748205,Single
890000.0,-0.0514,0.00116,-0.00448,-0.206,0.204,0.155,0.0242,-0.0467,0.0539,0.0171,0.000294,-0.21,0.214,0.176,0.0311,0.163,0.014,0.176,0.241,0.0,0.01775098,1.61885127025471,1.6246691877072625,1.6217496757485057,-0.0028984054937957193,-0.000488744180077721,0.008585455390363036,0.0001644714376908902,0.9123158829581987,0.00445098,0.01285618616747292,9.42220104803507e-05,0.007328923932257546,time,0.00116,0.014,0.241,0.05160790637102033,0.08285714285122449,0.2141406903352954,0.9603399433400557,0.004244428904428919,0.013701631701631745,0.32751947114905455,0.21504105276138918,0.9610631739479727,0.004244428904428919,0.10500741375841803,1.7681761636085467,Single
900000.0,-0.0517,0.00712,-0.00476,-0.207,0.196,0.156,0.0242,-0.0458,0.0554,0.0158,0.000249,-0.223,0.214,0.176,0.0311,0.163,0.0139,0.176,0.241,0.0,0.01795098,1.66363660103568,1.6595447052489747,1.6596008507812472,0.004035750254432813,0.0024085851176612627,0.008824010833901752,0.0001662131125251241,0.9219768772106262,0.00445098,0.013184526810003884,9.438619140619747e-05,0.00715886074383656,time,0.00712,0.0139,0.241,0.05240459903481755,0.512230215790487,0.21744646902323694,0.9606120714056089,0.004960163170163186,0.01382937062937067,0.3417207944252124,0.21617400785746116,0.9607818077064081,0.004960163170163186,0.10598638726538659,1.844844708597659,Single
910000.0,-0.0516,0.00246,-0.0047,-0.212,0.203,0.156,0.0243,-0.056,0.0521,0.0153,0.000233,-0.217,0.221,0.177,0.0312,0.163,0.0122,0.176,0.241,0.0,0.01815098,1.69759128355236,1.7007387424916058,1.6955981678775236,0.0019931156748365098,0.004333889420346744,0.007474938531245877,0.00016782855448569493,0.9309376632250085,0.00445098,0.013520566864525607,9.507338187730112e-05,0.007031760046004324,time,0.00246,0.0122,0.241,0.0518719731647062,0.20163934424576724,0.2152364031721617,0.9652619589949737,0.004487039627039641,0.013334965034965077,0.3247265222177496,0.21622340644735208,0.9621591394914393,0.004487039627039641,0.1021973310458969,1.7530978975464293,Single
920000.0,-0.0515,0.00496,-0.00461,-0.21,0.204,0.156,0.0243,-0.0462,0.0618,0.0165,0.000273,-0.213,0.22,0.177,0.0313,0.163,0.0139,0.176,0.241,0.0,0.01835098,1.74225674644844,1.74055922723116,1.732769700559066,0.00948704588937388,0.007636679146101643,0.006554463121714153,0.0001692293037978779,0.9387075584936877,0.00445098,0.013864708958745265,9.621756070976034e-05,0.006939746156667098,time,0.00496,0.0139,0.241,0.05194327386678664,0.35683453234842916,0.21553225670776394,0.9606120714056089,0.002995314685314696,0.012617249417249454,0.2397907308254461,0.21542795819970043,0.9641546973803395,0.002995314685314696,0.09669685763721758,1.294555871784696,Single
930000.0,-0.0515,0.00164,-0.00494,-0.205,0.209,0.156,0.0243,-0.0602,0.0488,0.0149,0.000223,-0.216,0.215,0.177,0.0313,0.163,0.0119,0.176,0.241,0.0,0.01855098,1.7815212915237,1.7806464715861572,1.7711154488257725,0.010405842697927437,0.010296895029269736,0.006263032126341901,0.0001705129120433647,0.9458276773805586,0.00445098,0.01421682217019026,9.813614466485412e-05,0.006902818610942841,time,0.00164,0.0119,0.241,0.051762372434037446,0.13781512603883905,0.21478162835611064,0.9660872043289652,0.003486349650349661,0.012478787878787916,0.2754271217102341,0.21557944688824193,0.9645385412146794,0.003408475524475535,0.09563570752199982,1.4869457064972784,Single
940000.0,-0.052,0.00289,-0.00462,-0.205,0.199,0.156,0.0244,-0.0416,0.0459,0.0146,0.000214,-0.214,0.212,0.177,0.0313,0.164,0.0121,0.176,0.242,0.0,0.01875098,1.81708480150009,1.8188292551364527,1.8106354126776432,0.006449388822446833,0.0078579915233977,0.006140500264710056,0.00017173441825587378,0.9526033190022883,0.00445098,0.01457682581880664,9.988902634781796e-05,0.006852591064026007,time,0.00289,0.0121,0.242,0.05228476355497842,0.2388429751868725,0.21605274196182797,0.9656347628487202,0.0037852773892774003,0.012378787878787916,0.30271602262689556,0.21614516988383375,0.9648267206406673,0.0038047459207459318,0.09486932132767589,1.6342700288120178,Single
950000.0,-0.0523,0.0048,-0.00455,-0.207,0.2,0.157,0.0246,-0.0486,0.046,0.0142,0.000201,-0.212,0.223,0.177,0.0313,0.164,0.0121,0.176,0.242,0.0,0.01895098,1.86009046939179,1.8575726567352056,1.8513295921146777,0.008760877277112167,0.006251798328447421,0.00713748912542289,0.0001730550890775283,0.9599290223807638,0.00445098,0.01494440988033776,0.00010130733852970157,0.006778945394357179,time,0.0048,0.0121,0.242,0.052716529665750946,0.39669421484324835,0.2178368994443517,0.9656347628487202,0.002993785547785557,0.012195337995338033,0.2531382103238262,0.21604085138013362,0.9653506052391333,0.003088965034965044,0.09346338674741263,1.3666147787268998,Single
960000.0,-0.0516,0.00285,-0.00505,-0.212,0.202,0.157,0.0246,-0.048,0.05,0.0153,0.000233,-0.22,0.214,0.177,0.0314,0.164,0.0124,0.176,0.242,0.0,0.01915098,1.89711373964771,1.8987799895100754,1.8931979871368765,0.003915752510833537,0.004969561328263472,0.007309353431149836,0.00017450321750007804,0.9679617275057614,0.00445098,0.015320022217448935,0.0001024619539354032,0.006688107398349778,time,0.00285,0.0124,0.242,0.05192480139586477,0.22983870965888398,0.21456529502334795,0.9648127128235958,0.0026796251748251797,0.011984895104895109,0.23416133556533258,0.21596785445252945,0.9659563934676804,0.00279903216783217,0.0918505814881218,1.264164510686248,Single
970000.0,-0.0521,0.00516,-0.00451,-0.206,0.207,0.156,0.0245,-0.0411,0.0469,0.0145,0.00021,-0.212,0.22,0.177,0.0314,0.164,0.0124,0.176,0.242,0.0,0.01935098,1.93932222993284,1.9386501089325223,1.9362405977442392,0.0030816321886009135,0.0035628022706969795,0.007671423786645889,0.0001760017501879213,0.9762740228893577,0.00445098,0.01570379012263429,0.00010331837697490998,0.006579200063683636,time,0.00516,0.0124,0.242,0.05254879351612175,0.4161290322245057,0.21714377485910996,0.9648127128235958,0.002409180419580424,0.011784475524475528,0.21693365337276857,0.21587203454922374,0.9665394872284103,0.0025506517482517506,0.09031459349306417,1.17115759143273,Single
980000.0,-0.0524,-0.000464,-0.00493,-0.206,0.198,0.157,0.0245,-0.0498,0.0453,0.0143,0.000204,-0.215,0.227,0.178,0.0317,0.164,0.0114,0.177,0.243,0.0,0.01955098,1.97735786149235,1.978881819531012,1.980457423936766,-0.003099562444416115,-0.0019347202740540165,0.007250449715168738,0.00017750218902184032,0.9845968915820015,0.00445098,0.016095595421658823,0.00010368202052097559,0.006441639330810792,time,-0.000464,0.0114,0.243,0.05263345130237994,0.04070175438239458,0.21659856502947877,0.967650397273077,0.0021824512820512857,0.011594079254079256,0.2014551637461336,0.21575339167021584,0.9670998865213204,0.002343823776223779,0.08885542276223946,1.087594020966342,Single
990000.0,-0.052,0.00185,-0.00479,-0.211,0.206,0.157,0.0248,-0.0453,0.0497,0.0139,0.000192,-0.218,0.218,0.177,0.0314,0.165,0.0112,0.176,0.243,0.0,0.01975098,2.020148985329,2.018886538414418,2.025848465714457,-0.00569948038545709,-0.007491771386844081,0.006853507048998735,0.0001789044489365162,0.9923751660967458,0.00445098,0.016495372991643498,0.00010462909733081129,0.006342936130260046,time,0.00185,0.0112,0.243,0.05225290996681429,0.16517857141382333,0.2150325513028776,0.9681998864254169,0.001999437762237765,0.011413706293706295,0.1877258666854277,0.21561192581550584,0.9676375913464107,0.0021785482517482544,0.08747306929564769,1.0134737992870846,Single
1000000.0,-0.052,0.00207,-0.00452,-0.207,0.207,0.157,0.0247,-0.0464,0.0379,0.0138,0.000189,-0.212,0.215,0.178,0.0318,0.164,0.0112,0.178,0.243,0.0,0.01995098,2.05957702154823,2.058832522087809,2.072413723077312,-0.012836701529082006,-0.012938325725091068,0.006866222433097801,0.0001802790467240239,1.0,0.00445098,0.016903145631883842,0.00010667247277366521,0.006310805994148952,time,0.00207,0.0112,0.243,0.052237106543146124,0.18482142855492664,0.21496751663757677,0.9682899207220604,0.001860139860139862,0.011243356643356643,0.17574576219065086,0.21544763698509367,0.968152601703681,0.0020548251748251775,0.08616753309328887,0.9487969263949577,Single
