TimeStep,simtime,s1,s2,s3,p1,p2,p3,p1_abs,p2_abs,p3_abs,p1_vir,p2_vir,p3_vir,Px,Py,Pz,Px_mean,Py_mean,Pz_mean,Px_min,Px_max,Px_std,Px_var,Py_min,Py_max,Py_std,Py_var,Pz_min,Pz_max,Pz_std,Pz_var,absPx_mean,absPy_mean,absPz_mean,absP_mean,qdiff_absmax,strain_y,stress_y,M2y,M2y_sqrt,m_y,progress_M2y,stress_smooth,delta_sigma_serr,S_rms,H_M2_sections,E_t,stress_pred_M2,resid_M2
0,0.0,0.0,0.0,0.0,-2.1243238279566899e-13,5.35294475412229e-14,3.38047811965225e-14,-0.0235906282242816,0.0163475216882423,-0.01885509083199,-0.0181488595407525,0.0218076978659577,-0.0132928904854196,-17.3378798720627,-10.6468573834784,-13.6500331625396,-0.04123083,0.02654991,-0.003873155,-0.1716631,0.164926,0.1205627,0.01453537,-0.1858276,0.1906476,0.1446501,0.02092366,-0.1774589,0.1870711,0.1395927,0.01948612,0.1260213,0.1457513,0.1385387,0.2391104,0.0,0.0,5.35294475412229e-14,0.0216285577210081,0.14706650781536937,1.0,0.0,0.0067694101915496165,-0.006769410191496087,0.007909174975454607,0.04828178402055207,27.996402268024436,0.0,5.35294475412229e-14
10000,0.3775,0.0002120734664029,-0.0001509800000002,0.000157348264315,0.0236422549511595,0.0169976596517706,0.018412142607687,5.16267270903094e-05,0.0333451813399594,-0.0004429482243367,0.0055669508513964,0.038858436272706,0.0050063978439946,-17.3522376391608,-10.6547945633852,-13.6501772605866,-0.04070925,0.02640102,-0.003961513,-0.1859651,0.1699158,0.1212993,0.01471352,-0.1865192,0.1880378,0.1437795,0.02067254,-0.1830867,0.1781179,0.1412551,0.01995299,0.1265663,0.1448775,0.1402129,0.2398165,0.0,0.0001509800000002,0.0169976596517706,0.0213695538570404,0.1461832885696597,0.9880249128347506,0.01197508716524942,0.009884199222145031,0.00711346042962557,0.007993520653358304,0.03456780735789122,28.966630176306627,-0.0040438523514572874,0.02104151200322789
20000,0.8775,0.0002463256709415,-0.0003509800000002,0.0003306414549372,0.0220801499271523,0.010187427922397,0.0187674460323235,-0.0015104782969169,0.0265349496105858,-8.76447997003405e-05,0.0040084194877124,0.0320193707726909,0.0053691652914785,-17.3479884795758,-10.6529925055097,-13.6566085839681,-0.04148672,0.02662407,-0.004365126,-0.1773236,0.1699538,0.1217312,0.01481849,-0.1889804,0.1843955,0.1432617,0.02052391,-0.1809785,0.190055,0.1416853,0.02007474,0.1270599,0.144356,0.1406006,0.2401456,0.0,0.0003509800000002,0.010187427922397,0.0212327511033649,0.14571462213300662,0.9816998145346165,0.01830018546538348,0.014210536924448399,-0.004023109002051399,0.007741447797272411,0.04687775827536545,32.71530882263248,0.02176730067067107,-0.011579872748274071
30000,1.3775,0.0002969963650285,-0.0005509800000002,0.0003801282721317,0.0225429747835709,-0.0036255336209304,0.0196242157164363,-0.0010476534404983,0.0127219880672584,0.0007691248844125,0.0044302803096103,0.0182125613857757,0.0062558494680944,-17.3649460338786,-10.6640056741376,-13.6436770014039,-0.04083693,0.02656803,-0.004189117,-0.1867249,0.1724001,0.1214846,0.01475852,-0.1862555,0.182093,0.141476,0.02001545,-0.1810004,0.188924,0.1427201,0.02036902,0.1267727,0.1426525,0.1416736,0.2394663,0.0,0.0005509800000002,0.0036255336209304,0.0207213102180809,0.14394898477613832,0.9580532592773868,0.041946740722613174,0.018977694081094027,-0.015352160460163626,0.007646088908070594,0.029840322152001036,34.46927023405738,-0.009023756469280109,0.01264929009021051
40000,1.8775,0.0004023140503012,-0.0007509800000002,0.0004722671248459,0.0229604549034177,-0.0170288722827216,0.0199255379096918,-0.0006301733206515,-0.0006813505945328,0.001070447077668,0.0048334221227698,0.0048158944329911,0.0065928479197756,-17.3696895237503,-10.6737540340372,-13.6539298606282,-0.04157863,0.02595477,-0.003843557,-0.1783417,0.1660488,0.1220715,0.01490145,-0.1820749,0.1834034,0.1409166,0.01985749,-0.2005504,0.1816022,0.1417038,0.02007997,0.1275721,0.1419709,0.1407051,0.2388829,0.0,0.0007509800000002,0.0170288722827216,0.020531140085752898,0.1432869152635819,0.9492607112591115,0.05073928874088851,0.025457134968453924,-0.008428262685732324,0.007412271019911076,0.05267895777486013,37.466407371393295,0.008724385002691987,0.008304487280029613
50000,2.3775,0.0005627339766943,-0.0009509800000002,0.0005213081399063,0.0236593322627037,-0.026624018628905,0.018877989307087,6.87040386344612e-05,-0.0102764969407162,2.28984750632181e-05,0.0055304760916668,-0.0047733771914226,0.0055569134450201,-17.3841553846694,-10.7753100454196,-13.6614711886987,-0.04179379,0.02433155,-0.00362894,-0.1837024,0.172044,0.1237199,0.01530661,-0.1770191,0.18081,0.1400018,0.01960051,-0.181011,0.1845884,0.1420822,0.02018734,0.1291701,0.140845,0.1410407,0.2392952,0.0,0.0009509800000002,0.026624018628905,0.0201925343254025,0.1421004374567598,0.9336052170408584,0.06639478295914159,0.032920436868745,-0.006296418239839997,0.00715656074701086,0.04523924042256631,38.404190114401054,0.004046126426193841,0.02257789220271116
60000,2.8775,0.0006051226672626,-0.0011509800000002,0.0006464411727305,0.0235155884550559,-0.0342626793366031,0.0199796233197192,-7.5039769013326e-05,-0.0179151576484143,0.0011245324876954,0.0053590580249949,-0.0124196019714677,0.006692115618865,-17.3934680351992,-10.7598296562083,-13.6461362638027,-0.04206141,0.02542261,-0.003836392,-0.1868553,0.1733765,0.1240716,0.01539375,-0.1836985,0.1818745,0.1396588,0.01950459,-0.1832041,0.1840958,0.1424505,0.02029215,0.1296022,0.1406312,0.1413889,0.239638,0.0,0.0011509800000002,0.0342626793366031,0.0201508990992121,0.1419538625723587,0.9316802053628971,0.06831979463710292,0.0420459610620145,-0.007783281725411401,0.0074694133459176325,0.046947137882490664,43.136666515307134,0.04423566738280549,-0.009972988046202391
70000,3.3775,0.0007943544848226,-0.0013509800000002,0.000585544842965,0.0243281293104488,-0.0475897147253906,0.0179007562162555,0.0007375010863795,-0.0312421930372018,-0.0009543346157682,0.006200826166866,-0.0257613366399479,0.0045805274636958,-17.4233718244985,-10.7703025726648,-13.6592483832801,-0.04241286,0.02445184,-0.003793876,-0.183182,0.1678551,0.1249444,0.0156111,-0.1808084,0.181856,0.138697,0.01923685,-0.1797431,0.1816321,0.1422987,0.02024893,0.1306239,0.1394834,0.1412965,0.2394166,0.0,0.0013509800000002,0.0475897147253906,0.0198347424793856,0.14083587071263343,0.9170626509283999,0.08293734907160011,0.04907125835459633,-0.001481543629205731,0.007438556727186617,0.06283792485834891,50.234370681350384,0.04294913768461439,0.004640577040776209
80000,3.8775,0.0008544722631713,-0.0015509800000002,0.0007158498048192,0.0245772709467607,-0.0524387287231554,0.0181194182536522,0.0009866427226915,-0.0360912070349666,-0.0007356725783716,0.0064447428977639,-0.0305733647719452,0.0047509192211483,-17.4305125434461,-10.7185361016798,-13.6748187109032,-0.04201174,0.02606979,-0.004506043,-0.1796224,0.1640292,0.1239134,0.01535453,-0.1742129,0.1831112,0.138182,0.01909426,-0.1840868,0.1970145,0.143126,0.02048506,0.1295192,0.1393018,0.1421446,0.2391944,0.0,0.0015509800000002,0.0524387287231554,0.0197738939506441,0.14061967839048736,0.9142493089790014,0.08575069102099864,0.05788704881793879,-0.005448320094783389,0.007430556861922057,0.02732301653616185,50.217401940467425,0.0802358364125515,-0.027797107689396097
90000,4.3775,0.000953125654323,-0.0017509800000002,0.0007968823294689,0.025172624116589,-0.0712738497610124,0.0180453394497852,0.0015819958925198,-0.0549263280728235,-0.0008097513822385,0.0070509460047963,-0.0494220834580086,0.0047108529398179,-17.4558530745826,-10.6987205599772,-13.6507073189216,-0.04262399,0.02602932,-0.004559084,-0.1858154,0.1689349,0.1244666,0.01549194,-0.1771246,0.1799951,0.1366948,0.01868547,-0.1863863,0.1824949,0.1441797,0.02078777,0.1302248,0.1377683,0.1431517,0.2393451,0.0,0.0017509800000002,0.0712738497610124,0.0193629954996624,0.13915098095113235,0.8952513500636646,0.10474864993633537,0.06861023168625793,0.002663618074754473,0.005816453805022033,0.05460844919525158,51.413549244438435,0.06463523511902458,0.006638614641987825
100000,4.8775,0.0009735200819294,-0.0019509800000002,0.0009365802764471,0.0238729658704517,-0.0820963209032553,0.0179514778387822,0.0002823376463825,-0.0657487992150664,-0.0009036129932416,0.0057606938156072,-0.0602272857323327,0.0045878677988568,-17.4515398055639,-10.7784156854596,-13.6774779939359,-0.04231221,0.02536551,-0.004024364,-0.1839461,0.1798615,0.1252135,0.01567842,-0.1754872,0.184253,0.1361586,0.01853917,-0.1987059,0.1895112,0.1444588,0.02086833,0.1307657,0.1371309,0.1434188,0.2394655,0.0,0.0019509800000002,0.0820963209032553,0.0191825790975601,0.13850118807273856,0.8869097674010787,0.11309023259892126,0.07989506786823079,0.0022012530350245113,0.005848584857633229,0.048101989893851026,56.07108819204333,0.0838570191316777,-0.001760698228422397
110000,5.3775,0.0010899672157629,-0.0021509800000002,0.0009596118248767,0.0228884432287838,-0.100380766126018,0.0182756831988467,-0.0007021849952854,-0.084033244437829,-0.0005794076331771,0.0047742041419344,-0.0785498766313383,0.0049375821681172,-17.4832724162707,-10.7263655422577,-13.6749312346348,-0.04263364,0.02566898,-0.004476466,-0.1758843,0.1683753,0.1250833,0.01564584,-0.181908,0.186465,0.13573,0.01842264,-0.1834277,0.1896124,0.1435801,0.02061524,0.1307539,0.136725,0.1425745,0.2387265,0.0,0.0021509800000002,0.100380766126018,0.0190815365342404,0.1381359349852181,0.8822380475100406,0.11776195248995935,0.09057472572163433,0.009806040404383667,0.005551479409223432,0.04547280780645567,56.502758677437036,0.11507100128191577,-0.014690235155897777
120000,5.8775,0.0012566721955156,-0.0023509800000002,0.0010067766946851,0.0239382274442146,-0.0942759298701708,0.0183967492719611,0.0003475992201453,-0.0779284081819821,-0.0004583415600627,0.0058613216785758,-0.072415483643327,0.0050335995170352,-17.5085368898862,-10.7804159051424,-13.6725183608857,-0.04267335,0.02525044,-0.003239204,-0.174472,0.1752639,0.1246035,0.01552604,-0.1815743,0.1759622,0.1344517,0.01807727,-0.1890056,0.193454,0.1452518,0.0210981,0.1304186,0.1354078,0.1441901,0.2387118,0.0,0.0023509800000002,0.0942759298701708,0.0187148547201936,0.1368022467658832,0.8652844522321346,0.13471554776786543,0.10102435296369851,-0.006748423093527703,0.0050780025963271126,0.03827024632423207,53.688997379751925,0.10615087152956376,-0.011874941659392957
130000,6.3775,0.0012198752107853,-0.0025509800000002,0.0012169645059194,0.0234725001784511,-0.107161123019164,0.0204120787977861,-0.000118128045618,-0.0908136013309753,0.0015569879657622,0.0053731111817664,-0.0853243594079691,0.0070762949569452,-17.4869985902302,-10.7939448725491,-13.6822905302922,-0.04270414,0.02512906,-0.004595397,-0.1848022,0.1719471,0.1261909,0.01592415,-0.1792283,0.1740257,0.1337727,0.01789513,-0.1896365,0.1876301,0.144537,0.02089094,0.1318553,0.134802,0.1435616,0.2387573,0.0,0.0025509800000002,0.107161123019164,0.018526599656483598,0.13611245224623497,0.8565804477331593,0.14341955226684067,0.11101818745781518,-0.003857064438651178,0.005246864702185803,0.04589153978552933,50.83830407661528,0.12418835118482652,-0.017027228165662517
140000,6.8775,0.0013353037036743,-0.0027509800000002,0.0012815647664858,0.0235208138770829,-0.121580545172441,0.0199194593259622,-6.98143469863304e-05,-0.105233023484252,0.0010643684939384,0.0053785259799304,-0.0997146823494428,0.0066277987685712,-17.514084906623,-10.8306583381589,-13.6545799390212,-0.04257335,0.02443693,-0.003949275,-0.1830216,0.175774,0.1271474,0.01616646,-0.1740607,0.1744285,0.1320103,0.01742672,-0.1877733,0.1919814,0.1459423,0.02129916,0.1327163,0.1328403,0.1448911,0.2389964,0.0,0.0027509800000002,0.121580545172441,0.0180238835478249,0.13425305787141276,0.8333372839890322,0.16666271601096783,0.12227795915229286,-0.0006974139798518603,0.00513527958431928,0.05531351148629248,50.12442801633787,0.09471547710873574,0.02686506806370527
150000,7.3775,0.0015550540633246,-0.0029509800000002,0.0011897466070387,0.0241769174942574,-0.141162070284423,0.0187175323857214,0.0005862892701882,-0.124814548596234,-0.0001375584463024,0.0060439480974047,-0.11932408478981,0.0053980634833149,-17.5436747560318,-10.8061092359117,-13.6713168857242,-0.04278472,0.02426299,-0.004200973,-0.1786797,0.1721883,0.1265045,0.01600339,-0.1744655,0.176925,0.1316588,0.01733405,-0.1873891,0.1909904,0.1450039,0.02102612,0.1322257,0.132486,0.1440589,0.2379424,0.0,0.0029509800000002,0.141162070284423,0.0179227426837401,0.13387584802248725,0.8286610191456043,0.1713389808543957,0.13249266882985283,0.00866940145457018,0.005083324109958129,0.038437660176132635,49.29299626314132,0.12591460748576666,0.015247462798656353
160000,7.8775,0.0014599068397453,-0.0031509800000002,0.0014972244220181,0.0221095123760896,-0.144100255016344,0.0194391427913178,-0.0014811158479795,-0.127752733328155,0.0005840519592939,0.0040091191096627,-0.12225906114058,0.0060973151913367,-17.5209337624999,-10.8529606283035,-13.6786107341244,-0.04301598,0.02374061,-0.004175018,-0.181274,0.1739919,0.1273865,0.01622731,-0.1670119,0.1781763,0.1310871,0.01718384,-0.1891793,0.1837329,0.1454729,0.02116237,0.1331562,0.1318153,0.1444482,0.2383574,0.0,0.0031509800000002,0.144100255016344,0.017747456563172097,0.13321958025445094,0.8205566359116846,0.1794433640883154,0.14255505296287807,0.0015452020534659217,0.005050386865896659,0.044692676356791354,50.48930738458774,0.14591150019423826,-0.0018112451778942718
170000,8.3775,0.0016844738635202,-0.0033509800000002,0.0014446967594028,0.0236320671883497,-0.149208578999309,0.019139097240752,4.14389642804628e-05,-0.13286105731112,0.0002840064087282,0.0055384374300137,-0.127398904339381,0.0058458502792632,-17.5539503806662,-10.9079549979579,-13.6739448431687,-0.04356868,0.02284459,-0.003842139,-0.1833087,0.1786093,0.128377,0.01648065,-0.1749885,0.1706928,0.1301477,0.01693842,-0.1929235,0.1877305,0.1460327,0.02132554,0.1341954,0.1307466,0.145023,0.2387226,0.0,0.0033509800000002,0.149208578999309,0.0174602952922681,0.13213741064614554,0.8072796863060678,0.19272031369393217,0.15149298888528126,-0.002284409885972255,0.004173532297192835,0.03882946768400885,52.78987631934757,0.14900573341088397,0.00020284558842503797
180000,8.8775,0.0017878902472921,-0.0035509800000002,0.001490645020185,0.02285995579055,-0.157521894160674,0.0180282379014132,-0.0007306724335192,-0.141174372472485,-0.0008268529306106,0.0047390901022189,-0.13566559610076,0.0047135683420246,-17.567576206273,-10.8624429039631,-13.6879366956952,-0.04324424,0.02434829,-0.004040567,-0.1870726,0.1776997,0.1283696,0.01647877,-0.1779903,0.174381,0.1293413,0.01672916,-0.1930316,0.1913614,0.147381,0.02172117,0.1341404,0.1302235,0.1464154,0.2392212,0.0,0.0035509800000002,0.157521894160674,0.0173219992259241,0.13161306631913147,0.8008855444438173,0.19911445555618268,0.16214501417938026,-0.004623120018706267,0.0036460300577035288,0.04772749426634271,50.390166996141254,0.17459126925641255,-0.017069375095738554
190000,9.3775,0.0017775517139418,-0.0037509800000002,0.0016476213115622,0.0224988159253552,-0.17629621736241,0.0180696900833907,-0.0010918122987139,-0.159948695674221,-0.000785400748633,0.0044000249144193,-0.15440260049173,0.0046985229342192,-17.5907587605487,-10.8517053054228,-13.6889562557335,-0.04350308,0.02455189,-0.00382589,-0.1802323,0.1808334,0.1277761,0.01632672,-0.1626402,0.1713584,0.1281858,0.0164316,-0.18607,0.188672,0.1477761,0.02183778,0.1336525,0.1291208,0.1468552,0.238586,0.0,0.0037509800000002,0.17629621736241,0.0170343953025721,0.1305158814189756,0.787588128727898,0.21241187127210204,0.17218030056027048,0.004115916802139519,0.003836017117692392,0.041579434785395136,46.18190718259777,0.17761862431844255,-0.0013224069560325569
200000,9.8775,0.0019073764565291,-0.0039509800000002,0.0017135966241611,0.0235750832696895,-0.183635656214172,0.0187639168731551,-1.55449543796669e-05,-0.167288134525983,-9.11739588686883e-05,0.0055621895427099,-0.161806513397923,0.0053548016747602,-17.5845125190109,-10.8641171078681,-13.6834015350327,-0.04351365,0.02391581,-0.003631428,-0.1820218,0.1703609,0.1283239,0.01646702,-0.1733517,0.1723749,0.1280429,0.01639497,-0.186521,0.1923349,0.1471388,0.02164982,0.1342708,0.1287996,0.1461716,0.2383495,0.0,0.0039509800000002,0.183635656214172,0.0169669359679561,0.13025719161703164,0.7844691350582241,0.21553086494177587,0.18251546657689358,0.0011201896372784181,0.003844389618154735,0.021475277943520193,46.54286646207877,0.21390652929881704,-0.030270873084645045
210000,10.3775,0.0019891472598791,-0.0041509800000002,0.0018358100622351,0.0234561379606129,-0.192782546366533,0.0194482837369782,-0.0001344902634563,-0.176435024678344,0.0005931929049543,0.0053686209216635,-0.17093866009386,0.0061195725180677,-17.597935194263,-10.8624085631899,-13.6836766599346,-0.04368487,0.02373151,-0.003474143,-0.1859037,0.1806637,0.1293156,0.01672252,-0.1750289,0.1709177,0.1268885,0.0161007,-0.1871877,0.1927592,0.1472054,0.02166942,0.1351284,0.1276483,0.1462554,0.2382985,0.0,0.0041509800000002,0.192782546366533,0.0166638845668801,0.1290886693977442,0.7704575026144369,0.2295424973855631,0.1916990458838643,0.0010835004826686978,0.002926406367870184,0.07315770287909899,51.149994444650865,0.2146000018570724,-0.0218174554905394
220000,10.8775,0.002051854770604,-0.0043509800000002,0.0019019217433301,0.0220755272996117,-0.198698061272453,0.0194824555841515,-0.0015151009244574,-0.182350539584264,0.0006273647521276,0.0039602637000123,-0.176796921633384,0.0061375130808431,-17.6146816509023,-10.8628278546951,-13.6880703059267,-0.04385423,0.02404836,-0.003633468,-0.179445,0.170461,0.1289773,0.01663515,-0.1670053,0.1704336,0.1255821,0.01577085,-0.1975186,0.1912299,0.1489885,0.02219759,0.1349038,0.1264501,0.1480441,0.2385971,0.0,0.0043509800000002,0.198698061272453,0.0163491736186896,0.1278638870779768,0.7559067890509147,0.24409321094908532,0.20137948555029445,-0.002681424277841432,0.0032169723886153185,0.03850181862816415,51.67668356894287,0.21353189148906326,-0.01483383021661025
230000,11.3775,0.0021445630268622,-0.0045509800000002,0.0019843210165264,0.0227767780327173,-0.21144820810526,0.020490326485229,-0.0008138501913519,-0.195100686417071,0.0016352356532051,0.0046955509450261,-0.189576084117896,0.0071455851128853,-17.6086557822141,-10.8811971514019,-13.6995697354371,-0.04307048,0.02361009,-0.004445453,-0.1852392,0.1803243,0.1297754,0.01684166,-0.1630078,0.1664263,0.1247656,0.01556645,-0.1895849,0.1877293,0.1482285,0.0219717,0.1355207,0.1255798,0.1473152,0.2379777,0.0,0.0045509800000002,0.21144820810526,0.0161238863498081,0.1269798659229411,0.7454905943241309,0.2545094056758691,0.21185809962125274,-0.0004098915159927441,0.003205796875689554,0.05184185193356438,50.3445315566227,0.2259743596304602,-0.014526151525200204
240000,11.8775,0.002197874138048,-0.0047509800000002,0.0021469036231173,0.0220156419171257,-0.217549273208956,0.0200033326409071,-0.0015749863069435,-0.201201751520767,0.0011482418088833,0.0039614797260527,-0.19574577350231,0.0067002686042757,-17.6343403529721,-10.9911870396626,-13.6957134972049,-0.04444284,0.02267419,-0.004458158,-0.1815874,0.1756161,0.1308529,0.01712248,-0.162276,0.1620224,0.1234411,0.0152377,-0.1846148,0.1927478,0.1487957,0.02214015,0.1368609,0.1240476,0.1478332,0.2383587,0.0,0.0047509800000002,0.217549273208956,0.0157518188921561,0.125506250410711,0.7282879929093077,0.2717120070906923,0.22307316311417438,-0.0055238899052183765,0.002972052206913665,0.05118834483968739,51.50807021835559,0.21624053979832192,0.0013087334106340887
250000,12.3775,0.0023347776777262,-0.0049509800000002,0.0021564550782488,0.0231271453270279,-0.235267371355295,0.0194418926489129,-0.0004634828970413,-0.218919849667106,0.0005868018168891,0.0050224112591266,-0.213410289950715,0.0061321571519048,-17.6437418238493,-10.9684095530333,-13.6977064823145,-0.04408862,0.02267812,-0.004173356,-0.186336,0.1803979,0.1314551,0.01728045,-0.1610271,0.1667381,0.123591,0.01527473,-0.1883387,0.1897531,0.148992,0.02219862,0.1374021,0.1242251,0.1480315,0.2388334,0.0,0.0049509800000002,0.235267371355295,0.0157890271267344,0.12565439557267546,0.7300083218863139,0.2699916781136861,0.2341747906682479,0.0010925806870470955,0.003527333296094633,0.06867294168624279,56.35653068314625,0.26834214671889567,-0.03307477536360068
260000,12.8775,0.0024409119792093,-0.0051509800000002,0.0022261841043955,0.0234892476423624,-0.242181442661101,0.0194196629207068,-0.0001013805817067,-0.225833920972912,0.000564572088683,0.0053890851790135,-0.220384608021552,0.0061402631338416,-17.6601654990215,-10.983450527852,-13.6929375864787,-0.04346503,0.02246434,-0.004470384,-0.1879372,0.1783488,0.131059,0.01717646,-0.1664066,0.1656128,0.1226952,0.01505411,-0.1862605,0.1860059,0.1490104,0.02220409,0.1367762,0.1232708,0.1480962,0.2380408,0.0,0.0051509800000002,0.242181442661101,0.0155587565716356,0.12473474484535413,0.7193617240840418,0.28063827591595825,0.24478687376009237,-0.002605431098991362,0.003556651496823374,0.056648361694492104,57.58391195630393,0.2800317149551007,-0.037850272293999704
270000,13.3775,0.0024904413275935,-0.0053509800000002,0.002349857460216,0.0238918810827698,-0.250585091347076,0.0188068111263006,0.0003012528587005,-0.234237569658887,-4.82797057231668e-05,0.0057880199984374,-0.228741123782356,0.0055121879714637,-17.6709623868455,-10.928767123939,-13.7040192331084,-0.04461782,0.02215796,-0.003825417,-0.1796983,0.1781586,0.1307561,0.01709717,-0.1599457,0.1636352,0.121663,0.01480188,-0.1882573,0.1938343,0.1498083,0.02244251,0.1369266,0.1222594,0.1488922,0.2380193,0.0,0.0053509800000002,0.250585091347076,0.0152928551913616,0.12366428421885439,0.7070677290935331,0.2929322709064669,0.25527798786173084,-0.004692896514654821,0.003917784381284076,0.05454038075430818,55.113083980917835,0.2863379992042866,-0.03575290785721058
280000,13.8775,0.0026377344521576,-0.0055509800000002,0.0023859089342067,0.0229060686012024,-0.26447333377985,0.0172321137037089,-0.0006845596228668,-0.248125812091661,-0.0016229771283148,0.0048559253473996,-0.242644650853328,0.0038929732403291,-17.6761492594188,-11.0708253233245,-13.72237249196,-0.04346886,0.0212244,-0.00386887,-0.1876748,0.1769847,0.1315399,0.01730274,-0.1656167,0.1661417,0.1205827,0.01454018,-0.192143,0.1878301,0.1503428,0.02260295,0.1373268,0.1209629,0.1494245,0.2379335,0.0,0.0055509800000002,0.26447333377985,0.01499065515536,0.12243633102702808,0.6930954596569969,0.3069045403430031,0.26657784640201954,-0.002104512622169541,0.003955261825330647,0.028870569414904027,56.1621737183247,0.287160100273097,-0.022686766493247024
290000,14.3775,0.0027130870309932,-0.0057509800000002,0.0024791520626933,0.0229177732463443,-0.280887592582812,0.0185265142027992,-0.0006728549777248,-0.264540070894623,-0.0003285766292245,0.0048432797060665,-0.259024434113109,0.005217061440179,-17.7132733145504,-10.9877154407079,-13.7070247185015,-0.0443866,0.02193454,-0.003440005,-0.1833342,0.1770393,0.1324622,0.01754622,-0.1564693,0.1642837,0.1186325,0.01407367,-0.1941518,0.1915532,0.1507063,0.02271237,0.1384725,0.1192393,0.1497501,0.2379179,0.0,0.0057509800000002,0.280887592582812,0.0145547940450116,0.12064325113744076,0.6729433479919162,0.32705665200808376,0.27854477237114467,0.002342820211667318,0.004126731970975492,0.04371833961643961,59.24007067139273,0.2677880150529026,0.013099577529909368
300000,14.8775,0.0027777521453217,-0.0059509800000002,0.0025641765152403,0.0233061856750124,-0.298414120457219,0.0194020243282993,-0.0002844425490567,-0.28206659876903,0.0005469334962755,0.0052453517515236,-0.276526254638541,0.0060379632417397,-17.6939055838958,-11.0403365605362,-13.7093798005736,-0.04468864,0.02202312,-0.004209841,-0.1826178,0.1773249,0.1328647,0.01765304,-0.1649629,0.1567997,0.118335,0.01400318,-0.191403,0.1903635,0.1515004,0.02295238,0.1388845,0.1188051,0.1506169,0.2385702,0.0,0.0059509800000002,0.298414120457219,0.014488197814534401,0.12036692990408288,0.6698642600871082,0.3301357399128918,0.2908881909070288,0.0075259295501902135,0.0038276713057937895,0.06358400158873893,60.8229046813667,0.30420632214062904,-0.005792201683410048
310000,15.3775,0.0028804563064942,-0.0061509800000002,0.0026445892759019,0.0240421215860233,-0.300368570224461,0.0196203160726132,0.0004514933619541,-0.284021048536272,0.0007652252405894,0.0059631992243046,-0.278533924317542,0.0062992566812681,-17.7277456137821,-10.9776476584072,-13.7230844915198,-0.04482523,0.02276106,-0.004259812,-0.184174,0.1737444,0.1322003,0.01747691,-0.1622661,0.1625618,0.1178566,0.01389017,-0.1862842,0.192681,0.1513802,0.02291596,0.138354,0.1185751,0.150514,0.2379997,0.0,0.0061509800000002,0.300368570224461,0.0144082358523236,0.12003431114612022,0.6661672053300481,0.33383279466995186,0.3022499025695732,-0.0018813323451121744,0.003909462380070383,0.05512933619854042,61.33515076077426,0.33860526736226015,-0.03823669713779915
320000,15.8775,0.0029557115591476,-0.0063509800000002,0.0027737904859759,0.0241304326737215,-0.308184801484556,0.0200024020959722,0.0005398044496522,-0.291837279796367,0.0011473112639484,0.0060177799949887,-0.286328932105652,0.0066619836395406,-17.7234732138405,-11.0000666266668,-13.7192252121745,-0.04525703,0.02192363,-0.003909375,-0.1837483,0.176237,0.1338361,0.0179121,-0.1541699,0.1587415,0.1167324,0.01362646,-0.185766,0.1892482,0.1504148,0.0226246,0.1400357,0.1173012,0.1494987,0.2377347,0.0,0.0063509800000002,0.308184801484556,0.0141071055523769,0.11877333687480915,0.6522443953197343,0.3477556046802657,0.31374050879938964,-0.0055557073148336245,0.004439020211472296,0.05452473835570735,59.37941269595554,0.33958898952590544,-0.03140418804134942
330000,16.3775,0.0031117524485848,-0.0065509800000002,0.0027656870690898,0.0244214366017049,-0.322996505215629,0.0173517733182104,0.0008308083776357,-0.306648983527441,-0.0015033175138133,0.0063132822452194,-0.30110901158278,0.0040089318968661,-17.7626576393544,-11.0726767251369,-13.7198391018002,-0.04520176,0.02202723,-0.004017759,-0.1884888,0.1826291,0.1330828,0.01771104,-0.156477,0.1614807,0.1146948,0.01315489,-0.1921681,0.2017666,0.1533547,0.02351767,0.1392546,0.1151826,0.1523935,0.2381789,0.0,0.0065509800000002,0.322996505215629,0.0136400888614729,0.11679079099600662,0.6306518001532808,0.3693481998467192,0.32622694083537546,-0.0032304356197464523,0.004235042735983708,0.07149227639152227,58.653619047039044,0.3155097627481809,0.0074867424674481264
340000,16.8775,0.0031190006312125,-0.0067509800000002,0.0029130966489867,0.023459906524428,-0.343084393765636,0.0179194424198842,-0.0001307216996412,-0.326736872077447,-0.0009356484121396,0.0053518303946482,-0.321234906722002,0.0046308831806796,-17.7624819903262,-11.0473167159073,-13.7316428813935,-0.04497881,0.02213267,-0.004518291,-0.1862091,0.1760568,0.1331272,0.01772285,-0.1580723,0.1560387,0.1143599,0.01307818,-0.189327,0.1957343,0.1525562,0.02327339,0.1392904,0.1149759,0.1517188,0.2375268,0.0,0.0067509800000002,0.343084393765636,0.0135680350813289,0.1164819088156135,0.6273203815227166,0.37267961847728337,0.3391585768771694,0.0039258168884666045,0.004303175113004405,0.04972177858689958,59.820961372909174,0.35110351582725907,-0.008019122061623085
350000,17.3775,0.003172220779356,-0.0069509800000002,0.0030511480777766,0.0233778435868045,-0.353326877103681,0.0185314991716966,-0.0002127846372646,-0.336979355415492,-0.0003235916603272,0.005291318109031,-0.33150456613595,0.0052743051492825,-17.7705744207015,-11.0534789569668,-13.7096563453841,-0.04513774,0.0213901,-0.003892296,-0.1890021,0.180725,0.1339329,0.01793801,-0.1514953,0.1556886,0.1140294,0.0130027,-0.1889502,0.1955759,0.1523954,0.02322435,0.1401174,0.1145736,0.1514592,0.2376729,0.0,0.0069509800000002,0.353326877103681,0.01346023637801,0.11601825881304201,0.6223362903637304,0.3776637096362696,0.35124216628460847,0.0020847108190725216,0.004321432258863437,0.0582644309262888,61.5960321173736,0.38129674642058187,-0.027969869316900875
360000,17.8775,0.0033318693097227,-0.0071509800000002,0.0030721056387853,0.023742842653058,-0.360246199643284,0.0192809120534632,0.0001522144289887,-0.343898677955095,0.0004258212214393,0.0056304779134002,-0.338379389880448,0.0059901886981482,-17.7938259587072,-11.0918450872368,-13.7298213391574,-0.04476904,0.02148508,-0.004010562,-0.1888797,0.1810264,0.1347439,0.01815592,-0.154622,0.1554646,0.1125858,0.01267556,-0.1925291,0.1954395,0.1529069,0.02338053,0.1408012,0.1130175,0.1519675,0.2377163,0.0,0.0071509800000002,0.360246199643284,0.013137168662606401,0.11461748846753884,0.6073992002641072,0.3926007997358928,0.3631018687056197,-0.0028556690623356973,0.00369687671844469,0.02796754371432288,65.03459762332419,0.3789660536986601,-0.018719854055376073
370000,18.3775,0.0033872283383531,-0.0073509800000002,0.0032035299695248,0.0234780943308573,-0.368578111189082,0.0194996066796202,-0.0001125338932118,-0.352230589500893,0.0006445158475963,0.0054313609648983,-0.346779378610104,0.0061943726181064,-17.7981201210861,-11.0510157880608,-13.7196923269991,-0.04515408,0.02172377,-0.003922762,-0.1831547,0.1799129,0.134493,0.01808837,-0.1490394,0.1578717,0.1110409,0.01233009,-0.1938245,0.1915911,0.1536186,0.02359867,0.140651,0.1116164,0.1526966,0.237388,0.0,0.0073509800000002,0.368578111189082,0.0128020121830129,0.11314597731697269,0.5919031841211556,0.4080968158788444,0.3760225264727027,-0.0074444152836206645,0.003685342546760774,0.08280867852950795,66.71815168070302,0.37480892977941505,-0.0062308185903330315
380000,18.8775,0.0034910682768372,-0.0075509800000002,0.0032458965538836,0.0241247067047434,-0.38793584374292,0.0173156351428093,0.0005340784806741,-0.371588322054731,-0.0015394556892145,0.0060557661490663,-0.366123142832513,0.0040175708770732,-17.8074970095415,-11.1896257665817,-13.7278071381376,-0.04555277,0.02074633,-0.003674738,-0.1854981,0.1877365,0.135537,0.01837029,-0.1501532,0.154026,0.110439,0.01219677,-0.1893869,0.1935415,0.1536979,0.02362303,0.1417121,0.110816,0.1527592,0.2377403,0.0,0.0075509800000002,0.38793584374292,0.012627180208468898,0.11237072665275818,0.5838197984049558,0.4161802015950442,0.3895361029758246,-0.0016002592329045773,0.0035432064032320555,0.06569367812005363,64.79140269444584,0.39487443714967885,-0.006938593406758842
390000,19.3775,0.003620573802932,-0.0077509800000002,0.0033059895815085,0.0249631485591043,-0.406721330239583,0.0173752216871838,0.0013725203350351,-0.390373808551394,-0.0014798691448399,0.006932366248453,-0.384887343897077,0.0040303185774358,-17.8126864737711,-11.0860641439779,-13.7412222443454,-0.04512074,0.02144356,-0.004018317,-0.1893769,0.1794,0.1349167,0.01820252,-0.1507145,0.152599,0.1098063,0.01205743,-0.1985237,0.1934455,0.1535222,0.02356908,0.1410799,0.1103417,0.1526564,0.2369646,0.0,0.0077509800000002,0.406721330239583,0.012517256265473599,0.11188054462449491,0.578737446432474,0.42126255356752595,0.4034307386164605,0.0032905916231225074,0.003514932633196863,0.06006653041051496,65.6278803922791,0.42474657586083775,-0.018025245621254737
400000,19.8775,0.0036479944207958,-0.0079509800000002,0.003488370779551,0.0239668293391595,-0.413807076064642,0.0194300557921298,0.0003762011150903,-0.397459554376454,0.000574964960106,0.0058794095286744,-0.391988821980369,0.0061417937182741,-17.8366258969325,-11.168182894703,-13.7336899581753,-0.04577281,0.02071513,-0.004326977,-0.1890579,0.1815636,0.1364603,0.01862142,-0.1478269,0.1512155,0.108161,0.01169881,-0.1967829,0.192872,0.154863,0.02398255,0.1427017,0.1084272,0.1539332,0.2380224,0.0,0.0079509800000002,0.413807076064642,0.012127926610916901,0.11012686598154377,0.5607367244435761,0.43926327555642386,0.41649424453844724,-0.002687168473805235,0.004464353368435921,0.0667296221960023,69.17982761754159,0.4124046966385253,0.0014023794261167066
410000,20.3775,0.0037588092033156,-0.0081509800000002,0.003509562079901,0.0234310606678356,-0.428870847088343,0.0199117559124401,-0.0001595675562335,-0.412523325400154,0.0010566650804163,0.0053236710862266,-0.406980620628283,0.0065812948282257,-17.845788438176,-11.2009983754038,-13.7367771365407,-0.04586326,0.02021615,-0.004518253,-0.18776,0.1821251,0.1365909,0.01865707,-0.1467522,0.1504296,0.1074826,0.01155252,-0.1935434,0.1924601,0.154565,0.02389033,0.1427962,0.1076735,0.1536684,0.2375525,0.0,0.0081509800000002,0.428870847088343,0.0119612127208225,0.10936732931192249,0.5530286797258062,0.44697132027419384,0.43011701855816065,-0.0012461714698176474,0.005601585494194587,0.08776221974776827,72.53778872101475,0.43369672497225054,-0.004825877883907537
420000,20.8775,0.003870209671809,-0.0083509800000002,0.0035713595443958,0.022832882915752,-0.442495805662373,0.019574899381244,-0.0007577453083172,-0.426148283974184,0.0007198085492202,0.0047697697074736,-0.420666061234003,0.0062582851003899,-17.8608264009272,-11.1129357316314,-13.7332487968705,-0.0451846,0.02011441,-0.0038933,-0.1872967,0.1813088,0.1368469,0.01872707,-0.1439649,0.1485098,0.1068695,0.01142109,-0.1944094,0.1979059,0.1548279,0.02397168,0.1429297,0.1071626,0.1539535,0.2374662,0.0,0.0083509800000002,0.442495805662373,0.0118256794896481,0.10874594010650743,0.5467622780118003,0.45323772198819967,0.4441091208095839,-0.0016133151472109142,0.007947121280897737,0.04154722932879202,72.45076688818531,0.4596996838287297,-0.017203878166356712
430000,21.3775,0.003898750571499,-0.0085509800000002,0.0037337206634521,0.0220513798219269,-0.456834143018897,0.0194635629949586,-0.0015392484021423,-0.440486621330708,0.0006084721629348,0.0039619253055008,-0.435023254879847,0.0061953986435001,-17.8764419057026,-11.0927637868872,-13.74645616037,-0.04606718,0.0213488,-0.004325236,-0.1864176,0.1792561,0.1370838,0.01879196,-0.1411052,0.1505298,0.1049397,0.01101235,-0.2006184,0.1977463,0.155356,0.0241355,0.1434474,0.1053852,0.154457,0.2373651,0.0,0.0085509800000002,0.456834143018897,0.011468121261440001,0.10708931441297026,0.5302305132579814,0.46976948674201857,0.46125727143512346,-0.004423128416226441,0.007779609654347535,0.06988860152991024,76.86386624901475,0.4521579912388116,0.0046761517800854024
440000,21.8775,0.0040734555551683,-0.0087509800000002,0.0037323736780188,0.024527797030279,-0.475837497262624,0.0180936722756206,0.0009371688062097,-0.459489975574435,-0.0007614185564031,0.0064326276845815,-0.453944442441791,0.0047656597715591,-17.8825837394131,-11.1910861323686,-13.737559810414,-0.04504414,0.0196215,-0.004285214,-0.1856644,0.1860004,0.1370495,0.01878256,-0.145359,0.1482403,0.1047832,0.01097953,-0.1953251,0.2000537,0.1559942,0.02433419,0.1430967,0.1049237,0.1550772,0.2373561,0.0,0.0087509800000002,0.475837497262624,0.011364533262249999,0.10660456492219271,0.5254411047118265,0.4745588952881735,0.47870813344532115,-0.0028706361826971727,0.008201797622677103,0.058578622935628745,87.93741322802394,0.4829873961559039,-0.007149898893279938
450000,22.3775,0.0040499773025626,-0.0089509800000002,0.0039336142672209,0.0244640212438624,-0.48678295890749,0.0187728328994468,0.0008733930197932,-0.470435437219301,-8.2257932577034e-05,0.0064061448890601,-0.464909759319568,0.0054284403991619,-17.8903501971607,-11.2114657414929,-13.7341747503152,-0.04610324,0.01923183,-0.003841703,-0.189097,0.186671,0.1379021,0.01901698,-0.1462244,0.1536983,0.103706,0.01075493,-0.1925897,0.1979494,0.1564928,0.02449001,0.1441708,0.1036328,0.1555847,0.2378391,0.0,0.0089509800000002,0.48678295890749,0.011124793285148898,0.10547413562171959,0.51435668659234,0.48564331340766,0.4967199973821892,-0.009937038474699178,0.009396342878470614,0.0756575231169975,95.01923229089995,0.4932462765654686,-0.0064633176579785845
460000,22.8775,0.0041833841011668,-0.0091509800000002,0.0039496707487455,0.0237415932949323,-0.503177391320529,0.018695293108783,0.0001509650708631,-0.48682986963234,-0.0001597977232407,0.0057126612462692,-0.481348802707833,0.005369879749192,-17.9008529638334,-11.2635729388354,-13.7431391238579,-0.04638353,0.0191975,-0.004327275,-0.1909509,0.1825095,0.137943,0.01902827,-0.1429123,0.1436779,0.1026759,0.01054233,-0.200314,0.1925659,0.1563683,0.02445105,0.1443762,0.1027532,0.1554945,0.2374346,0.0,0.0091509800000002,0.503177391320529,0.010910874006250001,0.10445512915242602,0.5044660927923145,0.49553390720768553,0.5145908228270797,-0.01141343150655072,0.009394271158550294,0.06277622311688673,95.51981576468113,0.5074062777175963,-0.004228886397067311
470000,23.3775,0.0042554453584202,-0.0093509800000002,0.0040912721588457,0.0231403766445972,-0.51415932440894,0.0189681879638501,-0.0004502515794719,-0.497811802720751,0.0001130971318263,0.0050620860854501,-0.492285615173578,0.0056442440857919,-17.9236521547708,-11.4207207379137,-13.7446170228955,-0.04641651,0.01712162,-0.004232039,-0.1885729,0.1797024,0.1377854,0.01898483,-0.1479305,0.1398952,0.101959,0.01039565,-0.1932121,0.1961094,0.1571005,0.02468057,0.1441725,0.1017313,0.1562211,0.237338,0.0,0.0093509800000002,0.51415932440894,0.0106887998714244,0.1033866522885058,0.4941984578584373,0.5058015421415627,0.5330729065245354,-0.018913582115595462,0.009552526930333115,0.06637098979158222,95.3416597326458,0.520334202286854,-0.006174877877914042
480000,23.8775,0.0043510539342371,-0.0095509800000002,0.0041517846368333,0.0233632485043836,-0.557207768070017,0.0197807015285788,-0.0002273797196855,-0.540860246381828,0.000925610696555,0.0053054537238688,-0.535265504722726,0.006412353959198,-17.9153498928332,-11.2790723219471,-13.7531117691621,-0.04652486,0.02063643,-0.004369513,-0.1898717,0.1819163,0.1387862,0.01926161,-0.1428254,0.1513739,0.1012244,0.01024637,-0.1962784,0.1977811,0.1569766,0.02464166,0.1451649,0.101708,0.156086,0.2378482,0.0,0.0095509800000002,0.557207768070017,0.0106722322431449,0.10330649661635467,0.4934324507814417,0.5065675492185583,0.5520657056585987,0.005142062411418347,0.009692998052350642,0.03270102933194621,97.47742322664,0.5643110818123385,-0.0071033137423214265
490000,24.3775,0.0044274094910679,-0.0097509800000002,0.0042403326338101,0.0231608338350377,-0.579895325855095,0.0194196467298038,-0.0004297943890315,-0.563547804166907,0.00056455589778,0.005074848952755,-0.55798763159187,0.0060837263454234,-17.9208024338233,-11.0145129908225,-13.7577620599789,-0.04668528,0.02260934,-0.004448332,-0.1934604,0.1863569,0.1386534,0.01922477,-0.1407914,0.1456486,0.1002117,0.01004239,-0.1960335,0.1924251,0.1572043,0.02471319,0.1450444,0.1012181,0.1563545,0.2376761,0.0,0.0097509800000002,0.579895325855095,0.0105535722552356,0.10273058091549761,0.48794618630463643,0.5120538136953636,0.571132930852861,0.00876239500223397,0.00970333254843941,0.05029888990120215,98.7138222563157,0.5928633349899979,-0.012968009134902925
500000,24.8775,0.0045331803995283,-0.0099509800000002,0.004291222122192,0.0237068490658615,-0.604851833545131,0.0182333291138713,0.0001162208417923,-0.588504311856942,-0.0006217617181525,0.005545823706583,-0.582901332597153,0.004916716555901,-17.9370426732915,-10.8199416353585,-13.74787710803,-0.04631175,0.02410958,-0.004158847,-0.1921834,0.1815382,0.1387682,0.0192566,-0.1376135,0.1470159,0.09915365,0.009831447,-0.1950638,0.1970483,0.1585465,0.02513699,0.1450922,0.1007087,0.1576953,0.2382723,0.0,0.0099509800000002,0.604851833545131,0.0104127188477764,0.10204273049941578,0.481433805346271,0.518566194653729,0.5892933143051475,0.015558519239983415,0.00967764608884348,0.02385312584089703,97.83749587931645,0.6180624948981992,-0.013210661353068254
510000,25.3775,0.0045508924461127,-0.0101509800000002,0.004496542487279,0.0238308658168046,-0.610386155958437,0.0188157288013073,0.0002402375927354,-0.594038634270249,-3.93620307165378e-05,0.0057745121547903,-0.588458402579846,0.0054403109216948,-17.9361766088263,-10.8441180036346,-13.7578977863002,-0.0467209,0.0233029,-0.004178212,-0.191024,0.1893046,0.139122,0.01935493,-0.1368929,0.1456571,0.09853156,0.009708468,-0.1982606,0.1962674,0.1582783,0.02505203,0.1455937,0.09994773,0.1573684,0.2380534,0.0,0.0101509800000002,0.610386155958437,0.01025149314841,0.10124965752243313,0.4739795080488696,0.5260204919511304,0.6077798834049535,0.0026062725534835574,0.009209230572672594,0.03572104996779027,96.77783847601793,0.6401837066459617,-0.029797550687524654
520000,25.8775,0.0046916466097171,-0.0103509800000002,0.0045192502221551,0.0246614932059605,-0.632173767760357,0.0189836677307315,0.0010708649818913,-0.615826246072169,0.0001285768987076,0.0065848761685099,-0.610294845975089,0.0056372789353663,-17.9594280904125,-10.8800002557001,-13.7637935081012,-0.04660493,0.02274251,-0.004289185,-0.1887917,0.1833843,0.1397413,0.01952764,-0.1428213,0.1462733,0.0969616,0.009401552,-0.1956511,0.1983402,0.1585995,0.02515381,0.1460756,0.09807314,0.1577309,0.2378923,0.0,0.0103509800000002,0.632173767760357,0.0099187737611001,0.09959304072624804,0.45859617127710117,0.5414038287228988,0.6262970522635636,0.005876715496793472,0.008551814448806302,0.051350113653946566,90.4539931365672,0.6363947908667387,-0.004221023106381616
530000,26.3775,0.0047089349554358,-0.0105509800000002,0.0046664115634205,0.0228526069164802,-0.651416596137068,0.0199617081537688,-0.0007380213075889,-0.635069074448879,0.0011066173217449,0.0048091060395899,-0.629509999682582,0.0065660262958885,-17.9595499996778,-10.9005354179715,-13.7578670804024,-0.04718881,0.02260324,-0.004379905,-0.1847804,0.1839994,0.1392296,0.01938488,-0.1389801,0.1517249,0.09671355,0.009353511,-0.1968114,0.20726,0.158865,0.0252381,0.1457935,0.0980465,0.1579809,0.2377852,0.0,0.0105509800000002,0.651416596137068,0.0098644174584976,0.09931977375375761,0.45608299849398476,0.5439170015060153,0.6457297137632455,0.005686882373822533,0.006452279322529475,0.028612498573905878,82.68937659599128,0.6746623677203529,-0.02324577158328489
540000,26.8775,0.0048334149447045,-0.0107509800000002,0.0047075181416038,0.0226269255181775,-0.666573620155783,0.0196228832687313,-0.0009637027058916,-0.650226098467594,0.0007677924367075,0.004506782714051,-0.644622237530528,0.0062660123480447,-17.9741918821533,-10.9078459149856,-13.7637164570503,-0.04654405,0.0222356,-0.004191712,-0.186484,0.1842305,0.1401064,0.0196298,-0.1327317,0.1364655,0.09571943,0.009162209,-0.1944736,0.1968681,0.1592546,0.02536202,0.1465192,0.09700244,0.1584103,0.2379848,0.0,0.0107509800000002,0.666573620155783,0.009656630907359999,0.09826815815593573,0.44647595239234966,0.5535240476076504,0.6619078909184115,0.004665729237371519,0.006517662371735151,0.04593504280849642,77.31643285612651,0.6897489321780395,-0.023175312022256422
550000,27.3775,0.0049161196286898,-0.0109509800000002,0.0048532469468176,0.0232834512116115,-0.675601715237774,0.0190232020622344,-0.0003071770124577,-0.659254193549585,0.0001681112302105,0.0052583117747045,-0.653711057695876,0.0056329830546506,-17.9847727161056,-10.8935521532228,-13.7618940878585,-0.04691769,0.02224361,-0.004248307,-0.1878263,0.1859783,0.1396732,0.01950861,-0.1381128,0.1426621,0.09422212,0.008877809,-0.1981545,0.1979227,0.1596436,0.02548607,0.1461387,0.09529197,0.1587546,0.2374633,0.0,0.0109509800000002,0.675601715237774,0.0093725871858321,0.09681212313461625,0.43334314320590983,0.5666568567940902,0.6772643745900625,-0.001662659352288487,0.006458277030908607,0.04261727046073901,74.65177042125828,0.6933141804091449,-0.017712465171370928
560000,27.8775,0.0049650778451594,-0.0111509800000002,0.0049563141165955,0.0229979452751791,-0.690135219005357,0.0186206088764254,-0.0005926829488901,-0.673787697317169,-0.0002344819555983,0.0049178057960205,-0.668245632993223,0.0053011005738236,-18.0072435674421,-10.955160985558,-13.7650927268115,-0.0473024,0.0216096,-0.003818313,-0.1928019,0.1826093,0.1405303,0.01974876,-0.1294679,0.135842,0.09342414,0.00872807,-0.2011213,0.2018209,0.1599863,0.02559562,0.1470476,0.09444266,0.1590655,0.2378957,0.0,0.0111509800000002,0.690135219005357,0.009195044812159998,0.09589079628494071,0.4251344417306537,0.5748655582693463,0.6913305293269023,-0.0011953103215452954,0.006222508153167011,0.04180381093908331,73.84340504856436,0.7129701870689147,-0.02283496806355767
570000,28.3775,0.0050934120063238,-0.0113509800000002,0.0049952751988014,0.0236821415924387,-0.70686624876524,0.0191185855984784,9.1513368369476e-05,-0.690518727077051,0.0002634947664545,0.0056618259093316,-0.685027113791002,0.0057854838043257,-18.0168531003834,-10.9342653817948,-13.7746074917025,-0.04717608,0.0223604,-0.003990197,-0.1909661,0.185527,0.1408711,0.01984468,-0.1344594,0.1314813,0.09070667,0.0082277,-0.1954827,0.2012807,0.1601402,0.02564487,0.1474197,0.09197856,0.1592646,0.2371912,0.0,0.0113509800000002,0.70686624876524,0.00872768748816,0.09342209314803432,0.40352609733577766,0.5964739026642223,0.7082175620681183,-0.0013513133028782987,0.0062986550361990796,0.020516320503455747,75.5924132957654,0.6888394957325636,0.018026753032676313
580000,28.8775,0.0051614037678107,-0.0115509800000002,0.0051107190293586,0.0222394612703804,-0.727918600905442,0.0197710108217033,-0.0013511669536888,-0.711571079217254,0.0009159199896795,0.0042347249448371,-0.706090224034614,0.0064142784836037,-18.0268829303455,-10.9577023404258,-13.7871290325295,-0.04705216,0.02195327,-0.004495267,-0.1895003,0.1897691,0.1417775,0.02010085,-0.1337728,0.1413174,0.09025499,0.008145964,-0.2065285,0.2011205,0.159955,0.0255856,0.1482296,0.09125633,0.1591074,0.2373929,0.0,0.0115509800000002,0.727918600905442,0.0086279100636929,0.09288654403998946,0.3989128713521429,0.6010871286478572,0.7245711022237704,0.0033474986816716124,0.006061629176008985,0.05943414564131458,80.61555813652511,0.7202446214135245,0.007673979491917504
590000,29.3775,0.0052908794241707,-0.0117509800000002,0.0051842628690903,0.0251909755145747,-0.735167716776843,0.0181476442571711,0.0016003472905055,-0.718820195088654,-0.0007074465748527,0.0071635126135652,-0.713333600835605,0.0047977670362489,-18.0249075782649,-11.0109634504696,-13.7796090237981,-0.04717562,0.02182363,-0.004706529,-0.1938297,0.1863768,0.1410963,0.01990816,-0.1255558,0.1358803,0.08970729,0.008047398,-0.20473,0.2032602,0.1616842,0.02614179,0.1476517,0.09067933,0.1607718,0.23795,0.0,0.0117509800000002,0.735167716776843,0.0085236688263769,0.09232371757233837,0.3940932602314832,0.6059067397685167,0.7411484327489337,-0.005980715972090711,0.006081666361301157,0.02348227676650318,84.34850166467737,0.7509753318343175,-0.015807615057474522
600000,29.8775,0.0054283200979711,-0.0119509800000002,0.0052146824630116,0.025656506546756,-0.748816646243256,0.0174993749811402,0.0020658783226867,-0.732469124555067,-0.0013557158508835,0.0075983692304158,-0.726963656524029,0.004142243948962,-18.0567623773714,-10.9097926070084,-13.7774671832228,-0.04705229,0.02276316,-0.004113758,-0.1899104,0.1875948,0.1422362,0.02023114,-0.1339024,0.1336537,0.08810554,0.007762586,-0.1973998,0.2027475,0.1607731,0.025848,0.1486246,0.08917591,0.1598804,0.2374631,0.0,0.0119509800000002,0.748816646243256,0.0082807474531856,0.09099861236956089,0.3828617497292666,0.6171382502707334,0.7570812200224353,-0.00826457377917933,0.006049640967973886,0.02356554609767231,86.07349384306514,0.7607535509472512,-0.011936904703995221
610000,30.3775,0.0054296851590513,-0.0121509800000002,0.0054018906070669,0.0233324019830334,-0.759579535650369,0.0183334058395675,-0.0002582262410358,-0.74323201396218,-0.0005216849924563,0.0052940253027439,-0.737723467225353,0.0049999306346482,-18.0660713502135,-10.8585332106044,-13.7816595972651,-0.04826317,0.02463557,-0.004476401,-0.1892918,0.1895843,0.1423452,0.02026217,-0.1226847,0.1362742,0.08580183,0.007361954,-0.2036962,0.19892,0.1619975,0.02624319,0.1491133,0.08743662,0.1611533,0.2379448,0.0,0.0121509800000002,0.759579535650369,0.007968865309224901,0.08926850121529374,0.36844182640457057,0.6315581735954294,0.7740426072996378,-0.014463071649268855,0.0060841665085673725,0.08679334603513325,85.2804965779737,0.7601128305270697,-0.0005332948767007295
620000,30.8775,0.0055100277690394,-0.0123509800000002,0.0054726226220726,0.0226179971867889,-0.796143516111811,0.0194118043162228,-0.0009726310372803,-0.779795994423622,0.0005567134841989,0.0045865173946639,-0.774307745848637,0.0061185166055041,-18.0607390165964,-10.5969512602948,-13.7757494964406,-0.04776699,0.02646794,-0.003870666,-0.1926793,0.1901764,0.1422222,0.02022716,-0.1297261,0.1334782,0.08408271,0.007069903,-0.1969388,0.2022553,0.1620144,0.02624867,0.1488418,0.08632925,0.1611561,0.2373714,0.0,0.0123509800000002,0.796143516111811,0.0077704548478436,0.08815018348162186,0.35926828538807537,0.6407317146119247,0.7919865244519795,0.0041569916598315215,0.006082908856035054,0.04116446676169284,87.47512036039855,0.7766159817070042,0.019527534404806812
630000,31.3775,0.0055644570544819,-0.0125509800000002,0.0056308348314716,0.0232215531491002,-0.812062709472532,0.0191671826870531,-0.000369075074969,-0.795715187784344,0.0003120918550293,0.005191363072678,-0.790214378697861,0.005853683869218,-18.0588123249684,-10.2966445895567,-13.7851107631762,-0.04664989,0.02908538,-0.003779719,-0.1918993,0.1898873,0.1423783,0.02027158,-0.1259395,0.1288156,0.08320789,0.006923553,-0.2009038,0.2008307,0.1625309,0.02641628,0.1486931,0.0863832,0.161617,0.2375748,0.0,0.0125509800000002,0.812062709472532,0.0077695123297443994,0.08814483722683025,0.35922470790540834,0.6407752920945917,0.8105431674175914,0.001519542054940648,0.006082858857788414,0.03291952925019249,93.1725864960563,0.8229535813397395,-0.010890871867207497
640000,31.8775,0.0056591277029652,-0.0127509800000002,0.0056845696721153,0.0242006560145419,-0.833767231913863,0.018910993462945,0.0006100277904726,-0.817419710225674,5.59026309212359e-05,0.0061938197161995,-0.811906402706491,0.0055472079310732,-18.0952807759606,-10.2513989079864,-13.785055232591,-0.04859294,0.02807766,-0.004284669,-0.1977387,0.1898402,0.1436239,0.02062782,-0.1231909,0.1284502,0.08238154,0.006786719,-0.2009828,0.1997706,0.1625904,0.02643563,0.1504049,0.08512142,0.1617046,0.2383448,0.0,0.0127509800000002,0.833767231913863,0.0075750739910756,0.08703490099423104,0.3502348186498738,0.6497651813501262,0.827849705131176,0.005917526782687088,0.007925982668296232,0.07140565411136406,95.9154094782626,0.840056860765023,-0.006289628851159912
650000,32.3775,0.0057692752792107,-0.0129509800000002,0.0057588499299566,0.0236901090716924,-0.841834280164299,0.0176642956279614,9.94808476231495e-05,-0.82548675847611,-0.0011907952040623,0.0056357817388833,-0.820007963495884,0.0043489590032778,-18.1038509939679,-10.2729335121337,-13.7840579787305,-0.04742367,0.02811099,-0.004169133,-0.1978981,0.1861721,0.1433072,0.02053694,-0.1301916,0.1256417,0.07946133,0.006314103,-0.2025181,0.2082884,0.163952,0.02688027,0.1498418,0.08242654,0.1631164,0.237874,0.0,0.0129509800000002,0.841834280164299,0.007104330758780099,0.08428719213961336,0.3284699262160958,0.6715300737839043,0.8460170329109634,-0.004182752746664464,0.011804794911530954,0.04483821311616285,95.8062933932648,0.8154146094011092,0.02641967076318974
660000,32.8775,0.0058593174086123,-0.0131509800000002,0.0058817684840274,0.0235723278030503,-0.862176975287002,0.0187554551313872,-1.83004210189208e-05,-0.845829453598813,-9.9635700636593e-05,0.0055085510007973,-0.840328429671145,0.0054395606489789,-18.1185958384691,-10.3217076688289,-13.7920586372809,-0.04765379,0.02798133,-0.004560541,-0.1961403,0.1946058,0.1435127,0.02059588,-0.123127,0.1284183,0.07807838,0.006096233,-0.2007285,0.20685,0.163961,0.0268832,0.1500008,0.08101901,0.1630902,0.2375735,0.0,0.0131509800000002,0.862176975287002,0.0068791878285689,0.08294086947077961,0.31806040501198357,0.6819395949880165,0.8648922331035244,-0.002715257816522376,0.017031163342033206,0.06915875715621883,93.25808859826398,0.8278788849536105,0.034298090333391484
670000,33.3775,0.005922797436978,-0.0133509800000002,0.0059990123634782,0.02430346588306,-0.887518307681116,0.0199583112610472,0.0007128376589908,-0.871170785992927,0.0011032204290234,0.0062339879319646,-0.865646785595292,0.0066471106569985,-18.1241624287748,-9.9957559691463,-13.7944468783355,-0.04833377,0.03256113,-0.004640394,-0.1927034,0.1881255,0.1439601,0.0207245,-0.1156145,0.1257432,0.0757256,0.005734366,-0.2005335,0.2024287,0.1639658,0.02688479,0.1507058,0.08044158,0.1631093,0.23781,0.0,0.0133509800000002,0.887518307681116,0.0067945931868769,0.08242932237302998,0.3141491575407834,0.6858508424592167,0.886395612139031,0.0011226955420849949,0.019296088007654283,0.017059137594149672,95.65397994945049,0.8615779016963043,0.02594040598481162
680000,33.8775,0.0060323660806607,-0.0135509800000002,0.0060342018101259,0.0240237191064901,-0.910989321386972,0.0168920159871931,0.0004330908824209,-0.894641799698784,-0.0019630748448306,0.0059661655489496,-0.889145960124665,0.0035790464176555,-18.1303287378126,-9.79400484830395,-13.7942887603035,-0.04851446,0.03350631,-0.004107415,-0.1936874,0.18687,0.1446263,0.02091675,-0.1264282,0.1196158,0.07472591,0.005583962,-0.2044834,0.2049007,0.1644633,0.02704819,0.1513347,0.07978349,0.1636291,0.2383899,0.0,0.0135509800000002,0.910989321386972,0.006706634809816099,0.08189404624156812,0.31008238719967246,0.6899176128003275,0.9096404860727345,0.001348835314237462,0.019492845142774922,0.05194014792692606,111.70108139919309,0.8947687084085443,0.016220612978427695
690000,34.3775,0.0060648444018618,-0.0137509800000002,0.0062104906235933,0.0247935195575817,-0.918290515754872,0.0196840253559691,0.0012028913335125,-0.901942994066683,0.0008289345239452,0.006749205759729,-0.896423931670574,0.0063414101269539,-18.1400556340477,-9.9558644505289,-13.7951454830299,-0.04797411,0.03222171,-0.003970177,-0.1922783,0.1950517,0.1444306,0.0208602,-0.1114943,0.1164087,0.07350706,0.005403288,-0.2018862,0.2105485,0.1648056,0.02716089,0.1510273,0.07813106,0.1639331,0.2378491,0.0,0.0137509800000002,0.918290515754872,0.0064415265953241,0.08025912157084764,0.2978250643623528,0.7021749356376472,0.9354726596997271,-0.017182143944855177,0.0195423360558596,0.05313964750598177,131.2367324093993,0.9011948281269428,0.017095687627929124
700000,34.8775,0.0062348200713389,-0.0139509800000002,0.0062240249961005,0.0243163929023122,-0.935008322354506,0.0179666446362335,0.0007257646782429,-0.918660800666317,-0.0008884461957902,0.0062489837046462,-0.9131475133117,0.0046669925239587,-18.1703395962195,-9.85685095020421,-13.802018586777,-0.04877472,0.03431563,-0.004638989,-0.1937209,0.1880575,0.1451326,0.02106346,-0.1197805,0.1220017,0.07100904,0.005042284,-0.2047479,0.2034153,0.1648738,0.02718338,0.1519273,0.07672687,0.1640293,0.2380314,0.0,0.0139509800000002,0.935008322354506,0.0062198464622969,0.07886600320985526,0.28757564616782016,0.7124243538321798,0.964632987105955,-0.02962466475144898,0.02164966484322364,0.04644913231556952,151.87116591681092,0.9141822804663757,0.02082604188813031
710000,35.3775,0.0062684420941578,-0.0141509800000002,0.0063626925591327,0.0224895516805936,-0.956443848361426,0.0177876959137338,-0.0011010765434755,-0.940096326673237,-0.0010673949182899,0.0044039853782847,-0.934518194996202,0.0044504941440905,-18.1644878812555,-9.36204062449538,-13.795389434046,-0.04837937,0.03878563,-0.004089202,-0.1962896,0.1874382,0.1452833,0.02110723,-0.1120465,0.1186823,0.06742988,0.004546789,-0.2015854,0.2047271,0.1657474,0.02747219,0.1520321,0.07545951,0.1648359,0.2382562,0.0,0.0141509800000002,0.956443848361426,0.0060511140944969,0.07778890727151848,0.27977427679421146,0.7202257232057885,0.9979900147360543,-0.04154616637462827,0.027246785376402696,0.03934273992437336,170.44364847490058,0.9351693470525895,0.02127450130883657
720000,35.8775,0.0063436862542578,-0.0143509800000002,0.0064560562064421,0.0236136496621711,-0.996116705040941,0.0191949707324183,2.30214381018558e-05,-0.979769183352752,0.0003398799003944,0.0055469069773215,-0.974142336542269,0.0058074730792817,-18.1703282887673,-8.53424720523969,-13.8119257882446,-0.04824247,0.04879724,-0.004440347,-0.1928003,0.1918896,0.1455095,0.02117302,-0.1077433,0.1247393,0.06078268,0.003694535,-0.2039951,0.206859,0.165865,0.02751118,0.1521398,0.07535867,0.1650224,0.2385462,0.0,0.0143509800000002,0.996116705040941,0.0060757056316176,0.07794681283809878,0.2809112706445603,0.7190887293554398,1.0294969957123723,-0.033380290671431334,0.028171855621352163,0.10870237394155002,171.94658918161218,0.9853647599667483,0.010751945074192637
730000,36.3775,0.0064440099643329,-0.0145509800000002,0.0065280456628667,0.0240807887920945,-1.05183712938255,0.0192295698591443,0.0004901605680253,-1.03548960769436,0.0003744790271204,0.0059782433456671,-1.02982917092928,0.0058670266408097,-18.1758177627121,-7.43618101999741,-13.8257330087512,-0.04847905,0.05852742,-0.004818929,-0.1931653,0.1866974,0.145297,0.02111123,-0.1057946,0.1296234,0.05286024,0.002794205,-0.2063528,0.205068,0.1660369,0.02756826,0.1519983,0.07642974,0.1651758,0.2388654,0.0,0.0145509800000002,1.05183712938255,0.0062196638918564,0.07886484572898371,0.28756720499283034,0.7124327950071696,1.0618985692711354,-0.010061439888585433,0.029733177971364697,0.10466649496096983,173.16931825337974,1.0535946968074508,-0.0017575674249008522
740000,36.8775,0.0065491559524975,-0.0147509800000002,0.006585394944154,0.0239573349749005,-1.09621661936945,0.0178391733538871,0.0003667067508313,-1.07986909768126,-0.0010159174781366,0.0058489240779521,-1.07423916722259,0.004494076544587,-18.1836420097619,-6.46736759262816,-13.8071629411525,-0.04894017,0.0674849,-0.004464165,-0.1988557,0.1952796,0.1459908,0.02131331,-0.1084851,0.1307514,0.04176589,0.00174439,-0.2117871,0.2042302,0.1658169,0.02749526,0.1527286,0.07668943,0.1649426,0.2394013,0.0,0.0147509800000002,1.09621661936945,0.00629860172801,0.07936373055754121,0.29121690910957443,0.7087830908904256,1.091362779403388,0.004853839966062035,0.02973935338741754,0.10227376139985322,173.81455876663372,1.1120010214784672,-0.015784402109017215
750000,37.3775,0.0066570295053701,-0.0149509800000002,0.0066159062670193,0.0247131177631109,-1.15453083338237,0.0172199213896227,0.0011224895390416,-1.13818331169418,-0.0016351694424011,0.006544202406498,-1.13240115828778,0.0038671248031717,-18.1754165416375,-5.28257481982314,-13.8059553312843,-0.04864149,0.08044129,-0.004663202,-0.194821,0.1918645,0.1449492,0.02101028,-0.01681446,0.1336022,0.01517544,0.0002302941,-0.1988431,0.2084682,0.1658388,0.0275025,0.1516553,0.08046718,0.1649775,0.2395481,0.0,0.0149509800000002,1.15453083338237,0.0067010952368641,0.08186021766929343,0.30982626411354464,0.6901737358864554,1.1230685844868251,0.03146224889554494,0.029382352554516294,0.0586431636217581,169.63828716624968,1.2192917619100898,-0.06476092852771975
760000,37.8775,0.0066713345059534,-0.0151509800000002,0.0067681249623085,0.0241599952044218,-1.20876158409539,0.0194274551429699,0.0005693669803525,-1.1924140624072,0.0005723643109461,0.0059694816701453,-1.18669640719024,0.0060248021703274,-18.1498178185687,-4.95480576071043,-13.808543888533,-0.04837985,0.07943896,-0.004786235,-0.1973242,0.2033392,0.145827,0.0212655,0.02017567,0.1225871,0.01324684,0.0001754786,-0.2012385,0.204142,0.1654298,0.02736701,0.152485,0.07943896,0.1645912,0.2393286,0.0,0.0151509800000002,1.20876158409539,0.0064860269658816,0.0805358737823189,0.2998825464714939,0.7001174535285061,1.1537346088804834,0.055026975214906626,0.028045579779499345,0.03855969865741325,163.00789137640743,1.2332781675685833,-0.0245165834731933
770000,38.3775,0.0068015048801926,-0.0153509800000002,0.0068304248315365,0.023003883210883,-1.2087537660265,0.018376382225007,-0.0005867450131861,-1.19240624433831,-0.0004787086070167,0.004898057702887,-1.18677862845578,0.0049857699052772,-18.1850774066631,-5.20276074102448,-13.7998218197873,-0.04896881,0.078403,-0.003955698,-0.1977198,0.1953319,0.1460051,0.02131749,0.03564777,0.1151933,0.01275346,0.0001626508,-0.2020289,0.2061913,0.1664987,0.02772182,0.1527852,0.078403,0.1656556,0.2399046,0.0,0.0153509800000002,1.2087537660265,0.006309681209,0.07943350180496891,0.2917291707745877,0.7082708292254123,1.1848518807695094,0.02390188525699055,0.025184188369021608,0.08181582185547949,145.30960983388164,1.2531149651018518,-0.044361199075351854
780000,38.8775,0.0069139471809475,-0.0155509800000002,0.0068982558786966,0.0230701729481665,-1.24393561682751,0.0183673840172729,-0.0005204552759026,-1.22758809513932,-0.0004877068147509,0.0049611061665046,-1.22195013356896,0.0049889721766621,-18.1893290285834,-5.2194968055489,-13.8056577404567,-0.04827843,0.07751702,-0.004390013,-0.2006759,0.1979158,0.1462826,0.0213986,0.02179262,0.1152674,0.0124156,0.0001541471,-0.2055967,0.2051244,0.1665789,0.02774853,0.1528708,0.07751702,0.1657422,0.2396845,0.0,0.0155509800000002,1.24393561682751,0.006163035489680401,0.07850500295955921,0.2849489813042025,0.7150510186957975,1.21238006106197,0.03155555576554003,0.023253932028542285,0.058893662247911226,124.8907718463118,1.277438993448194,-0.03350337662068403
790000,39.3775,0.0069745909607123,-0.0157509800000002,0.0070529276265769,0.0237326314496606,-1.23509563284175,0.0202892801619954,0.0001420032255914,-1.21874811115356,0.0014341893299715,0.0055821967159937,-1.2131222729558,0.0069529496030742,-18.2113826052401,-5.52470976210308,-13.8161733992928,-0.04868421,0.07609944,-0.004664302,-0.1994274,0.1917188,0.1467777,0.0215437,0.02474352,0.1199475,0.01261381,0.0001591082,-0.2062961,0.2112301,0.1664747,0.02771383,0.153487,0.07609944,0.1656241,0.2395459,0.0,0.0157509800000002,1.23509563284175,0.005950232968313601,0.07713775319720947,0.27511002097629755,0.7248899790237024,1.2375162320606117,-0.00242059921886173,0.023140246673870237,0.043405305045536906,104.58729052049948,1.2917677199360482,-0.056672087094298274
800000,39.8775,0.0070490183260468,-0.0159509800000002,0.0071509981191864,0.0237657396507413,-1.26705437167268,0.0192954559490333,0.0001751114266721,-1.25070684998449,0.0004403651170095,0.0056296866132059,-1.245089800438,0.0059424774256429,-18.2187419109875,-5.5723510641974,-13.8115135920617,-0.04887299,0.07540769,-0.003924982,-0.1957202,0.1952199,0.1463898,0.02142997,0.02490371,0.1161641,0.01226218,0.000150361,-0.2045213,0.2061619,0.1675089,0.02805925,0.1531914,0.07540769,0.1666277,0.2398146,0.0,0.0159509800000002,1.26705437167268,0.0058366807111361,0.07639817217143419,0.26985991328801623,0.7301400867119838,1.259113679660029,0.007940692012651018,0.02313883549920706,0.031668067693161016,83.00864884802378,1.3210916747210466,-0.054037303048366514
810000,40.3775,0.0071737663846179,-0.0161509800000002,0.0072033491859385,0.0224025560527529,-1.27233459068475,0.0186348993598708,-0.0011880721713163,-1.25598706899656,-0.0002201914721529,0.0043145597510789,-1.25041803719296,0.0052778109564023,-18.2327754909766,-5.81064427217075,-13.8183582028819,-0.04875706,0.07240945,-0.004246652,-0.2002008,0.1893665,0.1475032,0.02175718,0.03004328,0.1116689,0.01241502,0.0001541327,-0.2011286,0.2024997,0.1676357,0.02810174,0.15423,0.07240945,0.1668049,0.2396564,0.0,0.0161509800000002,1.27233459068475,0.0053972611493025005,0.0734660544013526,0.2495432760206692,0.7504567239793308,1.2780940785499895,-0.005759487865239388,0.02133804922149669,0.06374693912287323,77.66344833696627,1.3011819607817672,-0.0288473700970171
820000,40.8775,0.0072246595218251,-0.0163509800000002,0.0073689711924195,0.0226539259612068,-1.29873383914071,0.0188405194883737,-0.0009367022628624,-1.28238631745252,-1.457134365014e-05,0.0045710332581799,-1.27677009097177,0.0054547015590619,-18.2504329587806,-5.88947697139432,-13.8210667336297,-0.04874818,0.07207844,-0.004236504,-0.2006833,0.1912168,0.1473777,0.02172018,0.02654918,0.1083474,0.01283591,0.0001647605,-0.2095518,0.2074832,0.1680464,0.02823959,0.1540361,0.07207844,0.1671341,0.2397648,0.0,0.0163509800000002,1.29873383914071,0.005360062012833598,0.073212444385047,0.24782336769627963,0.7521766323037203,1.2916162043195492,0.00711763482116079,0.013848605129782436,0.010451516942184384,74.4807794106859,1.3420417284492476,-0.043307889308537684
830000,41.3775,0.0073588574314628,-0.0165509800000002,0.0073941892434263,0.0246795402713628,-1.29892668825801,0.0192865524572596,0.0010889120472936,-1.28257916656982,0.0004314616252358,0.0065431470532608,-1.27697663256536,0.0059501890971513,-18.2550994620309,-6.17421452830193,-13.8217411135761,-0.04936502,0.068426,-0.004141915,-0.201243,0.197631,0.1480393,0.02191563,0.02012545,0.1033731,0.01322076,0.0001747886,-0.2056856,0.2059728,0.1685496,0.02840898,0.1549078,0.068426,0.1676961,0.2396184,0.0,0.0165509800000002,1.29892668825801,0.004856906076,0.06969150648393246,0.2245598684225913,0.7754401315774087,1.3081876777358121,-0.009260989477802184,0.012018874009796243,0.018560062486574505,74.86491430463296,1.3125024029239039,-0.013575714665893912
840000,41.8775,0.007405488957968,-0.0167509800000002,0.0075666237646276,0.0232968076924534,-1.32833501036761,0.0179216461197291,-0.0002938205316157,-1.31198748867942,-0.0009334447122946,0.0051570892080533,-1.30638850825693,0.0046145952237227,-18.2540891947465,-6.23725160224025,-13.828022569319,-0.04903394,0.06832801,-0.004449285,-0.2031702,0.1925215,0.1480026,0.02190478,0.01252707,0.1060938,0.01267522,0.0001606612,-0.2044576,0.2039227,0.1685825,0.02842007,0.1547814,0.06832801,0.1677639,0.2395051,0.0,0.0167509800000002,1.32833501036761,0.0048293781505601,0.06949372741881168,0.22328711016496774,0.7767128898350323,1.3217612102971716,0.006573800070438285,0.007644589821117953,0.023617032395185877,78.37067891484187,1.3548233457174588,-0.026488335349848846
850000,42.3775,0.0075523121946266,-0.0169509800000002,0.0076069019488203,0.0234254603557205,-1.33378854296304,0.0181750067160485,-0.0001651678683487,-1.31744102127486,-0.0006800841159753,0.0053416308875033,-1.31187033194481,0.0048388546088283,-18.2939220151445,-6.48848164608051,-13.8273388768628,-0.0493224,0.06613199,-0.004687614,-0.2004554,0.1947429,0.1489628,0.0221899,0.006803305,0.1107386,0.01306901,0.0001707991,-0.2041438,0.2093794,0.169046,0.02857655,0.1557838,0.06613199,0.168232,0.2398706,0.0,0.0169509800000002,1.33378854296304,0.0045442392013601,0.06741097241072924,0.21010366294310143,0.7898963370568985,1.3385678081645085,-0.00477926520146843,0.007729167218583693,0.060519024906339106,76.06214500763643,1.358223121452197,-0.024434578489156866
860000,42.8775,0.0076597310351776,-0.0171509800000002,0.007688907237217,0.0239147695410486,-1.36331522117193,0.0189744028903966,0.0003241413169794,-1.34696769948374,0.0001193120583728,0.0058677002851272,-1.34139458200567,0.0055970487617558,-18.2968229213301,-6.55986662342225,-13.839576539725,-0.04977199,0.06441551,-0.004761845,-0.2014026,0.1980951,0.1491719,0.02225226,0.01788376,0.1045565,0.01308828,0.000171303,-0.2066885,0.2100541,0.1695961,0.02876284,0.156103,0.06441551,0.1687709,0.2400327,0.0,0.0171509800000002,1.36331522117193,0.0043206609285601,0.06573173456223486,0.19976648393727084,0.8002335160627292,1.3528822874962385,0.010432933675691425,0.007574929437324533,0.047079974588998846,75.94817329963846,1.3709237933032812,-0.007608572131351243
870000,43.3775,0.0076922465276543,-0.0173509800000002,0.0078515815272178,0.0224258904433594,-1.35750496756055,0.0190516397106877,-0.0011647377807098,-1.34115744587236,0.0001965488786639,0.0043588453365954,-1.33564220865306,0.0057273699926832,-18.3161013813587,-6.92118735028972,-13.8284259316939,-0.04969444,0.06186313,-0.004133691,-0.1983258,0.1957085,0.1491196,0.02223666,0.01526417,0.09633977,0.01306431,0.0001706763,-0.2116141,0.2075785,0.1698252,0.02884059,0.1560069,0.06186313,0.1690026,0.2394576,0.0,0.0173509800000002,1.35750496756055,0.0039977231533969,0.06322755058830684,0.18483540164649348,0.8151645983535065,1.368869593176019,-0.011364625615469137,0.007387725771712878,0.007930912566192962,76.40224169036959,1.3686127326053716,-0.011107765044821694
880000,43.8775,0.0078129718973119,-0.0175509800000002,0.0079152633067239,0.0229027847022144,-1.39103997360539,0.0184863516290243,-0.0006878435218547,-1.3746924519172,-0.0003687392029994,0.0048416339704469,-1.369188078756,0.0051742802023918,-18.322977495995,-6.96720633861395,-13.8446812954941,-0.04988341,0.06097054,-0.004354882,-0.1978881,0.1941666,0.1498138,0.02244418,0.002549263,0.09897848,0.01319057,0.0001739911,-0.2048002,0.2119867,0.1698425,0.02884648,0.1567313,0.06097054,0.1689706,0.2397069,0.0,0.0175509800000002,1.39103997360539,0.0038913978478916,0.06238106962766509,0.17991943328296156,0.8200805667170384,1.3839220896861164,0.007117883919273593,0.0071261427303437016,0.029532354878338253,79.23459869124996,1.399028571539013,-0.007988597933622943
890000,44.3775,0.0079658579977168,-0.0177509800000002,0.0079783871307334,0.0250545402972489,-1.39324447500247,0.0188083738043176,0.0014639120731796,-1.37689695331428,-4.67170277061837e-05,0.0069806821592774,-1.37140201123379,0.0054893275100801,-18.3386955850217,-7.27557456373426,-13.8345129362142,-0.0498632,0.05760595,-0.004437438,-0.2015821,0.1940182,0.1499754,0.02249262,0.010654,0.09563114,0.01381874,0.0001909575,-0.205947,0.2094441,0.1707525,0.02915642,0.1569259,0.05760595,0.1699102,0.2396666,0.0,0.0177509800000002,1.39324447500247,0.0035094029754025005,0.05924021417417817,0.16225783617526063,0.8377421638247393,1.400287466656571,-0.0070429916541010495,0.0065588789521061125,0.05716225103757803,78.09266176503884,1.3877948680229508,0.005449606979519128
900000,44.8775,0.0079720148769678,-0.0179509800000002,0.0081487411801168,0.0234143125703776,-1.41996820938245,0.0188037126418469,-0.0001763156536915,-1.40362068769426,-5.13781901769206e-05,0.0053254028190024,-1.39808538901879,0.0054751615990903,-18.3440516973314,-7.37482973767417,-13.8434608817662,-0.04985056,0.05832623,-0.004344949,-0.1987836,0.1986284,0.150467,0.02264033,0.005730873,0.1078729,0.01315452,0.0001730413,-0.2045675,0.2138544,0.1705473,0.02908638,0.1573661,0.05832623,0.1696926,0.2399497,0.0,0.0179509800000002,1.41996820938245,0.0035749904060129,0.0597912234865026,0.16529028204874083,0.8347097179512591,1.4154779647861135,0.004490244596336401,0.006287692664899976,0.053271505916739674,77.02015571961753,1.4441841463856777,-0.024215937003227772
910000,45.3775,0.0081250732531683,-0.0181509800000002,0.0081847145789543,0.0236118300803629,-1.42451364432171,0.0171804772992418,2.12018562936621e-05,-1.40816612263353,-0.0016746135327819,0.005570897004529,-1.4026604645693,0.0038393306672644,-18.3635452130536,-7.73828531542994,-13.8542484314755,-0.0499463,0.05059772,-0.004612307,-0.2054385,0.2009259,0.151439,0.02293376,-0.007483041,0.08941645,0.01501744,0.0002255234,-0.2077562,0.2093556,0.1716706,0.02947079,0.1583064,0.05060853,0.170842,0.2397402,0.0,0.0181509800000002,1.42451364432171,0.0027856526691984003,0.05277928257563189,0.12879511917212397,0.8712048808278761,1.4306037527446829,-0.006090108422972973,0.006341028304575339,0.0574801595927417,76.32847543538858,1.3714070374624363,0.0531066068592736
920000,45.8775,0.008219468723926,-0.0183509800000002,0.0083040659273203,0.024981262704171,-1.44819495316234,0.0185803662570555,0.0013906344801018,-1.43184743147415,-0.0002747245749682,0.0069615021066379,-1.42636314082252,0.0052447419226594,-18.3775256967255,-7.84899963970462,-13.8429749482578,-0.05019433,0.05284662,-0.004107559,-0.2036668,0.1927077,0.1505871,0.02267647,0.005745318,0.0947222,0.01334505,0.0001780905,-0.2111264,0.2074194,0.1714059,0.02937997,0.1576014,0.05284662,0.1705505,0.2394385,0.0,0.0183509800000002,1.44819495316234,0.0029708557454243994,0.054505557014165075,0.13735801451701832,0.8626419854829817,1.4466587248123628,0.0015362283499771312,0.008668673763849008,0.013021747951801147,80.9853286827137,1.445868448212591,0.002326504949748953
930000,46.3775,0.0082987750957229,-0.0185509800000002,0.0084002038337458,0.0236303532697164,-1.46431130075178,0.0193316610295677,3.97250456471616e-05,-1.44796377906359,0.0004765701975438,0.0056248331113292,-1.44250770486647,0.0060048932247031,-18.3885721260409,-8.11283448989815,-13.8571766190628,-0.05041549,0.04705973,-0.004387433,-0.2051424,0.1980772,0.1518242,0.0230506,-0.01204093,0.08808966,0.01436058,0.0002062264,-0.2062794,0.2116206,0.1720052,0.02958579,0.158816,0.04709822,0.1712121,0.2395532,0.0,0.0185509800000002,1.46431130075178,0.0024208445876729,0.04920207909908788,0.1119281562321422,0.8880718437678579,1.4613282947285549,0.00298300602322521,0.008386501805547302,0.07645485520146773,76.25158387422483,1.4092500006283162,0.055061300123463885
940000,46.8775,0.0083824943811229,-0.0187509800000002,0.0085238492053532,0.0237428722126411,-1.47894583493301,0.0189310272611224,0.0001522439885718,-1.46259831324483,7.59364290986017e-05,0.0056644896069201,-1.45706055849093,0.0056141613461471,-18.3851695415559,-8.34370119609037,-13.8573271912159,-0.05006917,0.04654628,-0.004580193,-0.2058971,0.1980162,0.152205,0.02316636,-0.007717297,0.09196231,0.01429001,0.0002042043,-0.210281,0.2146857,0.1725439,0.0297714,0.1591049,0.04656405,0.1717256,0.2399946,0.0,0.0187509800000002,1.47894583493301,0.0023707604818384003,0.04869045575714403,0.1096125091843572,0.8903874908156428,1.4783353122433294,0.0006105226896806482,0.01506023444987221,0.03611694639019876,78.82631070045811,1.4481630424224003,0.03078279251060967
950000,47.3775,0.0084894754873419,-0.0189509800000002,0.0086088715266765,0.0239226528358986,-1.49543048979258,0.0186071660538202,0.0003320246118293,-1.4790829681044,-0.0002479247782036,0.0058754183487595,-1.47356910859903,0.00528705814535,-18.4160718166518,-8.64866010301167,-13.858093064595,-0.05052897,0.04278503,-0.004665387,-0.2040031,0.198721,0.1520882,0.02313083,-0.02550993,0.09125347,0.01603428,0.0002570982,-0.2153624,0.2076212,0.1728719,0.02988471,0.1591527,0.04293137,0.1720309,0.2396764,0.0,0.0189509800000002,1.49543048979258,0.0020876569921009004,0.045690885219055455,0.09652317177271288,0.9034768282272871,1.4932185013874308,0.0022119884051492456,0.015483068023216145,0.04843873188805534,80.72079670870514,1.4518703455937563,0.043560144198823814
960000,47.8775,0.0085760028622307,-0.0191509800000002,0.0087267715453393,0.0237579378098607,-1.5001722105073,0.0182443451651288,0.0001673095857914,-1.48382468881911,-0.0006107456668949,0.0057367842403926,-1.47833048649636,0.0049345944846617,-18.4183584250823,-9.04363498438794,-13.8527385257677,-0.05036287,0.04186709,-0.004445655,-0.2041257,0.1993901,0.1526649,0.02330657,-0.01395411,0.08561081,0.01500551,0.0002251654,-0.2125231,0.2136217,0.1735222,0.03010994,0.159617,0.0419253,0.1726728,0.2402155,0.0,0.0191509800000002,1.5001722105073,0.0019780186250681004,0.04447492130479941,0.09145402345283639,0.9085459765471636,1.5056722601333528,-0.005500049626052661,0.015978630204752042,0.04571757214340055,70.9442687326848,1.4817856305553443,0.018386579951955806
970000,48.3775,0.0086894584647105,-0.0193509800000002,0.0087853947756786,0.0239761354394468,-1.53991991391641,0.0180602208962125,0.0003855072153776,-1.52357239222822,-0.0007948699358113,0.0059280973611724,-1.51812225615464,0.00479842167337,-18.4327446235172,-9.08073181391209,-13.8656732762384,-0.05059903,0.03694347,-0.004461877,-0.2032043,0.2010034,0.1530922,0.02343723,-0.01676307,0.08234159,0.01517019,0.0002301346,-0.2105664,0.2107192,0.1736286,0.03014687,0.1601425,0.03721255,0.1728306,0.2398527,0.0,0.0193509800000002,1.53991991391641,0.0015949545756409,0.039936882397614615,0.07374299276977216,0.9262570072302279,1.51771279752116,0.02220711639524997,0.016412465432350646,0.15194529948074698,67.1376190870205,1.470390390418621,0.06952952349778885
980000,48.8775,0.0087691164270168,-0.0195509800000002,0.0089610143161482,0.0231864466170293,-1.51887023663866,0.0192984541666311,-0.0004041816070398,-1.50252271495048,0.0004433633346072,0.0051359753942724,-1.49702412393605,0.005986449220081,-18.4647345124025,-9.89425822606896,-13.8659506774658,-0.05122919,0.03079249,-0.004477707,-0.2042843,0.202055,0.1530964,0.02343851,-0.02813947,0.07648851,0.01525073,0.0002325847,-0.2116945,0.2119941,0.1749318,0.03060114,0.1603146,0.03121134,0.1740939,0.2400216,0.0,0.0195509800000002,1.51887023663866,0.0011807621404000999,0.034362219666373414,0.0545927359388005,0.9454072640611995,1.5276004886507282,-0.00873025201206823,0.01692863373678467,0.12233569808122528,65.63922134245738,1.4542921174425456,0.06457811919611434
990000,49.3775,0.0088623680679957,-0.0197509800000002,0.0090064127424943,0.0239321690662032,-1.57811716626791,0.0188310139231491,0.000341540842134,-1.56176964457972,-2.40769088746742e-05,0.0059160219352914,-1.55625599861118,0.0054830483398035,-18.4476593160772,-9.6493458592723,-13.8666610583793,-0.05081952,0.03154494,-0.004456772,-0.2036607,0.2034636,0.153838,0.02366614,-0.0218712,0.07741804,0.01671503,0.0002793922,-0.2113449,0.2119598,0.1743545,0.03039949,0.1608509,0.03201887,0.1735669,0.2401965,0.0,0.0197509800000002,1.57811716626791,0.0012744754396036002,0.03569979607229711,0.05892558607205166,0.9410744139279483,1.5360230572721656,0.042094108995744506,0.01741246293380382,0.20478245331324738,63.42853929526674,1.5149307932658638,0.06318637300204633
1000000,49.8775,0.0089430944996054,-0.0199509800000002,0.0091676156157223,0.0243543976590378,-1.55695955558759,0.0189511775366125,0.0007637694349686,-1.5406120338994,9.60867045887196e-05,0.0063288850981863,-1.53517092852526,0.0056575343500085,-18.4625500967391,-10.6817059263904,-13.8755292112681,-0.05121199,0.02084868,-0.004791797,-0.2066945,0.2109231,0.1538186,0.02366016,-0.03313731,0.07128864,0.01623204,0.0002634792,-0.2133561,0.2132651,0.1750925,0.0306574,0.1610017,0.02255595,0.1742878,0.2396273,0.0,0.0199509800000002,1.55695955558759,0.0006981466577424,0.02642246502017554,0.03227892801489399,0.967721071985106,1.543115213695309,0.013844341892280898,0.017904863697046015,0.03485882409061345,61.52906579500843,1.474336146877619,0.08262340870997087
