TimeStep,e,s_raw,s_sm,s_trend,E_tan,delta_sigma_serr,S_rms,A_sigma,A_sigma_norm,e_pol,P_obs,P_sm,R_P,A_P,A_P_norm
0,0.0,0.0,0.005911592849044592,0.015126976940257511,56.585931572388496,-0.015126976940257511,0.0067785959785763,0.0,0.0,0.0,0.0255,0.02467818181818179,-1.2658847704139953,0.0,0.0
5000,5.09800000000291e-05,0.0188375110890416,0.014868394597907626,0.020076413420117976,56.16821375760944,-0.0012389023310763747,0.006492472943074009,3.3827954681305944e-07,0.0018764218746447393,,,,,,
10000,0.00015098,0.0308181417174793,0.023224815272967787,0.02507434939086226,55.86360959759083,0.00574379232661704,0.0062591542509446195,9.758609065138052e-07,0.005413057835876401,0.00015098,0.0221,0.023474545454545432,-1.2868717745819922,0.0001927075915817471,0.0015032616413895377
15000,0.0002509799999999,0.0290839516861287,0.030980854874225073,0.03012078485249036,55.734070397719094,-0.0010368331663616615,0.00605388918362638,1.5915130782417397e-06,0.008828053548996581,,,,,,
20000,0.0003509799999999,0.0381345313921523,0.038136513401679464,0.03521571980500228,55.365286644942074,0.0029188115871500234,0.0058973270889778676,2.189073891871952e-06,0.012142697288737311,0.0003509799999999,0.0223,0.022534329004328984,-1.3725947551780315,0.0004586542445576165,0.00357784209145431
25000,0.00045098,0.0403682632583816,0.04396759734145185,0.040359154248398026,55.36524257745657,9.109009983576666e-06,0.0059353146179833465,2.780705977220604e-06,0.015424454631587802,,,,,,
30000,0.00055098,0.0508714507559192,0.047430999126716875,0.04555108818267759,55.28979441696496,0.005320362573241609,0.005929945687482054,3.373968992493874e-06,0.018715258671512938,0.00055098,0.0224,0.021857532467532453,-1.4424330621487191,0.0007401570262904323,0.00577377184310544
35000,0.0006509799999999,0.0519636709565361,0.05408609765845489,0.05079152160784097,55.21138090807891,0.0011721493486951257,0.005814682663511641,3.9612004100429715e-06,0.021972605702241625,,,,,,
40000,0.0007509799999999,0.0651396675453906,0.0588426702868321,0.05608045452388818,55.1970935421748,0.009059213021502428,0.005718269393459762,4.537848012891541e-06,0.025171244774985987,0.0007509799999999,0.0221,0.021444155844155814,-1.4678113883456636,0.001031181471339725,0.008043977605931844
45000,0.00085098,0.054295926773296,0.06402366636325565,0.061417886930819204,55.43646354803664,-0.007121960157523206,0.005657207012168774,5.106621833173537e-06,0.028326208319655106,,,,,,
50000,0.00095098,0.0751719202315348,0.06894741813544182,0.06680381882863404,55.6562505368649,0.008368101402900757,0.005654227704920722,5.672193569028012e-06,0.031463410041828996,0.00095098,0.0213,0.021658874458874426,-1.4376838523440802,0.0013217309954088447,0.010310478634106512
55000,0.0010509799999999,0.0716190078172193,0.07327439469353297,0.0722382502173327,55.86916397658797,-0.0006192424001133928,0.00459442721730218,6.184626315138644e-06,0.034305852108294316,,,,,,
60000,0.0011509799999999,0.0795852347935555,0.07909461806547866,0.07772118109691518,55.979889938252285,0.0018640536966403193,0.004689886108871362,6.648841981447321e-06,0.0368808361385755,0.0011509799999999,0.0214,0.021712987012986983,-1.3504980723992583,0.0016005491878830391,0.012485466605404064
65000,0.00125098,0.0852001443385453,0.08558933052398997,0.08325261146738148,56.09172975699476,0.0019475328711638096,0.0046897174328625925,7.117822158534488e-06,0.039482248702094845,,,,,,
70000,0.00135098,0.0859028719874776,0.08806096831640985,0.08883254132873161,56.18896203642734,-0.002929669341254007,0.004710648776082727,7.587840468981754e-06,0.04208941974603088,0.00135098,0.0209,0.02162077922077919,-1.2663820067655343,0.0018622371957996494,0.0145268264765112
75000,0.0014509799999999,0.100939423576161,0.09382971207729807,0.09446097068096555,56.306747996524166,0.006478452895195441,0.004692937491107861,8.058019782340813e-06,0.04469748386608817,,,,,,
80000,0.0015509799999999,0.0942945275755308,0.10021837811731601,0.10013789952408332,55.8996958795924,-0.005843371948552514,0.004702048508011403,8.527769082296776e-06,0.04730316272057573,0.0015509799999999,0.0229,0.021823809523809492,-1.1580907785578,0.0021046844743318614,0.01641809443790936
85000,0.00165098,0.102577407738561,0.1057642794786053,0.1058633278580849,55.983494422662126,-0.0032859201195239024,0.004610285456376153,8.993385780516619e-06,0.0498859182136898,,,,,,
90000,0.00175098,0.115198698041794,0.11189972277954183,0.1116372556829703,56.33857189623105,0.003561442358823705,0.004650672122482573,9.456433659459554e-06,0.05245442457844656,0.00175098,0.0219,0.02146233766233763,-1.076630486958895,0.002328156600883643,0.01816134218963343
95000,0.0018509799999999,0.121796309718119,0.11557179043151622,0.11745968299873952,56.908548800936344,0.004336626719379483,0.004228374916459707,9.900386011406225e-06,0.054917008888792314,,,,,,
100000,0.0019509799999999,0.117736301434357,0.12318370549504061,0.12333060980540012,57.62923760534246,-0.005594308371043119,0.003956014700504477,1.0309605492254435e-05,0.05718693147982229,0.0019509799999999,0.0206,0.02118181818181815,-1.001953220516789,0.0025360149716311072,0.019782791106210437
105000,0.00205098,0.127694841696473,0.12809012058518526,0.12855117818813763,58.35772476951497,-0.0008563364916646388,0.003592262476327743,1.0687019351096424e-05,0.05928042967442804,,,,,,
110000,0.00215098,0.130009033262754,0.13342651246276221,0.13449752459359052,59.02240193085941,-0.004488491330836508,0.0036020583686087763,1.1046735393343249e-05,0.06127575885318439,0.00215098,0.0211,0.02051082251082248,-0.8336085343228229,0.00271957114711516,0.021214664938374914
115000,0.0022509799999999,0.146120397143039,0.1394039773114228,0.14037949774525907,59.81357251421971,0.005740899397779942,0.003605420239871138,1.1407109323766885e-05,0.06327473730892975,,,,,,
120000,0.0023509799999999,0.144200652466392,0.1476175062034929,0.14648254447450057,60.503375118273716,-0.002281892008108577,0.0035859897546847543,1.176667982349468e-05,0.0652692591696884,0.0023509799999999,0.0185,0.019815584415584384,-0.7466635745207221,0.0028775983579994355,0.022447393978617912
125000,0.00245098,0.154744894797526,0.15353074691436946,0.15250393081703945,61.27803577105285,0.0022409639804865655,0.003628176778901699,1.2127388150174363e-05,0.06727009250686411,,,,,,
130000,0.00255098,0.157284613686123,0.15958064932343724,0.15862537405816557,61.99867823311339,-0.0013407603720425598,0.0033510921215167784,1.2476351595195287e-05,0.06920577749833806,0.00255098,0.0206,0.0194290043290043,-0.7073508742339848,0.003022999802874979,0.02358163271249415
135000,0.0026509799999999,0.168277511083174,0.16436652535756438,0.16505863455867736,62.633405756808976,0.003218876524496622,0.003103075363484241,1.2799059969445016e-05,0.0709958267587146,,,,,,
140000,0.0027509799999999,0.168120150814309,0.17029009367511222,0.1711579686706775,63.257939108529364,-0.003037817856368502,0.003024164140845284,1.3105421944661491e-05,0.07269520325744583,0.0027509799999999,0.0186,0.01929783549783547,-0.6986900545342093,0.003163603895751728,0.024678448555134822
145000,0.00285098,0.176108854778367,0.17599783655854537,0.17793308302024072,63.84629377240955,-0.0018242282418737266,0.002939524776826011,1.3403606390545355e-05,0.0743492193580542,,,,,,
150000,0.00295098,0.18197158512639,0.18224620051328605,0.18394925342290686,64.29199022853744,-0.0019776682965168546,0.00298353132844393,1.3699759195808852e-05,0.07599196603685629,0.00295098,0.0199,0.019427272727272696,-0.7181312194299219,0.0033052860231482122,0.02578367386378724
155000,0.0030509799999999,0.18727344281372,0.18821139733046255,0.19078988508424718,64.73370997017149,-0.0035164422705271925,0.002799416097459444,1.398890656710373e-05,0.07759585387933814,,,,,,
160000,0.0031509799999999,0.198570275907985,0.19644301455920654,0.19720520016548054,65.17849799192021,0.001365075742504468,0.0029258111073183564,1.4275167927342621e-05,0.0791837331445148,0.0031509799999999,0.019,0.019813419913419884,-0.7445859335469802,0.0034515577384458293,0.02692470135015839
165000,0.00325098,0.20184232348789,0.20411961882081997,0.20383820402121985,65.64006239203611,-0.001995880533329858,0.003101044638961833,1.4576510714656931e-05,0.08085526842712372,,,,,,
170000,0.00335098,0.211415367267445,0.21145916741078385,0.2104888145212257,66.073503370186,0.0009265527462193057,0.0029831328444090807,1.4880719588825477e-05,0.08254270176836075,0.00335098,0.0202,0.019804329004328974,-0.8020773598695723,0.003606224067787562,0.028131213030396576
175000,0.0034509799999999,0.221015538633845,0.21835012255898417,0.21714588864547513,66.38075279478768,0.003869649988369861,0.0030242705705182593,1.5181089759571543e-05,0.08420884198933652,,,,,,
180000,0.0035509799999999,0.224803370462444,0.22427347318185892,0.22363737863494143,66.80783810799596,0.0011659918275025716,0.0029887080595118304,1.548173869107305e-05,0.08587652848405017,0.0035509799999999,0.0207,0.02015757575757573,-0.8970849496823492,0.003776140298742669,0.029456685214173748
185000,0.00365098,0.229339217809631,0.23154457762018527,0.2300668304298638,67.01886179144371,-0.0007276126202327982,0.003035336331297804,1.5782940910613833e-05,0.08754728404335747,,,,,,
190000,0.00375098,0.237309986713393,0.23881140232988585,0.23650773746444576,67.30050746054293,0.0008022492489472566,0.0030765960855926723,1.6088537531458356e-05,0.08924241515480792,0.00375098,0.0197,0.019963203463203433,-0.9575757575757633,0.003961606369468573,0.03090345764079723
195000,0.0038509799999999,0.244881513995235,0.24437679457983857,0.24343795862947532,67.61205067345597,0.0014435553657596856,0.003143870776836878,1.639956087457952e-05,0.09096764805776025,,,,,,
200000,0.0039509799999999,0.255230006484341,0.2526223267901193,0.25030252740654513,68.22215041682371,0.004927479077795893,0.003126996320472983,1.6713104229445015e-05,0.09270685935581795,0.0039509799999999,0.0199,0.01996926406926404,-1.002125147579691,0.004157576459984021,0.032432169185129624
205000,0.00405098,0.260127104753047,0.2590504681750357,0.2571376259644611,68.86684239155764,0.0029894787885859087,0.0033010712692059475,1.7034507608929282e-05,0.0944896698672152,,,,,,
210000,0.00415098,0.260064323384476,0.26568810286806926,0.26405553314040175,69.65337287294334,-0.003991209755925762,0.003223271725449112,1.7360724758662037e-05,0.0962991821519797,0.00415098,0.0196,0.019602597402597375,-0.9922359026255136,0.0043570125650046415,0.0339879182042774
215000,0.0042509799999999,0.277625590140204,0.27213890150630243,0.2711198383783666,70.3914136292055,0.006505751761837375,0.003322276068509437,1.7688002148359636e-05,0.09811457554153209,,,,,,
220000,0.0043509799999999,0.27369109199376,0.2774826728076585,0.27792105699375164,71.1464216292317,-0.00422996499999162,0.0033808388969700344,1.802315789663361e-05,0.09997366984208628,0.0043509799999999,0.019,0.019173160173160144,-0.9319531118232333,0.00454943146644942,0.035488927849232396
225000,0.00445098,0.288019211147266,0.2852805329464916,0.28479480726760187,71.58474345625815,0.003224403879664106,0.0038671991139054424,1.8385559797177747e-05,0.10198389735953545,,,,,,
230000,0.00455098,0.291119624431202,0.29220942889724316,0.2918485624044816,72.06337880175677,-0.0007289379732796086,0.004070453129920109,1.878244240936902e-05,0.10418538787883486,0.00455098,0.0195,0.019043722943722915,-0.8513521110923629,0.004727761988741069,0.03688003772430069
235000,0.0046509799999999,0.296319302846224,0.2986708951404446,0.29909353152037,72.53384955846597,-0.0027742286741460065,0.004069915419649306,1.9189460836847085e-05,0.1064431013229332,,,,,,
240000,0.0047509799999999,0.310509038743623,0.306262804278956,0.30655216124924717,73.27096383288347,0.003956877494375843,0.004089908109557721,1.959745201330744e-05,0.10870621056315966,0.0047509799999999,0.0185,0.01896709956709954,-0.7740147298588912,0.004890298672836114,0.03814794398846612
245000,0.00485098,0.309634177640337,0.3126199258348187,0.31387875265644066,74.16448527114336,-0.004244575016103647,0.00412715023026635,2.0008304930299055e-05,0.11098519375315045,,,,,,
250000,0.00495098,0.322573837068458,0.3199980335243864,0.3215223420654715,75.25780515829135,0.0010514950029865133,0.004158247655727927,2.0422574824598767e-05,0.11328313076706138,0.00495098,0.0182,0.018699999999999974,-0.7167847304210888,0.005039378618864185,0.03931087775005255
255000,0.0050509799999999,0.32399350850325,0.3274883603544477,0.32922891184489245,76.45256829844224,-0.005235403341642464,0.004138651996793206,2.083741980722441e-05,0.11558425777080408,,,,,,
260000,0.0051509799999999,0.335691599306386,0.33230294230354845,0.3369977222591388,77.60739478535939,-0.0013061229527528417,0.004119591153889657,2.1250331964758554e-05,0.1178746634781642,0.0051509799999999,0.0189,0.018081385281385254,-0.6654354303705031,0.005177600634943275,0.0403891116331172
265000,0.00525098,0.340897249888199,0.341392595911474,0.34483072451355273,78.58085846702917,-0.003933474625353706,0.004561144339888027,2.1684368739447872e-05,0.12028224651444323,,,,,,
270000,0.00535098,0.349407152563637,0.34937534502719303,0.35290388817170076,79.46838644986926,-0.003496735608063739,0.0048307136973548435,2.2153961641310015e-05,0.12288705783553375,0.00535098,0.0181,0.017186147186147162,-0.5643306909540634,0.005300577247075794,0.04134842009776808
275000,0.0054509799999999,0.352332681723792,0.35954847336021634,0.36098639792652026,80.19474688726706,-0.008653716202728257,0.004829484407645295,2.2636971546559537e-05,0.12556629268853875,,,,,,
280000,0.0055509799999999,0.376287164439459,0.36794167263765254,0.3692975475218816,80.90733029862402,0.006989616917577379,0.005038138213816861,2.3130352677632646e-05,0.12830305627831073,0.0055509799999999,0.0159,0.016257142857142835,-0.4686456400742103,0.005403874880178569,0.042154217981573094
285000,0.00565098,0.376430399921561,0.37812756842619255,0.37755628472316416,81.46071548106501,-0.0011258848016031386,0.005062053220266319,2.363536224933731e-05,0.13110432232049116,,,,,,
290000,0.00575098,0.387751882505623,0.38679073180791523,0.3857630905664837,81.89122200918979,0.001988791939139256,0.005144660943465692,2.4145697957523913e-05,0.13393513220916245,0.00575098,0.0151,0.016029004329004306,-0.35290099510878437,0.00548602954369691,0.042795085076194
295000,0.0058509799999999,0.391407019192445,0.3955810644627783,0.3940659735183464,82.22734497279971,-0.0026589543259013526,0.005242627617068643,2.4665062385550107e-05,0.1368160240125302,,,,,,
300000,0.0059509799999999,0.405312441946444,0.39927632537937663,0.40257481569350567,82.37729769359161,0.00273762625293833,0.0051826829353956395,2.5186327913173322e-05,0.13970746113234803,0.0059509799999999,0.0155,0.01609264069264067,-0.2589869005453563,0.005547218333262294,0.043272402858444824
305000,0.00605098,0.40633877310372,0.4081631532544618,0.4109066831871369,82.51433471168765,-0.004567910083416893,0.005200866114433457,2.5705505365665296e-05,0.14258731579059206,,,,,,
310000,0.00615098,0.417055117388502,0.41672641896421714,0.4194281729809736,82.4660093236267,-0.00237305559247164,0.005078101589782322,2.6219453750876087e-05,0.1454381650409631,0.00615098,0.0163,0.01670259740259738,-0.13575926238263947,0.005586692949555113,0.04358033404057676
315000,0.0062509799999999,0.417860244725797,0.42758886818858,0.4276797604985639,82.36918572049888,-0.009819515772766851,0.005251170464905527,2.673591735360996e-05,0.14830296609310362,,,,,,
320000,0.0063509799999999,0.445923203042963,0.43739614566034657,0.436151217274781,82.20425711662243,0.009771985768182001,0.005200939335568032,2.7258522843633638e-05,0.15120183592584518,0.0063509799999999,0.0196,0.017768831168831142,0.06092651936807158,0.0056063615277301745,0.043733763487069005
325000,0.00645098,0.448761119407839,0.4484223966419785,0.44456073548769814,81.88683505962746,0.004200383920140882,0.005154889554590826,2.7776314288142098e-05,0.15407400245832698,,,,,,
330000,0.00655098,0.460330984302572,0.45854678821562467,0.45300745798298525,81.56319836823506,0.007323526319586771,0.004796960602767381,2.8273906796010004e-05,0.15683412637128305,0.00655098,0.0182,0.018572294372294344,0.35881823803902607,0.005648336003470905,0.04406119542050018
335000,0.0066509799999999,0.463329122045461,0.46758137259486077,0.46096188323665593,81.15429463370937,0.002367238808805072,0.0045481817409342195,2.874116391319462e-05,0.15942598119676316,,,,,,
340000,0.0067509799999999,0.473826676779812,0.473047522774764,0.46878658089549385,80.44045304012182,0.005040095884318141,0.004543019967611684,2.9195723998621916e-05,0.161947406141522,0.0067509799999999,0.0185,0.018822943722943696,0.8199387192893429,0.005766211699203684,0.0449807129672286
345000,0.00685098,0.482603558318169,0.4799756358740801,0.4765186055842426,79.7630696927166,0.0060849527339263965,0.004537823963635113,2.9649766195184705e-05,0.16446595837936387,,,,,,
350000,0.00695098,0.486032101193605,0.48745219629241776,0.48382017065746064,78.99466549207277,0.0022119305361443797,0.004789373218178249,3.0116126054275373e-05,0.16705283615337707,0.00695098,0.019,0.018596969696969674,1.4319474897396958,0.0059914003201067,0.046737350643525404
355000,0.0070509799999999,0.49357935148107,0.4946342085517442,0.4913275596831574,78.50147828272475,0.002251791797912628,0.004755456399400376,3.059336753515383e-05,0.16970007380828342,,,,,,
360000,0.0071509799999999,0.499938122455605,0.5012795724738645,0.498984338474129,78.28117118982071,0.0009537839814759974,0.004795464514599768,3.1070913580853836e-05,0.1723490008709556,0.0071509799999999,0.0183,0.01829393939393937,2.1169224714679156,0.006346287316227283,0.049505731504482425
365000,0.00725098,0.512896500905161,0.5083164420032085,0.5066317469139829,78.60042148960146,0.006264753991178096,0.004988948014474187,3.156013420730802e-05,0.17506268632328162,,,,,,
370000,0.00735098,0.512635665579471,0.5160503377981145,0.5147444035348174,79.36977165475125,-0.0021087379553463848,0.004545378123326202,3.203685051419805e-05,0.1777070108610067,0.00735098,0.0178,0.018522077922077898,2.7891072131331818,0.006836890284687639,0.05333279725516118
375000,0.0074509799999999,0.524196913274883,0.5235330628148471,0.5227094311015825,80.52374364941281,0.001487482173300525,0.005082787960529618,3.2518258818390354e-05,0.18037736170288385,,,,,,
380000,0.0075509799999999,0.530635871730998,0.5314051650493533,0.5303466608887213,81.46921385741778,0.00028921084227673255,0.0056148572443809565,3.3053141078635885e-05,0.18334433024396085,0.0075509799999999,0.0182,0.018319480519480492,3.3610895597908494,0.007451909961979734,0.058130405289096826
385000,0.00765098,0.538606248871541,0.5373579930602782,0.5387862301479269,82.40344810094467,-0.0001799812763859654,0.0054574816229504206,3.3606758022003006e-05,0.18641521925423288,,,,,,
390000,0.00775098,0.546534793175949,0.5460071628559591,0.547065976209425,83.22290304900206,-0.0005311830334759904,0.005485948597850825,3.415392953304307e-05,0.189450355732837,0.00775098,0.0192,0.018091341991341964,3.802628324056892,0.008168281750364867,0.0637186346972578
395000,0.0078509799999999,0.553438336513535,0.5532722082768605,0.5551600877303083,84.08555959673825,-0.001721751216773315,0.005603593069144991,3.4708406616392304e-05,0.1925260159020304,,,,,,
400000,0.0079509799999999,0.556282338351924,0.5604373471255732,0.5637884210564065,84.91310404839933,-0.007506082704482497,0.006228440494371733,3.5300008294568134e-05,0.19580760457762103,0.0079509799999999,0.0183,0.017762337662337632,4.176907291842343,0.008966235311954387,0.06994326223217691
405000,0.00805098,0.573194689011956,0.568985778387399,0.5723602657882438,86.07253327637694,0.0008344232237121885,0.007236509983727771,3.597325581847378e-05,0.19954207919427613,,,,,,
410000,0.00815098,0.575059496977581,0.5761855309797081,0.5804344577921471,87.3368201082918,-0.005374960814566121,0.007520992345554752,3.6711130934937915e-05,0.2036350402447841,0.00815098,0.0174,0.01798701298701296,4.559020633046612,0.009839828104443725,0.07675793167184199
415000,0.0082509799999999,0.582425876450128,0.5825881490058844,0.589162861148946,88.72400158387187,-0.006736984698818005,0.008249371073699444,3.749964910589983e-05,0.20800891610717978,,,,,,
420000,0.0083509799999999,0.594813710441548,0.5901809752744478,0.5975725054433981,90.0407922076086,-0.0027587950018501672,0.008139682326275145,3.831910177589857e-05,0.21255438428492748,0.0083509799999999,0.0185,0.019323376623376593,5.103347950750514,0.010806064962822954,0.08429529329717304
425000,0.00845098,0.592480146758797,0.5967470567350117,0.6067683027061225,91.31691871662164,-0.014288155947325465,0.008257467804520248,3.913895928243916e-05,0.21710209807329497,,,,,,
430000,0.00855098,0.604358914875247,0.6069374215497432,0.6160709976089498,92.6080283557266,-0.011712082733702833,0.008587131695933189,3.998118925746182e-05,0.22177391096740223,0.00855098,0.0197,0.021326406926406895,5.895269016697577,0.01190592665956831,0.09287502742170824
435000,0.0086509799999999,0.621262312585073,0.6189888901249687,0.6253904110995261,93.8675074718411,-0.00412809851445306,0.00867476178875902,4.0844283931695576e-05,0.22656145943694236,,,,,,
440000,0.0087509799999999,0.630710279055426,0.6337810980087408,0.6341953720240181,94.92608030090729,-0.0034850929685921184,0.008683904058718274,4.171221722406944e-05,0.23137584751001952,0.0087509799999999,0.025,0.02419783549783546,7.060547028728807,0.0132015082641103,0.10298152148046308
445000,0.00885098,0.650028956555804,0.6490256101478423,0.6427626194375857,95.9036969163471,0.007266337118218225,0.00896149125356097,4.259448698968428e-05,0.23626975937413897,,,,,,
450000,0.00895098,0.665251343816833,0.6634906614532385,0.6513846866988152,96.71806648154961,0.013866657118017822,0.009226486543328338,4.350388587952876e-05,0.2413141553057228,0.00895098,0.0289,0.02712121212121208,8.648931804126557,0.014772456147396631,0.11523607603216923
455000,0.0090509799999999,0.677600079968654,0.6739624600688523,0.6605725035849571,97.61614645991258,0.017027576383696896,0.00915255033406203,4.442283772339735e-05,0.24641154105613308,,,,,,
460000,0.0091509799999999,0.679192223893383,0.6826098180353308,0.6695364588918682,99.1235979749342,0.009655765001514771,0.009151821486363888,4.5338056314418656e-05,0.25148821861601806,0.0091509799999999,0.0291,0.02935411255411251,10.553882048687097,0.016692737532677037,0.1302156900861483
465000,0.00925098,0.694856490388765,0.6898744279119082,0.6792958848052109,101.00489932726757,0.015560605583554099,0.009896141221034133,4.629045444978951e-05,0.25677112948490466,,,,,,
470000,0.00935098,0.690275147908221,0.6972119491171367,0.6890522198429592,103.63928045676543,0.001222928065261808,0.010787232825012467,4.7324623152091834e-05,0.26250761811791506,0.00935098,0.031,0.03090303030303026,12.581151964918034,0.0190062409340387,0.14826272648956845
475000,0.0094509799999999,0.704326140125708,0.7041452052206842,0.6976175601467124,106.7311002714221,0.006708579978995655,0.012096159000536599,4.8468792743368146e-05,0.2688542768786963,,,,,,
480000,0.0095509799999999,0.718272224452518,0.7156543031127579,0.7073714545783881,109.89464342159471,0.010900769874129912,0.013914788202722678,4.97693401035311e-05,0.2760683562950018,0.0095509799999999,0.0314,0.03162683982683978,14.499969078540207,0.02171435303838317,0.16938800242513954
485000,0.00965098,0.723839172111994,0.7244040582506754,0.7181956332569877,113.497111629947,0.005643538855006347,0.015435185871978185,5.123683880726761e-05,0.28420850752390747,,,,,,
490000,0.00975098,0.732243824893976,0.7345228443571055,0.7304094195256446,117.62554541951063,0.0018344053683313488,0.016174867249352912,5.2817341463334156e-05,0.2929754867418863,0.00975098,0.032,0.03208398268398264,16.083142182492622,0.02477266416448797,0.19324508955685196
495000,0.0098509799999999,0.753280562387108,0.7453245868655163,0.7431246278198612,122.35949347432219,0.010155934567246838,0.016262239448296082,5.443919679821499e-05,0.30197184746351585,,,,,,
500000,0.0099509799999999,0.746284098136858,0.7554140904688698,0.756490896098531,127.52691787555564,-0.010206797961673009,0.016185134632538564,5.6061565502256714e-05,0.3109710558214638,0.0099509799999999,0.0336,0.03288181818181814,17.14427390791001,0.028095405773526573,0.2191649298917243
505000,0.01005098,0.764930709898995,0.7660493774131627,0.7702037426995998,132.58876914027596,-0.00527303280060476,0.016122863097229493,5.7676965388746735e-05,0.3199316084527572,,,,,,
510000,0.01015098,0.784932793355397,0.7764387517644795,0.7855778507417263,137.5189434656215,-0.0006450573863292508,0.015704163638480415,5.926831672553225e-05,0.3287587648289588,0.01015098,0.0352,0.03461774891774887,17.57972676673956,0.031567805840993286,0.24625221681247256
515000,0.01025098,0.782387055412831,0.7848156825158901,0.8004597826357513,141.9887307370142,-0.018072727222920304,0.015701381615263073,6.083859398821942e-05,0.33746902423637065,,,,,,
520000,0.01035098,0.794612103751679,0.7948736196220871,0.8154071359198194,145.58615655317894,-0.02079503216814038,0.01541096170922392,6.239421115444376e-05,0.3460979647288602,0.01035098,0.0365,0.03829740259740254,17.500500365435304,0.03507582855421075,0.27361738669819574
525000,0.01045098,0.805981682050788,0.8030289247181894,0.8312129529524329,148.69963102142987,-0.025231270901644898,0.019016833808409187,6.411560093032543e-05,0.35564643864838796,,,,,,
530000,0.01055098,0.812206926201048,0.815563269325901,0.8468124320020446,151.57076120588283,-0.03460550580099664,0.021430736920703356,6.613797946678104e-05,0.366864484079655,0.01055098,0.0419,0.043096969696969634,17.050174284589875,0.03853089601921328,0.3005694665094783
535000,0.01065098,0.829971612791012,0.8367099834492999,0.8627476582763154,154.02077414194827,-0.03277604548530344,0.022774667402057386,6.83482496829191e-05,0.3791247564535244,,,,,,
540000,0.01075098,0.856349301484263,0.8568949387745635,0.8788892641641388,155.81109585358413,-0.02253996267987579,0.023040135024195017,7.063898980423171e-05,0.39183139187754756,0.01075098,0.0511,0.05049567099567093,16.291308258840687,0.04186504427355634,0.3265782871081918
545000,0.01085098,0.886564653731806,0.881422539689196,0.8950299949021201,156.84324430058763,-0.008465341170314056,0.023395201562216483,7.296075663355227e-05,0.40471013109605913,,,,,,
550000,0.01095098,0.911228639276141,0.9035971692903991,0.911739354763391,157.14786694449404,-0.000510715487250013,0.023503376661269938,7.530568554472662e-05,0.41771734937120353,0.01095098,0.0596,0.05992813852813844,15.360704447068105,0.04503024554414723,0.3512691963676659
555000,0.01105098,0.916728790815674,0.9204951777332052,0.9289776658080717,156.82654468699093,-0.012248874992397685,0.023585864825118753,7.766014761904604e-05,0.43077744768603266,,,,,,
560000,0.01115098,0.948567419896896,0.9426376007230114,0.9453904368503383,155.86660943294103,0.0031769830465576687,0.02374772360101082,8.00268270403525e-05,0.44390531509110853,0.01115098,0.0665,0.06916233766233756,14.209560353066781,0.0479872720241607,0.37433618840202854
565000,0.01125098,0.952117045999962,0.9685639503896177,0.9616773288246199,153.94062972424473,-0.009560282824657818,0.02374760665834461,8.24015935533203e-05,0.45707804124049384,,,,,,
570000,0.01135098,0.985430358261456,0.9979042216411402,0.9781926842011746,151.47183481351502,0.007237674060281418,0.023461558918623768,8.476205183216871e-05,0.4701714002400112,0.01135098,0.0797,0.07643593073593062,12.820649912857627,0.05069029305075315,0.395421750168401
575000,0.01145098,1.04503321211742,1.0246597540578652,0.9939599086584104,148.55164524325062,0.05107330345900951,0.02304873125276747,8.708756634073826e-05,0.48307092767166837,,,,,,
580000,0.01155098,1.05536204236339,1.044875709895094,1.0095868099821428,145.17462289039963,0.045775232381247255,0.022424440296848244,8.936122491821907e-05,0.49568281251794993,0.01155098,0.0834,0.08032900432900421,11.139812784617908,0.053086339320500706,0.41411268195132483
585000,0.01165098,1.06169729159633,1.0617041722390856,1.0247322326844681,141.33847399757659,0.03696505891186197,0.021264296896693034,9.154566177789612e-05,0.5077997883915857,,,,,,
590000,0.01175098,1.05647822065624,1.071555323179464,1.039529509476837,137.0005863915907,0.016948711179402887,0.020089846317465937,9.361336893860406e-05,0.5192692697222322,0.01175098,0.0812,0.08156363636363625,9.178340923146024,0.05511815469127709,0.4299623435251302
595000,0.01185098,1.07244949943678,1.0715250209139398,1.053751762639752,132.15317582987527,0.01869773679702802,0.019508774276192384,9.5593299968287e-05,0.5302518606869707,,,,,,
600000,0.0119509799999999,1.0819985290612,1.0764458072070942,1.0675181481209475,126.804800419737,0.014480380940252502,0.01954472324599465,9.754597484439438e-05,0.5410832629580099,0.0119509799999999,0.0796,0.08009956709956699,6.892300556586336,0.05672521883924952,0.44249863163433273
605000,0.01205098,1.09320108700696,1.0855043401264848,1.0795721057155145,120.52584894540597,0.013628981291445408,0.020034726965305984,9.952494735496138e-05,0.5520605370590677,,,,,,
610000,0.01215098,1.07834128713616,1.095506195008023,1.0920778574949552,113.80176455836977,-0.013736570358795275,0.01989303175522569,0.00010152133529098799,0.5631344137646769,0.01215098,0.0753,0.07702683982683972,4.3510204081632216,0.05784955093572504,0.45126925296243836
615000,0.01225098,1.10462719259274,1.103478367262487,1.1040799630339209,107.52769089529694,0.00054722955881914,0.019883966090651236,0.00010351018518328183,0.5741664772708615,,,,,,
620000,0.0123509799999999,1.12133162431681,1.1112522220340506,1.114771297189394,101.57532878708196,0.006560327127416166,0.019774761683067424,0.00010549312157196578,0.5851657388307446,0.0123509799999999,0.0746,0.07478008658008647,1.6196688592792965,0.05844661986246899,0.4559268318749902
625000,0.01245098,1.11930463495718,1.119488959078768,1.124709996901504,96.22238381497183,-0.00540536194432395,0.019712365229994405,0.00010746747791762085,0.5961174072666082,,,,,,
630000,0.01255098,1.12720586771621,1.1298963308624073,1.1335665867690399,91.33722266925702,-0.006360719052829866,0.0162825457541046,0.00010926722346682578,0.6061005172392278,0.01255098,0.0724,0.07327445887445877,-1.0764322257828878,0.058716229970975344,0.45802998998579325
635000,0.01265098,1.13080876033857,1.1354449666107023,1.1423479036907673,86.65896995697858,-0.011539143352197412,0.012873050896339989,0.000110725003299348,0.6141867583138981,,,,,,
640000,0.0127509799999999,1.14200614401505,1.1381260037133554,1.149377223391721,82.6992993880322,-0.00737107937667103,0.01007817971691818,0.00011187256483000977,0.6205522320143358,0.0127509799999999,0.0733,0.07171471861471851,-3.6925282509699136,0.059193126018650385,0.461750131623784
645000,0.01285098,1.15084246944537,1.1459395502237468,1.1558271700693534,79.28845851115068,-0.0049847006239833735,0.009474341106972938,0.0001128501908712053,0.6259750809752143,,,,,,
650000,0.01295098,1.15270468169653,1.1543824135682013,1.1627617485748436,76.80859223432408,-0.010057066878313536,0.008554701816669577,0.00011375164301738743,0.6309753966667107,0.01295098,0.0708,0.07095021645021635,-6.016646989374317,0.0601640435426853,0.46932400590063333
655000,0.01305098,1.14964059608713,1.16333782949937,1.1698281284860503,75.67677114671882,-0.020187532398920238,0.008638335575958039,0.0001146112948870188,0.635743848049457,,,,,,
660000,0.01315098,1.18162869516664,1.1715975472332947,1.1760406791304585,75.41181849067536,0.00558801603618142,0.008232232928630682,0.00011545482331224823,0.6404228633901623,0.01315098,0.0687,0.06901341991341982,-7.848510147860781,0.0615505592564088,0.48013985321892755
665000,0.01325098,1.18370788718465,1.1792566791889425,1.1821202732665712,75.77668824834034,0.001587613918078823,0.007673836094884957,0.00011625012676342402,0.6448343769056141,,,,,,
670000,0.01335098,1.18699965695076,1.188751702014411,1.1876704343909412,76.27112938296042,-0.0006707774401812916,0.0076729921308693015,0.00011701746817471173,0.6490907862068146,0.01335098,0.0667,0.06708484848484839,-9.165227413279403,0.06325193301252283,0.4934118259743346
675000,0.01345098,1.19325333620853,1.1966696849070377,1.1940551690546195,76.35288921327974,-0.0008018328460894786,0.007543607522763929,0.0001177782981573934,0.6533110768978696,,,,,,
680000,0.01355098,1.19816948393806,1.1993715728955001,1.202157634507715,76.50312260874479,-0.003988150569654847,0.007591389852942467,0.00011853504802617873,0.6575087353753064,0.01355098,0.0665,0.06465844155844147,-9.946632371956987,0.06516311899104647,0.5083204891333435
685000,0.01365098,1.21208634693572,1.2050649177024448,1.2092847571000305,76.45711324100417,0.0028015898356894553,0.008835328562079801,0.00011935638394692983,0.6620646498627423,,,,,,
690000,0.01375098,1.21222621570349,1.2159153764987463,1.2166256688421189,76.17465071010561,-0.004399453138628884,0.00856814121050179,0.0001202265574355589,0.6668914642066253,0.01375098,0.0607,0.06291601731601723,-10.506915162759304,0.06720847374451809,0.5242757678989096
695000,0.01385098,1.21799402837238,1.2249840813955266,1.2242646665969243,75.97077405975455,-0.006270638224544323,0.009153035660003082,0.00012111261627908416,0.6718063939204575,,,,,,
700000,0.0139509799999999,1.23356868362328,1.2332709465780767,1.23237670195025,76.05708240318182,0.0011919816730299182,0.009132402448657439,0.00012202688818451626,0.6768778202567177,0.0139509799999999,0.0612,0.06054372294372286,-10.975434305953673,0.06935670869138831,0.5410335882100653
705000,0.01405098,1.25586688649526,1.2408085947258454,1.2403789002626922,76.33262889350898,0.015487986232567863,0.008882684914154889,0.00012292764255265778,0.6818742654038924,,,,,,
710000,0.01415098,1.24131970851009,1.248685700181988,1.2477907438119809,76.7415219701067,-0.0064710353018908595,0.007717124528077776,0.00012375763302476943,0.6864781863098101,0.01415098,0.0586,0.05858138528138519,-11.370399730139882,0.0715912920949988,0.5584649903025374
715000,0.01425098,1.25275972252153,1.2588270419259506,1.254234000324598,76.91741478240137,-0.0014742778030680803,0.007885366302690256,0.00012453775756630784,0.6908055030763152,,,,,,
720000,0.0143509799999999,1.26276333005342,1.2613255492705187,1.26259760557204,76.78296747046872,0.00016572448137996965,0.007943940259037925,0.00012532922289439346,0.6951957266905836,0.0143509799999999,0.0574,0.05631471861471853,-11.933227075954207,0.07392165477560704,0.5766435415445004
725000,0.01445098,1.26994146364575,1.2649388132486243,1.2712427025086024,76.8295818990708,-0.001301238862852383,0.008093455658826755,0.0001261310926902875,0.6996436634334573,,,,,,
730000,0.01455098,1.28517132565877,1.2764895652396202,1.2785076305856031,76.69347085094351,0.0066636950731668865,0.00836393302479061,0.00012695396212446835,0.7042080842529247,0.01455098,0.0528,0.0549796536796536,-12.753512396694097,0.0763903287228731,0.5959010228900058
735000,0.01465098,1.2635843912349,1.2860467578272652,1.2852539365873177,76.41622545474989,-0.021669545352417607,0.009533141140332994,0.00012784881583272452,0.7091717986973772,,,,,,
740000,0.0147509799999999,1.29824878616255,1.2945875317624078,1.2922904220943114,76.16892119624768,0.005958364068238575,0.01038762254020156,0.00012884485401675025,0.7146967790105385,0.0147509799999999,0.0538,0.05260043290043283,-13.665355034575605,0.07903221546599876,0.6165096920619809
745000,0.01485098,1.31582507850677,1.3017474414932737,1.2993327109092674,76.11102215965501,0.01649236759750261,0.010347309269483514,0.00012988160060723553,0.7204475670767322,,,,,,
750000,0.01495098,1.31135050834176,1.3103029075663155,1.3072366042567305,76.2978960160494,0.0041139040850295405,0.010457577046372783,0.00013092184492302837,0.7262177568724729,0.01495098,0.0495,0.049908658008657944,-14.540129589025637,0.0818527639283603,0.6385120546899717
755000,0.01505098,1.31209041769716,1.3221046909074299,1.314673486994138,76.80344812813054,-0.0025830692969781577,0.01059186578962129,0.00013197431706482807,0.7320557738851259,,,,,,
760000,0.01515098,1.32046846886779,1.3255749676885227,1.32157606898031,77.3824961576102,-0.0011076001125200907,0.01031688733834569,0.00013301975472122641,0.7378547709144297,0.01515098,0.0488,0.04705497835497829,-15.229698094113498,0.0848297466966742,0.6617347205224464
765000,0.01525098,1.33856602311176,1.327001672021429,1.3292735138230247,78.38983792733053,0.009292509288735262,0.01073895014132578,0.00013407254659521,0.7436945614675451,,,,,,
770000,0.01535098,1.34136314512186,1.3352303399760364,1.3366736456500987,79.70514837832249,0.004689499471761227,0.011839753841154816,0.00013520148179433402,0.749956715720292,0.01535098,0.0429,0.04354329004328998,-15.841649800415928,0.08793688148612715,0.6859726683130511
775000,0.01545098,1.33647255233347,1.3471860849643176,1.3436002822161965,80.90598747467878,-0.007127729882726586,0.013271562438190521,0.0001364570476083013,0.7569212844640425,,,,,,
780000,0.01555098,1.34095451134586,1.357257893674004,1.3506561251235065,82.06563777342926,-0.009701613777646445,0.013281704955646772,0.00013778471097799318,0.7642857752011403,0.01555098,0.0393,0.04122424242424237,-16.235245403946518,0.0911445710065634,0.7109950173236946
785000,0.01565098,1.37956265429826,1.3642126229708553,1.3582239843188284,83.5718637617012,0.021338669979431568,0.01346621520438113,0.00013912210698599454,0.7717042524579492,,,,,,
790000,0.01575098,1.38545612680279,1.3700628932768035,1.3663430614189351,85.6809537259407,0.019113065383854932,0.012617078110642695,0.00014042627165174578,0.7789383969103972,0.01575098,0.0375,0.03682597402597397,-16.29651515151494,0.09439774706210954,0.7363721949265548
795000,0.01585098,1.37300535223392,1.3777133587578203,1.3743475283074462,88.72626598789888,-0.0013421760735261579,0.01261709274303162,0.0001416879801944295,0.7859370391021057,,,,,,
800000,0.01595098,1.37303604297624,1.388344953593165,1.38239003589666,91.93909900863004,-0.009353992920420051,0.012681770269836117,0.00014295292334507286,0.7929536235229218,0.01595098,0.0328,0.03253073593073588,-16.148126159554472,0.09764221119321646,0.7616814130799472
805000,0.01605098,1.38326645635767,1.392478531701784,1.3910627111010647,95.26914949611492,-0.007796254743394737,0.012998306359139206,0.0001442369271765216,0.8000759367078496,,,,,,
810000,0.01615098,1.41187653237329,1.3964657413627006,1.4009614451119652,99.12544544567885,0.01091508726132484,0.01331342589578263,0.0001455525137892677,0.8073734382015203,0.01615098,0.0346,0.030370649350649308,-15.930056783043568,0.10085002948747625,0.7867047666215888
815000,0.01625098,1.42562635264088,1.4036922633806563,1.4105101725883882,103.33274858008197,0.015116180052491712,0.013549142430041962,0.00014689564220555896,0.8148237128767984,,,,,,
820000,0.01635098,1.39755690410831,1.4141270033734088,1.4204506288718137,107.73152074652226,-0.02289372476350371,0.013465716669568419,0.00014824638516053947,0.8223162250656845,0.01635098,0.0175,0.026192683982683946,-15.484087816944704,0.10399144394747512,0.8112101211779997
825000,0.01645098,1.40349820730827,1.4237039124691198,1.4309768177856643,112.29773244878669,-0.027478610477394305,0.01352112669620779,0.00014959572732882828,0.8298009671519593,,,,,,
830000,0.01655098,1.43937794991386,1.4361903585747458,1.4420888315264557,117.2260487271943,-0.0027108816125958057,0.013601436712394046,0.00015095185549925835,0.8373233508957898,0.01655098,0.0243,0.019615844155844126,-14.82045566987112,0.10702189829615667,0.8348499048573189
835000,0.01665098,1.46633109149557,1.450491522132464,1.4541637004248815,122.6627175735364,0.012167391070688538,0.013435697180747996,0.00015230371219391545,0.8448220409500288,,,,,,
840000,0.01675098,1.46784663700141,1.4682410741263063,1.465735934206863,128.00821141813472,0.002110702794547059,0.012618842772584413,0.00015360643919158206,0.8520482107203896,0.01675098,0.0212,0.014345627705627684,-13.915167256985285,0.1098954605888423,0.8572658145434987
845000,0.01685098,1.48472103224163,1.47930407736877,1.4787620175302938,133.04902513417355,0.005959014711336197,0.011911227190106432,0.00015483294268971664,0.8588515720672695,,,,,,
850000,0.01695098,1.4752525076835,1.4852974458069457,1.4927556449644148,138.16101505673154,-0.017503137280914904,0.011940148041207056,0.0001560255114512823,0.8654666989122171,0.01695098,0.00468,0.01073930735930734,-12.833479338842924,0.11257032524842514,0.8781317358372825
855000,0.01705098,1.49342138957793,1.4931313591191386,1.5071190645059152,143.5461948701006,-0.013697674927985126,0.011841890622402212,0.00015721461338446275,0.8720625954114967,,,,,,
860000,0.01715098,1.50832596943543,1.5081452799976778,1.5217718017041513,149.02198283257042,-0.013445832268721203,0.011727113000468819,0.00015839306356560628,0.8785994071073536,0.01715098,0.00161,0.008334891774891762,-11.662104964299747,0.11501988367873939,0.8972401020225956
865000,0.01725098,1.52530438677799,1.527532830932061,1.5368887624477308,154.28081282985227,-0.011584375669740687,0.01150478327092453,0.00015955465837917595,0.8850427228152953,,,,,,
870000,0.01735098,1.5467890547073,1.5507840837773565,1.5530358371132549,159.22167410258487,-0.006246782405954887,0.011214501540113948,0.00016069062261972786,0.8913438668539083,0.01735098,0.0104,0.00539913419913419,-10.410629448473571,0.1172271571200167,0.9144584662245192
875000,0.01745098,1.5768901855847,1.570352488611619,1.5695830944259923,163.97634844787817,0.007307091158707646,0.010325342334608327,0.000161767614813464,0.8973178955239446,,,,,,
880000,0.01755098,1.59610776410601,1.58903813177471,1.5862819299472923,168.7143376649292,0.009825834158717628,0.00870706912951605,0.00016271923538667022,0.9025964932894575,0.01755098,0.00897,0.004521818181818175,-9.14597962556923,0.119182818027421,0.9297140666994951
885000,0.01765098,1.60338760655351,1.607024542525862,1.603254378132743,173.00486429389105,0.00013322842076690655,0.008875760782260426,0.00016359837688225903,0.9074730527763435,,,,,,
890000,0.01775098,1.61885127025471,1.6246691877072625,1.6217496757485057,176.7318993648,-0.0028984054937957193,0.008585455390363036,0.0001644714376908902,0.9123158829581987,0.01775098,0.00116,0.0060523809523809445,-7.806822111654561,0.12087809820114337,0.9429385050085793
895000,0.01785098,1.63995924812312,1.6412994788315531,1.6408504348180029,180.00900574830203,-0.0008911866948828617,0.008712015230206708,0.00016533631122191868,0.9171132986687024,,,,,,
900000,0.01795098,1.66363660103568,1.6595447052489747,1.6596008507812472,183.05043370658734,0.004035750254432813,0.008824010833901752,0.0001662131125251241,0.9219768772106262,0.01795098,0.00712,0.00533718614718614,-6.557439731264387,0.12231452438543526,0.9541436908853254
905000,0.01805098,1.68365153768239,1.6802588213469043,1.6774527323811887,185.6966698328197,0.0061988053012012045,0.008004944923134171,0.00016705456031297592,0.9266443513466522,,,,,,
910000,0.01815098,1.69759128355236,1.7007387424916058,1.6955981678775236,188.12012672830335,0.0019931156748365098,0.007474938531245877,0.00016782855448569493,0.9309376632250085,0.01815098,0.00246,0.003261904761904757,-5.746211665527453,0.12354488952511446,0.9637414483177202
915000,0.01825098,1.71730383209497,1.7207719573352205,1.7140371572701492,190.40665909850904,0.003266674824820903,0.006992792295349843,0.00016855194102702472,0.9349502567819135,,,,,,
920000,0.01835098,1.74225674644844,1.74055922723116,1.732769700559066,192.7548963948789,0.00948704588937388,0.006554463121714153,0.0001692293037978779,0.9387075584936877,0.01835098,0.00496,0.003201948051948047,-4.739012721196927,0.12459341196378688,0.9719206982852745
925000,0.01845098,1.76283768498122,1.7605292650412356,1.7517957977442737,194.72356515450235,0.011041887236946213,0.00642733483083972,0.0001698783936955056,0.9423080318122611,,,,,,
930000,0.01855098,1.7815212915237,1.7806464715861572,1.7711154488257725,195.738503837808,0.010405842697927437,0.006263032126341901,0.0001705129120433647,0.9458276773805586,0.01855098,0.00164,0.003509350649350644,-3.673265427383068,0.12543463977864489,0.9784828969789857
935000,0.01865098,1.79907350182555,1.800298622802526,1.7907286538035625,196.11094589390564,0.008344848021987428,0.006013295929564591,0.00017112672844616004,0.9492324901635715,,,,,,
940000,0.01875098,1.81708480150009,1.8188292551364527,1.8106354126776432,196.2042536842659,0.006449388822446833,0.006140500264710056,0.00017173441825587378,0.9526033190022883,0.01875098,0.00289,0.00341889177489177,-2.828712598675825,0.12608483758125077,0.9835549203899502
945000,0.01885098,1.83793696010314,1.8376396593753812,1.830835725448015,196.29998774632259,0.007101234655124911,0.006567713521478821,0.0001723698289451832,0.9561279143496453,,,,,,
950000,0.01895098,1.86009046939179,1.8575726567352056,1.8513295921146777,196.7538512888535,0.008760877277112167,0.00713748912542289,0.0001730550890775283,0.9599290223807638,0.01895098,0.0048,0.003596510822510817,-2.2132840590781653,0.12658903724702616,0.9874880504287844
955000,0.01905098,1.87622740331747,1.8779470479890557,1.8721170126776316,197.3150213229671,0.004110390639838313,0.0072578629472110304,0.00017377485668115998,0.9639215418482843,,,,,,
960000,0.01915098,1.89711373964771,1.8987799895100754,1.8931979871368765,197.91500289145057,0.003915752510833537,0.007309353431149836,0.00017450321750007804,0.9679617275057614,0.01915098,0.00285,0.00303824242424242,-1.7684686920222497,0.1269872125221362,0.9905941118595234
965000,0.01925098,1.92042944337643,1.918964002632281,1.9145725154924125,198.47168796502223,0.005856927884017482,0.007494938269534894,0.00017524343208511227,0.972067665486271,,,,,,
970000,0.01935098,1.93932222993284,1.9386501089325223,1.9362405977442392,198.9086135651025,0.0030816321886009135,0.007671423786645889,0.0001760017501879213,0.9762740228893577,0.01935098,0.00516,0.0027238060606060597,-1.441720755435043,0.12730823146688194,0.9930982968884297
975000,0.01945098,1.96029145884852,1.959287026013579,1.958202233892357,199.01706289205214,0.0020892249561630383,0.007543451588282931,0.00017676249395666774,0.9804938353554787,,,,,,
980000,0.01955098,1.97735786149235,1.978881819531012,1.980457423936766,198.89992227921473,-0.003099562444416115,0.007250449715168738,0.00017750218902184032,0.9845968915820015,0.01955098,-0.000464,0.0023564303030303023,-1.44814958850673,0.12759721850127612,0.995352609342329
985000,0.01965098,1.99733480967558,1.998891520873968,2.0030061678774658,198.88626283207134,-0.00567135820188569,0.006970620764674954,0.0001782132425458325,0.988541074430276,,,,,,
990000,0.01975098,2.020148985329,2.018886538414418,2.025848465714457,198.98345474015724,-0.00569948038545709,0.006853507048998735,0.0001789044489365162,0.9923751660967458,0.01975098,0.00185,0.001936115151515151,-1.5919423001241133,0.1279012276901392,0.9977241057037163
995000,0.01985098,2.03792031185338,2.038866872152365,2.048984317447739,199.14898814921807,-0.011064005594358939,0.006886113134028497,0.00017959142994566758,0.996185819756364,,,,,,
1000000,0.01995098,2.05957702154823,2.058832522087809,2.072413723077312,199.35296602738296,-0.012836701529082006,0.006866222433097801,0.0001802790467240239,1.0,0.01995098,0.00207,0.0014628606060606056,-1.3255944510035584,0.12819298136525198,1.0
